Copyright 1986-2020 Xilinx, Inc. All Rights Reserved.
-------------------------------------------------------------------------------------------------
| Tool Version              : Vivado v.2020.1 (lin64) Build 2902540 Wed May 27 19:54:35 MDT 2020
| Date                      : Tue Sep 22 23:15:10 2026
| Host                      : dipen-ubuntu-mate running 64-bit Ubuntu 24.04.3 LTS
| Command                   : report_io -file design_1_wrapper_io_placed.rpt
| Design                    : design_1_wrapper
| Device                    : xc7k480t
| Speed File                : -2
| Package                   : ffg1156
| Package Version           : FINAL 2012-06-26
| Package Pin Delay Version : VERS. 2.0 2012-06-26
-------------------------------------------------------------------------------------------------

IO Information

Table of Contents
-----------------
1. Summary
2. IO Assignments by Package Pin

1. Summary
----------

+---------------+
| Total User IO |
+---------------+
|           263 |
+---------------+


2. IO Assignments by Package Pin
--------------------------------

+------------+----------------------------+------------+------------------------------+---------------+-------------+---------+------------+------+---------------------+----------------------+---------+------------+-----------+----------+----------+------------------+--------------+-------------------+--------------+
| Pin Number | Signal Name                | Bank Type  | Pin Name                     | Use           | IO Standard | IO Bank | Drive (mA) | Slew | On-Chip Termination | Off-Chip Termination | Voltage | Constraint | Pull Type | DQS Bias | Vref     | Signal Integrity | Pre Emphasis | Lvds Pre Emphasis | Equalization |
+------------+----------------------------+------------+------------------------------+---------------+-------------+---------+------------+------+---------------------+----------------------+---------+------------+-----------+----------+----------+------------------+--------------+-------------------+--------------+
| A1         |                            |            | GND                          | GND           |             |         |            |      |                     |                      |     0.0 |            |           |          |          |                  |              |                   |              |
| A2         |                            |            | GND                          | GND           |             |         |            |      |                     |                      |     0.0 |            |           |          |          |                  |              |                   |              |
| A3         |                            |            | MGTXTXN2_117                 | Gigabit       |             |         |            |      |                     |                      |         |            |           |          |          |                  |              |                   |              |
| A4         |                            |            | MGTXTXP2_117                 | Gigabit       |             |         |            |      |                     |                      |         |            |           |          |          |                  |              |                   |              |
| A5         |                            |            | GND                          | GND           |             |         |            |      |                     |                      |     0.0 |            |           |          |          |                  |              |                   |              |
| A6         |                            |            | GND                          | GND           |             |         |            |      |                     |                      |     0.0 |            |           |          |          |                  |              |                   |              |
| A7         |                            |            | MGTXTXN1_118                 | Gigabit       |             |         |            |      |                     |                      |         |            |           |          |          |                  |              |                   |              |
| A8         |                            |            | MGTXTXP1_118                 | Gigabit       |             |         |            |      |                     |                      |         |            |           |          |          |                  |              |                   |              |
| A9         |                            |            | GND                          | GND           |             |         |            |      |                     |                      |     0.0 |            |           |          |          |                  |              |                   |              |
| A10        |                            |            | GND                          | GND           |             |         |            |      |                     |                      |     0.0 |            |           |          |          |                  |              |                   |              |
| A11        |                            |            | MGTXTXN3_118                 | Gigabit       |             |         |            |      |                     |                      |         |            |           |          |          |                  |              |                   |              |
| A12        |                            |            | MGTXTXP3_118                 | Gigabit       |             |         |            |      |                     |                      |         |            |           |          |          |                  |              |                   |              |
| A13        |                            |            | GND                          | GND           |             |         |            |      |                     |                      |     0.0 |            |           |          |          |                  |              |                   |              |
| A14        |                            |            | GND                          | GND           |             |         |            |      |                     |                      |     0.0 |            |           |          |          |                  |              |                   |              |
| A15        |                            |            | GND                          | GND           |             |         |            |      |                     |                      |     0.0 |            |           |          |          |                  |              |                   |              |
| A16        | ddr3_sdram_ch01_0_dq[37]   | High Range | IO_L17N_T2_18                | BIDIR         | SSTL15      |      18 |            | FAST |    UNTUNED_SPLIT_50 |            FP_VTT_50 |         | FIXED      |           |          | External | NONE             |              |                   |              |
| A17        |                            |            | GND                          | GND           |             |         |            |      |                     |                      |     0.0 |            |           |          |          |                  |              |                   |              |
| A18        | ddr3_sdram_ch01_0_dq[36]   | High Range | IO_L18N_T2_18                | BIDIR         | SSTL15      |      18 |            | FAST |    UNTUNED_SPLIT_50 |            FP_VTT_50 |         | FIXED      |           |          | External | NONE             |              |                   |              |
| A19        | ddr3_sdram_ch01_0_dqs_p[2] | High Range | IO_L21P_T3_DQS_18            | BIDIR         | DIFF_SSTL15 |      18 |            | FAST |                     |            FP_VTT_50 |         | FIXED      |           |          |          | NONE             |              |                   |              |
| A20        | ddr3_sdram_ch01_0_dqs_n[2] | High Range | IO_L21N_T3_DQS_18            | BIDIR         | DIFF_SSTL15 |      18 |            | FAST |                     |            FP_VTT_50 |         | FIXED      |           |          |          | NONE             |              |                   |              |
| A21        | ddr3_sdram_ch01_0_dq[17]   | High Range | IO_L22N_T3_18                | BIDIR         | SSTL15      |      18 |            | FAST |    UNTUNED_SPLIT_50 |            FP_VTT_50 |         | FIXED      |           |          | External | NONE             |              |                   |              |
| A22        |                            | High Range | VCCO_18                      | VCCO          |             |      18 |            |      |                     |                      |    1.50 |            |           |          |          |                  |              |                   |              |
| A23        | ddr3_sdram_ch01_0_dq[21]   | High Range | IO_L23N_T3_18                | BIDIR         | SSTL15      |      18 |            | FAST |    UNTUNED_SPLIT_50 |            FP_VTT_50 |         | FIXED      |           |          | External | NONE             |              |                   |              |
| A24        | ddr3_sdram_ch01_0_addr[7]  | High Range | IO_L2P_T0_17                 | OUTPUT        | SSTL15      |      17 |            | FAST |                     |            FP_VTT_50 |         | FIXED      |           |          |          | NONE             |              |                   |              |
| A25        | ddr3_sdram_ch01_0_addr[8]  | High Range | IO_L2N_T0_17                 | OUTPUT        | SSTL15      |      17 |            | FAST |                     |            FP_VTT_50 |         | FIXED      |           |          |          | NONE             |              |                   |              |
| A26        | ddr3_sdram_ch01_0_ck_n[0]  | High Range | IO_L3N_T0_DQS_17             | OUTPUT        | DIFF_SSTL15 |      17 |            | FAST |                     |            FP_VTT_50 |         | FIXED      |           |          |          | NONE             |              |                   |              |
| A27        |                            |            | GND                          | GND           |             |         |            |      |                     |                      |     0.0 |            |           |          |          |                  |              |                   |              |
| A28        | ddr3_sdram_ch01_0_cke[0]   | High Range | IO_L5N_T0_17                 | OUTPUT        | SSTL15      |      17 |            | FAST |                     |            FP_VTT_50 |         | FIXED      |           |          |          | NONE             |              |                   |              |
| A29        | ddr3_sdram_ch01_0_dq[0]    | High Range | IO_L1P_T0_16                 | BIDIR         | SSTL15      |      16 |            | FAST |    UNTUNED_SPLIT_50 |            FP_VTT_50 |         | FIXED      |           |          | External | NONE             |              |                   |              |
| A30        | ddr3_sdram_ch01_0_dq[5]    | High Range | IO_L1N_T0_16                 | BIDIR         | SSTL15      |      16 |            | FAST |    UNTUNED_SPLIT_50 |            FP_VTT_50 |         | FIXED      |           |          | External | NONE             |              |                   |              |
| A31        | ddr3_sdram_ch01_0_dq[2]    | High Range | IO_L2N_T0_16                 | BIDIR         | SSTL15      |      16 |            | FAST |    UNTUNED_SPLIT_50 |            FP_VTT_50 |         | FIXED      |           |          | External | NONE             |              |                   |              |
| A32        |                            | High Range | VCCO_16                      | VCCO          |             |      16 |            |      |                     |                      |    1.50 |            |           |          |          |                  |              |                   |              |
| A33        | ddr3_sdram_ch01_0_dq[7]    | High Range | IO_L4N_T0_16                 | BIDIR         | SSTL15      |      16 |            | FAST |    UNTUNED_SPLIT_50 |            FP_VTT_50 |         | FIXED      |           |          | External | NONE             |              |                   |              |
| A34        |                            |            | GND                          | GND           |             |         |            |      |                     |                      |     0.0 |            |           |          |          |                  |              |                   |              |
| AA1        |                            |            | GND                          | GND           |             |         |            |      |                     |                      |     0.0 |            |           |          |          |                  |              |                   |              |
| AA2        |                            |            | GND                          | GND           |             |         |            |      |                     |                      |     0.0 |            |           |          |          |                  |              |                   |              |
| AA3        |                            |            | MGTXRXN1_114                 | Gigabit       |             |         |            |      |                     |                      |         |            |           |          |          |                  |              |                   |              |
| AA4        |                            |            | MGTXRXP1_114                 | Gigabit       |             |         |            |      |                     |                      |         |            |           |          |          |                  |              |                   |              |
| AA5        |                            |            | GND                          | GND           |             |         |            |      |                     |                      |     0.0 |            |           |          |          |                  |              |                   |              |
| AA6        |                            |            | MGTAVCC_G10                  | Gigabit Power |             |         |            |      |                     |                      |         |            |           |          |          |                  |              |                   |              |
| AA7        |                            |            | MGTREFCLK1N_114              | Gigabit       |             |         |            |      |                     |                      |         |            |           |          |          |                  |              |                   |              |
| AA8        |                            |            | MGTREFCLK1P_114              | Gigabit       |             |         |            |      |                     |                      |         |            |           |          |          |                  |              |                   |              |
| AA9        |                            |            | GND                          | GND           |             |         |            |      |                     |                      |     0.0 |            |           |          |          |                  |              |                   |              |
| AA10       |                            |            | VCCINT                       | VCCINT        |             |         |            |      |                     |                      |         |            |           |          |          |                  |              |                   |              |
| AA11       |                            |            | GND                          | GND           |             |         |            |      |                     |                      |     0.0 |            |           |          |          |                  |              |                   |              |
| AA12       |                            |            | VCCINT                       | VCCINT        |             |         |            |      |                     |                      |         |            |           |          |          |                  |              |                   |              |
| AA13       |                            |            | GND                          | GND           |             |         |            |      |                     |                      |     0.0 |            |           |          |          |                  |              |                   |              |
| AA14       |                            |            | VCCINT                       | VCCINT        |             |         |            |      |                     |                      |         |            |           |          |          |                  |              |                   |              |
| AA15       |                            |            | GND                          | GND           |             |         |            |      |                     |                      |     0.0 |            |           |          |          |                  |              |                   |              |
| AA16       |                            |            | VCCAUX                       | VCCAUX        |             |         |            |      |                     |                      |    1.80 |            |           |          |          |                  |              |                   |              |
| AA17       |                            |            | GND                          | GND           |             |         |            |      |                     |                      |     0.0 |            |           |          |          |                  |              |                   |              |
| AA18       |                            |            | VCCAUX                       | VCCAUX        |             |         |            |      |                     |                      |    1.80 |            |           |          |          |                  |              |                   |              |
| AA19       |                            |            | GND                          | GND           |             |         |            |      |                     |                      |     0.0 |            |           |          |          |                  |              |                   |              |
| AA20       |                            |            | VCCBRAM                      | VCCBRAM       |             |         |            |      |                     |                      |         |            |           |          |          |                  |              |                   |              |
| AA21       |                            |            | GND                          | GND           |             |         |            |      |                     |                      |     0.0 |            |           |          |          |                  |              |                   |              |
| AA22       |                            |            | VCCINT                       | VCCINT        |             |         |            |      |                     |                      |         |            |           |          |          |                  |              |                   |              |
| AA23       |                            |            | GND                          | GND           |             |         |            |      |                     |                      |     0.0 |            |           |          |          |                  |              |                   |              |
| AA24       |                            | High Range | IO_0_14                      | User IO       |             |      14 |            |      |                     |                      |         |            |           |          |          |                  |              |                   |              |
| AA25       |                            | High Range | IO_L21P_T3_DQS_14            | User IO       |             |      14 |            |      |                     |                      |         |            |           |          |          |                  |              |                   |              |
| AA26       |                            | High Range | IO_L19P_T3_A10_D26_14        | User IO       |             |      14 |            |      |                     |                      |         |            |           |          |          |                  |              |                   |              |
| AA27       |                            |            | GND                          | GND           |             |         |            |      |                     |                      |     0.0 |            |           |          |          |                  |              |                   |              |
| AA28       |                            | High Range | IO_L13P_T2_MRCC_14           | User IO       |             |      14 |            |      |                     |                      |         |            |           |          |          |                  |              |                   |              |
| AA29       |                            | High Range | IO_L13N_T2_MRCC_14           | User IO       |             |      14 |            |      |                     |                      |         |            |           |          |          |                  |              |                   |              |
| AA30       |                            | High Range | IO_L18P_T2_A12_D28_14        | User IO       |             |      14 |            |      |                     |                      |         |            |           |          |          |                  |              |                   |              |
| AA31       |                            | High Range | IO_L18N_T2_A11_D27_14        | User IO       |             |      14 |            |      |                     |                      |         |            |           |          |          |                  |              |                   |              |
| AA32       |                            | High Range | VCCO_14                      | VCCO          |             |      14 |            |      |                     |                      |    1.80 |            |           |          |          |                  |              |                   |              |
| AA33       |                            | High Range | IO_L1P_T0_D00_MOSI_14        | User IO       |             |      14 |            |      |                     |                      |         |            |           |          |          |                  |              |                   |              |
| AA34       |                            | High Range | IO_L1N_T0_D01_DIN_14         | User IO       |             |      14 |            |      |                     |                      |         |            |           |          |          |                  |              |                   |              |
| AB1        |                            |            | MGTXTXN0_114                 | Gigabit       |             |         |            |      |                     |                      |         |            |           |          |          |                  |              |                   |              |
| AB2        |                            |            | MGTXTXP0_114                 | Gigabit       |             |         |            |      |                     |                      |         |            |           |          |          |                  |              |                   |              |
| AB3        |                            |            | GND                          | GND           |             |         |            |      |                     |                      |     0.0 |            |           |          |          |                  |              |                   |              |
| AB4        |                            |            | GND                          | GND           |             |         |            |      |                     |                      |     0.0 |            |           |          |          |                  |              |                   |              |
| AB5        |                            |            | MGTXRXN0_114                 | Gigabit       |             |         |            |      |                     |                      |         |            |           |          |          |                  |              |                   |              |
| AB6        |                            |            | MGTXRXP0_114                 | Gigabit       |             |         |            |      |                     |                      |         |            |           |          |          |                  |              |                   |              |
| AB7        |                            |            | GND                          | GND           |             |         |            |      |                     |                      |     0.0 |            |           |          |          |                  |              |                   |              |
| AB8        |                            |            | GND                          | GND           |             |         |            |      |                     |                      |     0.0 |            |           |          |          |                  |              |                   |              |
| AB9        |                            |            | GND                          | GND           |             |         |            |      |                     |                      |     0.0 |            |           |          |          |                  |              |                   |              |
| AB10       |                            |            | GND                          | GND           |             |         |            |      |                     |                      |     0.0 |            |           |          |          |                  |              |                   |              |
| AB11       |                            |            | VCCINT                       | VCCINT        |             |         |            |      |                     |                      |         |            |           |          |          |                  |              |                   |              |
| AB12       |                            |            | GND                          | GND           |             |         |            |      |                     |                      |     0.0 |            |           |          |          |                  |              |                   |              |
| AB13       |                            |            | VCCINT                       | VCCINT        |             |         |            |      |                     |                      |         |            |           |          |          |                  |              |                   |              |
| AB14       |                            |            | GND                          | GND           |             |         |            |      |                     |                      |     0.0 |            |           |          |          |                  |              |                   |              |
| AB15       |                            |            | VCCAUX                       | VCCAUX        |             |         |            |      |                     |                      |    1.80 |            |           |          |          |                  |              |                   |              |
| AB16       |                            |            | GND                          | GND           |             |         |            |      |                     |                      |     0.0 |            |           |          |          |                  |              |                   |              |
| AB17       |                            |            | VCCAUX                       | VCCAUX        |             |         |            |      |                     |                      |    1.80 |            |           |          |          |                  |              |                   |              |
| AB18       |                            |            | GND                          | GND           |             |         |            |      |                     |                      |     0.0 |            |           |          |          |                  |              |                   |              |
| AB19       |                            |            | VCCBRAM                      | VCCBRAM       |             |         |            |      |                     |                      |         |            |           |          |          |                  |              |                   |              |
| AB20       |                            |            | GND                          | GND           |             |         |            |      |                     |                      |     0.0 |            |           |          |          |                  |              |                   |              |
| AB21       |                            |            | VCCINT                       | VCCINT        |             |         |            |      |                     |                      |         |            |           |          |          |                  |              |                   |              |
| AB22       |                            |            | GND                          | GND           |             |         |            |      |                     |                      |     0.0 |            |           |          |          |                  |              |                   |              |
| AB23       |                            |            | VCCINT                       | VCCINT        |             |         |            |      |                     |                      |         |            |           |          |          |                  |              |                   |              |
| AB24       |                            |            | GND                          | GND           |             |         |            |      |                     |                      |     0.0 |            |           |          |          |                  |              |                   |              |
| AB25       |                            | High Range | IO_L21N_T3_DQS_A06_D22_14    | User IO       |             |      14 |            |      |                     |                      |         |            |           |          |          |                  |              |                   |              |
| AB26       |                            | High Range | IO_L19N_T3_A09_D25_VREF_14   | User IO       |             |      14 |            |      |                     |                      |         |            |           |          |          |                  |              |                   |              |
| AB27       |                            | High Range | IO_L20P_T3_A08_D24_14        | User IO       |             |      14 |            |      |                     |                      |         |            |           |          |          |                  |              |                   |              |
| AB28       |                            | High Range | IO_L20N_T3_A07_D23_14        | User IO       |             |      14 |            |      |                     |                      |         |            |           |          |          |                  |              |                   |              |
| AB29       |                            | High Range | VCCO_14                      | VCCO          |             |      14 |            |      |                     |                      |    1.80 |            |           |          |          |                  |              |                   |              |
| AB30       |                            | High Range | IO_L15P_T2_DQS_RDWR_B_14     | User IO       |             |      14 |            |      |                     |                      |         |            |           |          |          |                  |              |                   |              |
| AB31       |                            | High Range | IO_L15N_T2_DQS_DOUT_CSO_B_14 | User IO       |             |      14 |            |      |                     |                      |         |            |           |          |          |                  |              |                   |              |
| AB32       |                            | High Range | IO_L17P_T2_A14_D30_14        | User IO       |             |      14 |            |      |                     |                      |         |            |           |          |          |                  |              |                   |              |
| AB33       |                            | High Range | IO_L17N_T2_A13_D29_14        | User IO       |             |      14 |            |      |                     |                      |         |            |           |          |          |                  |              |                   |              |
| AB34       |                            |            | GND                          | GND           |             |         |            |      |                     |                      |     0.0 |            |           |          |          |                  |              |                   |              |
| AC1        |                            |            | GND                          | GND           |             |         |            |      |                     |                      |     0.0 |            |           |          |          |                  |              |                   |              |
| AC2        |                            |            | MGTAVTT_G10                  | Gigabit Power |             |         |            |      |                     |                      |         |            |           |          |          |                  |              |                   |              |
| AC3        |                            |            | MGTXRXN3_113                 | Gigabit       |             |         |            |      |                     |                      |         |            |           |          |          |                  |              |                   |              |
| AC4        |                            |            | MGTXRXP3_113                 | Gigabit       |             |         |            |      |                     |                      |         |            |           |          |          |                  |              |                   |              |
| AC5        |                            |            | GND                          | GND           |             |         |            |      |                     |                      |     0.0 |            |           |          |          |                  |              |                   |              |
| AC6        |                            |            | MGTAVCC_G10                  | Gigabit Power |             |         |            |      |                     |                      |         |            |           |          |          |                  |              |                   |              |
| AC7        |                            |            | MGTREFCLK0N_113              | Gigabit       |             |         |            |      |                     |                      |         |            |           |          |          |                  |              |                   |              |
| AC8        |                            |            | MGTREFCLK0P_113              | Gigabit       |             |         |            |      |                     |                      |         |            |           |          |          |                  |              |                   |              |
| AC9        |                            |            | GND                          | GND           |             |         |            |      |                     |                      |     0.0 |            |           |          |          |                  |              |                   |              |
| AC10       |                            |            | GND                          | GND           |             |         |            |      |                     |                      |     0.0 |            |           |          |          |                  |              |                   |              |
| AC11       |                            |            | GND                          | GND           |             |         |            |      |                     |                      |     0.0 |            |           |          |          |                  |              |                   |              |
| AC12       |                            |            | VCCINT                       | VCCINT        |             |         |            |      |                     |                      |         |            |           |          |          |                  |              |                   |              |
| AC13       |                            |            | GND                          | GND           |             |         |            |      |                     |                      |     0.0 |            |           |          |          |                  |              |                   |              |
| AC14       |                            |            | VCCINT                       | VCCINT        |             |         |            |      |                     |                      |         |            |           |          |          |                  |              |                   |              |
| AC15       |                            |            | GND                          | GND           |             |         |            |      |                     |                      |     0.0 |            |           |          |          |                  |              |                   |              |
| AC16       |                            |            | VCCAUX                       | VCCAUX        |             |         |            |      |                     |                      |    1.80 |            |           |          |          |                  |              |                   |              |
| AC17       |                            |            | GND                          | GND           |             |         |            |      |                     |                      |     0.0 |            |           |          |          |                  |              |                   |              |
| AC18       |                            |            | VCCAUX                       | VCCAUX        |             |         |            |      |                     |                      |    1.80 |            |           |          |          |                  |              |                   |              |
| AC19       |                            |            | GND                          | GND           |             |         |            |      |                     |                      |     0.0 |            |           |          |          |                  |              |                   |              |
| AC20       |                            |            | VCCBRAM                      | VCCBRAM       |             |         |            |      |                     |                      |         |            |           |          |          |                  |              |                   |              |
| AC21       |                            |            | GND                          | GND           |             |         |            |      |                     |                      |     0.0 |            |           |          |          |                  |              |                   |              |
| AC22       |                            |            | VCCINT                       | VCCINT        |             |         |            |      |                     |                      |         |            |           |          |          |                  |              |                   |              |
| AC23       |                            |            | GND                          | GND           |             |         |            |      |                     |                      |     0.0 |            |           |          |          |                  |              |                   |              |
| AC24       |                            | High Range | IO_25_14                     | User IO       |             |      14 |            |      |                     |                      |         |            |           |          |          |                  |              |                   |              |
| AC25       |                            | High Range | IO_L24P_T3_A01_D17_14        | User IO       |             |      14 |            |      |                     |                      |         |            |           |          |          |                  |              |                   |              |
| AC26       |                            | High Range | VCCO_14                      | VCCO          |             |      14 |            |      |                     |                      |    1.80 |            |           |          |          |                  |              |                   |              |
| AC27       |                            | High Range | IO_L22P_T3_A05_D21_14        | User IO       |             |      14 |            |      |                     |                      |         |            |           |          |          |                  |              |                   |              |
| AC28       |                            | High Range | IO_L23P_T3_A03_D19_14        | User IO       |             |      14 |            |      |                     |                      |         |            |           |          |          |                  |              |                   |              |
| AC29       |                            | High Range | IO_L23N_T3_A02_D18_14        | User IO       |             |      14 |            |      |                     |                      |         |            |           |          |          |                  |              |                   |              |
| AC30       |                            | High Range | IO_0_13                      | User IO       |             |      13 |            |      |                     |                      |         |            |           |          |          |                  |              |                   |              |
| AC31       |                            |            | GND                          | GND           |             |         |            |      |                     |                      |     0.0 |            |           |          |          |                  |              |                   |              |
| AC32       | ddr3_sdram_ch01_dq[51]     | High Range | IO_L1P_T0_13                 | BIDIR         | SSTL15      |      13 |            | FAST |    UNTUNED_SPLIT_50 |            FP_VTT_50 |         | FIXED      |           |          | External | NONE             |              |                   |              |
| AC33       | ddr3_sdram_ch01_dq[49]     | High Range | IO_L1N_T0_13                 | BIDIR         | SSTL15      |      13 |            | FAST |    UNTUNED_SPLIT_50 |            FP_VTT_50 |         | FIXED      |           |          | External | NONE             |              |                   |              |
| AC34       | ddr3_sdram_ch01_dq[53]     | High Range | IO_L2P_T0_13                 | BIDIR         | SSTL15      |      13 |            | FAST |    UNTUNED_SPLIT_50 |            FP_VTT_50 |         | FIXED      |           |          | External | NONE             |              |                   |              |
| AD1        |                            |            | MGTXTXN3_113                 | Gigabit       |             |         |            |      |                     |                      |         |            |           |          |          |                  |              |                   |              |
| AD2        |                            |            | MGTXTXP3_113                 | Gigabit       |             |         |            |      |                     |                      |         |            |           |          |          |                  |              |                   |              |
| AD3        |                            |            | MGTAVTT_G10                  | Gigabit Power |             |         |            |      |                     |                      |         |            |           |          |          |                  |              |                   |              |
| AD4        |                            |            | GND                          | GND           |             |         |            |      |                     |                      |     0.0 |            |           |          |          |                  |              |                   |              |
| AD5        |                            |            | MGTREFCLK1N_113              | Gigabit       |             |         |            |      |                     |                      |         |            |           |          |          |                  |              |                   |              |
| AD6        |                            |            | MGTREFCLK1P_113              | Gigabit       |             |         |            |      |                     |                      |         |            |           |          |          |                  |              |                   |              |
| AD7        |                            |            | GND                          | GND           |             |         |            |      |                     |                      |     0.0 |            |           |          |          |                  |              |                   |              |
| AD8        |                            |            | GND                          | GND           |             |         |            |      |                     |                      |     0.0 |            |           |          |          |                  |              |                   |              |
| AD9        |                            |            | MGTVCCAUX_G10                | Gigabit Power |             |         |            |      |                     |                      |         |            |           |          |          |                  |              |                   |              |
| AD10       |                            |            | GND                          | GND           |             |         |            |      |                     |                      |     0.0 |            |           |          |          |                  |              |                   |              |
| AD11       |                            |            | VCCINT                       | VCCINT        |             |         |            |      |                     |                      |         |            |           |          |          |                  |              |                   |              |
| AD12       |                            |            | GND                          | GND           |             |         |            |      |                     |                      |     0.0 |            |           |          |          |                  |              |                   |              |
| AD13       |                            |            | VCCINT                       | VCCINT        |             |         |            |      |                     |                      |         |            |           |          |          |                  |              |                   |              |
| AD14       |                            |            | GND                          | GND           |             |         |            |      |                     |                      |     0.0 |            |           |          |          |                  |              |                   |              |
| AD15       |                            |            | VCCAUX                       | VCCAUX        |             |         |            |      |                     |                      |    1.80 |            |           |          |          |                  |              |                   |              |
| AD16       |                            |            | GND                          | GND           |             |         |            |      |                     |                      |     0.0 |            |           |          |          |                  |              |                   |              |
| AD17       |                            |            | VCCAUX                       | VCCAUX        |             |         |            |      |                     |                      |    1.80 |            |           |          |          |                  |              |                   |              |
| AD18       |                            |            | GND                          | GND           |             |         |            |      |                     |                      |     0.0 |            |           |          |          |                  |              |                   |              |
| AD19       |                            |            | VCCBRAM                      | VCCBRAM       |             |         |            |      |                     |                      |         |            |           |          |          |                  |              |                   |              |
| AD20       |                            |            | GND                          | GND           |             |         |            |      |                     |                      |     0.0 |            |           |          |          |                  |              |                   |              |
| AD21       |                            |            | VCCINT                       | VCCINT        |             |         |            |      |                     |                      |         |            |           |          |          |                  |              |                   |              |
| AD22       |                            |            | GND                          | GND           |             |         |            |      |                     |                      |     0.0 |            |           |          |          |                  |              |                   |              |
| AD23       |                            |            | VCCINT                       | VCCINT        |             |         |            |      |                     |                      |         |            |           |          |          |                  |              |                   |              |
| AD24       |                            | High Range | IO_25_12                     | User IO       |             |      12 |            |      |                     |                      |         |            |           |          |          |                  |              |                   |              |
| AD25       |                            | High Range | IO_0_12                      | User IO       |             |      12 |            |      |                     |                      |         |            |           |          |          |                  |              |                   |              |
| AD26       |                            | High Range | IO_L24N_T3_A00_D16_14        | User IO       |             |      14 |            |      |                     |                      |         |            |           |          |          |                  |              |                   |              |
| AD27       |                            | High Range | IO_L22N_T3_A04_D20_14        | User IO       |             |      14 |            |      |                     |                      |         |            |           |          |          |                  |              |                   |              |
| AD28       |                            |            | GND                          | GND           |             |         |            |      |                     |                      |     0.0 |            |           |          |          |                  |              |                   |              |
| AD29       |                            | High Range | IO_L19P_T3_12                | User IO       |             |      12 |            |      |                     |                      |         |            |           |          |          |                  |              |                   |              |
| AD30       |                            | High Range | IO_25_13                     | User IO       |             |      13 |            |      |                     |                      |         |            |           |          |          |                  |              |                   |              |
| AD31       | ddr3_sdram_ch01_reset_n    | High Range | IO_L6P_T0_13                 | OUTPUT        | LVCMOS15    |      13 |         12 | FAST |                     |            FP_VTT_50 |         | FIXED      |           |          |          | NONE             |              |                   |              |
| AD32       |                            | High Range | IO_L6N_T0_VREF_13            | User IO       |             |      13 |            |      |                     |                      |    0.75 |            |           |          |          |                  |              |                   |              |
| AD33       |                            | High Range | VCCO_13                      | VCCO          |             |      13 |            |      |                     |                      |    1.50 |            |           |          |          |                  |              |                   |              |
| AD34       | ddr3_sdram_ch01_dq[52]     | High Range | IO_L2N_T0_13                 | BIDIR         | SSTL15      |      13 |            | FAST |    UNTUNED_SPLIT_50 |            FP_VTT_50 |         | FIXED      |           |          | External | NONE             |              |                   |              |
| AE1        |                            |            | GND                          | GND           |             |         |            |      |                     |                      |     0.0 |            |           |          |          |                  |              |                   |              |
| AE2        |                            |            | GND                          | GND           |             |         |            |      |                     |                      |     0.0 |            |           |          |          |                  |              |                   |              |
| AE3        |                            |            | MGTXRXN2_113                 | Gigabit       |             |         |            |      |                     |                      |         |            |           |          |          |                  |              |                   |              |
| AE4        |                            |            | MGTXRXP2_113                 | Gigabit       |             |         |            |      |                     |                      |         |            |           |          |          |                  |              |                   |              |
| AE5        |                            |            | GND                          | GND           |             |         |            |      |                     |                      |     0.0 |            |           |          |          |                  |              |                   |              |
| AE6        |                            |            | MGTAVCC_G10                  | Gigabit Power |             |         |            |      |                     |                      |         |            |           |          |          |                  |              |                   |              |
| AE7        |                            |            | GND                          | GND           |             |         |            |      |                     |                      |     0.0 |            |           |          |          |                  |              |                   |              |
| AE8        |                            |            | MGTVCCAUX_G10                | Gigabit Power |             |         |            |      |                     |                      |         |            |           |          |          |                  |              |                   |              |
| AE9        |                            |            | GND                          | GND           |             |         |            |      |                     |                      |     0.0 |            |           |          |          |                  |              |                   |              |
| AE10       |                            |            | GND                          | GND           |             |         |            |      |                     |                      |     0.0 |            |           |          |          |                  |              |                   |              |
| AE11       |                            |            | GND                          | GND           |             |         |            |      |                     |                      |     0.0 |            |           |          |          |                  |              |                   |              |
| AE12       |                            |            | VCCINT                       | VCCINT        |             |         |            |      |                     |                      |         |            |           |          |          |                  |              |                   |              |
| AE13       |                            |            | GND                          | GND           |             |         |            |      |                     |                      |     0.0 |            |           |          |          |                  |              |                   |              |
| AE14       |                            |            | VCCINT                       | VCCINT        |             |         |            |      |                     |                      |         |            |           |          |          |                  |              |                   |              |
| AE15       |                            |            | GND                          | GND           |             |         |            |      |                     |                      |     0.0 |            |           |          |          |                  |              |                   |              |
| AE16       |                            |            | VCCAUX                       | VCCAUX        |             |         |            |      |                     |                      |    1.80 |            |           |          |          |                  |              |                   |              |
| AE17       |                            |            | GND                          | GND           |             |         |            |      |                     |                      |     0.0 |            |           |          |          |                  |              |                   |              |
| AE18       |                            |            | VCCAUX                       | VCCAUX        |             |         |            |      |                     |                      |    1.80 |            |           |          |          |                  |              |                   |              |
| AE19       |                            |            | GND                          | GND           |             |         |            |      |                     |                      |     0.0 |            |           |          |          |                  |              |                   |              |
| AE20       |                            |            | VCCBRAM                      | VCCBRAM       |             |         |            |      |                     |                      |         |            |           |          |          |                  |              |                   |              |
| AE21       |                            |            | GND                          | GND           |             |         |            |      |                     |                      |     0.0 |            |           |          |          |                  |              |                   |              |
| AE22       |                            |            | VCCINT                       | VCCINT        |             |         |            |      |                     |                      |         |            |           |          |          |                  |              |                   |              |
| AE23       |                            |            | GND                          | GND           |             |         |            |      |                     |                      |     0.0 |            |           |          |          |                  |              |                   |              |
| AE24       | ddr3_sdram_ch01_dq[58]     | High Range | IO_L23P_T3_12                | BIDIR         | SSTL15      |      12 |            | FAST |    UNTUNED_SPLIT_50 |            FP_VTT_50 |         | FIXED      |           |          | External | NONE             |              |                   |              |
| AE25       |                            |            | GND                          | GND           |             |         |            |      |                     |                      |     0.0 |            |           |          |          |                  |              |                   |              |
| AE26       | ddr3_sdram_ch01_dq[56]     | High Range | IO_L22P_T3_12                | BIDIR         | SSTL15      |      12 |            | FAST |    UNTUNED_SPLIT_50 |            FP_VTT_50 |         | FIXED      |           |          | External | NONE             |              |                   |              |
| AE27       | ddr3_sdram_ch01_dqs_p[7]   | High Range | IO_L21P_T3_DQS_12            | BIDIR         | DIFF_SSTL15 |      12 |            | FAST |                     |            FP_VTT_50 |         | FIXED      |           |          |          | NONE             |              |                   |              |
| AE28       | ddr3_sdram_ch01_dqs_n[7]   | High Range | IO_L21N_T3_DQS_12            | BIDIR         | DIFF_SSTL15 |      12 |            | FAST |                     |            FP_VTT_50 |         | FIXED      |           |          |          | NONE             |              |                   |              |
| AE29       |                            | High Range | IO_L19N_T3_VREF_12           | User IO       |             |      12 |            |      |                     |                      |    0.75 |            |           |          |          |                  |              |                   |              |
| AE30       |                            | High Range | VCCO_13                      | VCCO          |             |      13 |            |      |                     |                      |    1.50 |            |           |          |          |                  |              |                   |              |
| AE31       | ddr3_sdram_ch01_dq[55]     | High Range | IO_L5P_T0_13                 | BIDIR         | SSTL15      |      13 |            | FAST |    UNTUNED_SPLIT_50 |            FP_VTT_50 |         | FIXED      |           |          | External | NONE             |              |                   |              |
| AE32       | ddr3_sdram_ch01_dq[48]     | High Range | IO_L5N_T0_13                 | BIDIR         | SSTL15      |      13 |            | FAST |    UNTUNED_SPLIT_50 |            FP_VTT_50 |         | FIXED      |           |          | External | NONE             |              |                   |              |
| AE33       | ddr3_sdram_ch01_dq[54]     | High Range | IO_L4P_T0_13                 | BIDIR         | SSTL15      |      13 |            | FAST |    UNTUNED_SPLIT_50 |            FP_VTT_50 |         | FIXED      |           |          | External | NONE             |              |                   |              |
| AE34       | ddr3_sdram_ch01_dqs_p[6]   | High Range | IO_L3P_T0_DQS_13             | BIDIR         | DIFF_SSTL15 |      13 |            | FAST |                     |            FP_VTT_50 |         | FIXED      |           |          |          | NONE             |              |                   |              |
| AF1        |                            |            | MGTXTXN2_113                 | Gigabit       |             |         |            |      |                     |                      |         |            |           |          |          |                  |              |                   |              |
| AF2        |                            |            | MGTXTXP2_113                 | Gigabit       |             |         |            |      |                     |                      |         |            |           |          |          |                  |              |                   |              |
| AF3        |                            |            | GND                          | GND           |             |         |            |      |                     |                      |     0.0 |            |           |          |          |                  |              |                   |              |
| AF4        |                            |            | GND                          | GND           |             |         |            |      |                     |                      |     0.0 |            |           |          |          |                  |              |                   |              |
| AF5        |                            |            | MGTXRXN1_113                 | Gigabit       |             |         |            |      |                     |                      |         |            |           |          |          |                  |              |                   |              |
| AF6        |                            |            | MGTXRXP1_113                 | Gigabit       |             |         |            |      |                     |                      |         |            |           |          |          |                  |              |                   |              |
| AF7        |                            |            | GND                          | GND           |             |         |            |      |                     |                      |     0.0 |            |           |          |          |                  |              |                   |              |
| AF8        |                            |            | GND                          | GND           |             |         |            |      |                     |                      |     0.0 |            |           |          |          |                  |              |                   |              |
| AF9        |                            |            | GND                          | GND           |             |         |            |      |                     |                      |     0.0 |            |           |          |          |                  |              |                   |              |
| AF10       |                            |            | GND                          | GND           |             |         |            |      |                     |                      |     0.0 |            |           |          |          |                  |              |                   |              |
| AF11       |                            |            | VCCINT                       | VCCINT        |             |         |            |      |                     |                      |         |            |           |          |          |                  |              |                   |              |
| AF12       |                            |            | GND                          | GND           |             |         |            |      |                     |                      |     0.0 |            |           |          |          |                  |              |                   |              |
| AF13       |                            |            | VCCINT                       | VCCINT        |             |         |            |      |                     |                      |         |            |           |          |          |                  |              |                   |              |
| AF14       |                            |            | GND                          | GND           |             |         |            |      |                     |                      |     0.0 |            |           |          |          |                  |              |                   |              |
| AF15       |                            |            | VCCAUX                       | VCCAUX        |             |         |            |      |                     |                      |    1.80 |            |           |          |          |                  |              |                   |              |
| AF16       |                            |            | GND                          | GND           |             |         |            |      |                     |                      |     0.0 |            |           |          |          |                  |              |                   |              |
| AF17       |                            |            | VCCAUX                       | VCCAUX        |             |         |            |      |                     |                      |    1.80 |            |           |          |          |                  |              |                   |              |
| AF18       |                            |            | GND                          | GND           |             |         |            |      |                     |                      |     0.0 |            |           |          |          |                  |              |                   |              |
| AF19       |                            |            | VCCBRAM                      | VCCBRAM       |             |         |            |      |                     |                      |         |            |           |          |          |                  |              |                   |              |
| AF20       |                            |            | GND                          | GND           |             |         |            |      |                     |                      |     0.0 |            |           |          |          |                  |              |                   |              |
| AF21       |                            |            | VCCINT                       | VCCINT        |             |         |            |      |                     |                      |         |            |           |          |          |                  |              |                   |              |
| AF22       |                            |            | GND                          | GND           |             |         |            |      |                     |                      |     0.0 |            |           |          |          |                  |              |                   |              |
| AF23       |                            |            | VCCINT                       | VCCINT        |             |         |            |      |                     |                      |         |            |           |          |          |                  |              |                   |              |
| AF24       | ddr3_sdram_ch01_dq[60]     | High Range | IO_L23N_T3_12                | BIDIR         | SSTL15      |      12 |            | FAST |    UNTUNED_SPLIT_50 |            FP_VTT_50 |         | FIXED      |           |          | External | NONE             |              |                   |              |
| AF25       | ddr3_sdram_ch01_dq[63]     | High Range | IO_L24P_T3_12                | BIDIR         | SSTL15      |      12 |            | FAST |    UNTUNED_SPLIT_50 |            FP_VTT_50 |         | FIXED      |           |          | External | NONE             |              |                   |              |
| AF26       | ddr3_sdram_ch01_dq[62]     | High Range | IO_L22N_T3_12                | BIDIR         | SSTL15      |      12 |            | FAST |    UNTUNED_SPLIT_50 |            FP_VTT_50 |         | FIXED      |           |          | External | NONE             |              |                   |              |
| AF27       |                            | High Range | VCCO_12                      | VCCO          |             |      12 |            |      |                     |                      |    1.50 |            |           |          |          |                  |              |                   |              |
| AF28       | ddr3_sdram_ch01_dq[59]     | High Range | IO_L20P_T3_12                | BIDIR         | SSTL15      |      12 |            | FAST |    UNTUNED_SPLIT_50 |            FP_VTT_50 |         | FIXED      |           |          | External | NONE             |              |                   |              |
| AF29       | ddr3_sdram_ch01_dq[57]     | High Range | IO_L20N_T3_12                | BIDIR         | SSTL15      |      12 |            | FAST |    UNTUNED_SPLIT_50 |            FP_VTT_50 |         | FIXED      |           |          | External | NONE             |              |                   |              |
| AF30       | ddr3_sdram_ch01_dq[47]     | High Range | IO_L8P_T1_13                 | BIDIR         | SSTL15      |      13 |            | FAST |    UNTUNED_SPLIT_50 |            FP_VTT_50 |         | FIXED      |           |          | External | NONE             |              |                   |              |
| AF31       | ddr3_sdram_ch01_dq[44]     | High Range | IO_L12P_T1_MRCC_13           | BIDIR         | SSTL15      |      13 |            | FAST |    UNTUNED_SPLIT_50 |            FP_VTT_50 |         | FIXED      |           |          | External | NONE             |              |                   |              |
| AF32       |                            |            | GND                          | GND           |             |         |            |      |                     |                      |     0.0 |            |           |          |          |                  |              |                   |              |
| AF33       | ddr3_sdram_ch01_dq[50]     | High Range | IO_L4N_T0_13                 | BIDIR         | SSTL15      |      13 |            | FAST |    UNTUNED_SPLIT_50 |            FP_VTT_50 |         | FIXED      |           |          | External | NONE             |              |                   |              |
| AF34       | ddr3_sdram_ch01_dqs_n[6]   | High Range | IO_L3N_T0_DQS_13             | BIDIR         | DIFF_SSTL15 |      13 |            | FAST |                     |            FP_VTT_50 |         | FIXED      |           |          |          | NONE             |              |                   |              |
| AG1        |                            |            | GND                          | GND           |             |         |            |      |                     |                      |     0.0 |            |           |          |          |                  |              |                   |              |
| AG2        |                            |            | MGTAVTT_G10                  | Gigabit Power |             |         |            |      |                     |                      |         |            |           |          |          |                  |              |                   |              |
| AG3        |                            |            | MGTXRXN0_113                 | Gigabit       |             |         |            |      |                     |                      |         |            |           |          |          |                  |              |                   |              |
| AG4        |                            |            | MGTXRXP0_113                 | Gigabit       |             |         |            |      |                     |                      |         |            |           |          |          |                  |              |                   |              |
| AG5        |                            |            | GND                          | GND           |             |         |            |      |                     |                      |     0.0 |            |           |          |          |                  |              |                   |              |
| AG6        |                            |            | MGTAVCC_G10                  | Gigabit Power |             |         |            |      |                     |                      |         |            |           |          |          |                  |              |                   |              |
| AG7        |                            |            | MGTREFCLK0N_112              | Gigabit       |             |         |            |      |                     |                      |         |            |           |          |          |                  |              |                   |              |
| AG8        |                            |            | MGTREFCLK0P_112              | Gigabit       |             |         |            |      |                     |                      |         |            |           |          |          |                  |              |                   |              |
| AG9        |                            |            | GND                          | GND           |             |         |            |      |                     |                      |     0.0 |            |           |          |          |                  |              |                   |              |
| AG10       |                            |            | GND                          | GND           |             |         |            |      |                     |                      |     0.0 |            |           |          |          |                  |              |                   |              |
| AG11       |                            |            | GND                          | GND           |             |         |            |      |                     |                      |     0.0 |            |           |          |          |                  |              |                   |              |
| AG12       |                            |            | GND                          | GND           |             |         |            |      |                     |                      |     0.0 |            |           |          |          |                  |              |                   |              |
| AG13       |                            |            | GND                          | GND           |             |         |            |      |                     |                      |     0.0 |            |           |          |          |                  |              |                   |              |
| AG14       |                            | Dedicated  | INIT_B_0                     | Config        |             |       0 |            |      |                     |                      |         |            |           |          |          |                  |              |                   |              |
| AG15       |                            | High Range | IO_25_11                     | User IO       |             |      11 |            |      |                     |                      |         |            |           |          |          |                  |              |                   |              |
| AG16       | ddr3_sdram_ch01_dq[1]      | High Range | IO_L18P_T2_11                | BIDIR         | SSTL15      |      11 |            | FAST |    UNTUNED_SPLIT_50 |            FP_VTT_50 |         | FIXED      |           |          | External | NONE             |              |                   |              |
| AG17       | ddr3_sdram_ch01_dq[0]      | High Range | IO_L18N_T2_11                | BIDIR         | SSTL15      |      11 |            | FAST |    UNTUNED_SPLIT_50 |            FP_VTT_50 |         | FIXED      |           |          | External | NONE             |              |                   |              |
| AG18       |                            | High Range | IO_0_11                      | User IO       |             |      11 |            |      |                     |                      |         |            |           |          |          |                  |              |                   |              |
| AG19       |                            |            | GND                          | GND           |             |         |            |      |                     |                      |     0.0 |            |           |          |          |                  |              |                   |              |
| AG20       | ddr3_sdram_ch01_dq[29]     | High Range | IO_L22P_T3_11                | BIDIR         | SSTL15      |      11 |            | FAST |    UNTUNED_SPLIT_50 |            FP_VTT_50 |         | FIXED      |           |          | External | NONE             |              |                   |              |
| AG21       | ddr3_sdram_ch01_dq[27]     | High Range | IO_L22N_T3_11                | BIDIR         | SSTL15      |      11 |            | FAST |    UNTUNED_SPLIT_50 |            FP_VTT_50 |         | FIXED      |           |          | External | NONE             |              |                   |              |
| AG22       | ddr3_sdram_ch01_dq[28]     | High Range | IO_L23P_T3_11                | BIDIR         | SSTL15      |      11 |            | FAST |    UNTUNED_SPLIT_50 |            FP_VTT_50 |         | FIXED      |           |          | External | NONE             |              |                   |              |
| AG23       | ddr3_sdram_ch01_dq[31]     | High Range | IO_L24P_T3_11                | BIDIR         | SSTL15      |      11 |            | FAST |    UNTUNED_SPLIT_50 |            FP_VTT_50 |         | FIXED      |           |          | External | NONE             |              |                   |              |
| AG24       |                            | High Range | VCCO_12                      | VCCO          |             |      12 |            |      |                     |                      |    1.50 |            |           |          |          |                  |              |                   |              |
| AG25       | ddr3_sdram_ch01_dq[61]     | High Range | IO_L24N_T3_12                | BIDIR         | SSTL15      |      12 |            | FAST |    UNTUNED_SPLIT_50 |            FP_VTT_50 |         | FIXED      |           |          | External | NONE             |              |                   |              |
| AG26       |                            | High Range | IO_L17P_T2_12                | User IO       |             |      12 |            |      |                     |                      |         |            |           |          |          |                  |              |                   |              |
| AG27       |                            | High Range | IO_L17N_T2_12                | User IO       |             |      12 |            |      |                     |                      |         |            |           |          |          |                  |              |                   |              |
| AG28       |                            | High Range | IO_L18P_T2_12                | User IO       |             |      12 |            |      |                     |                      |         |            |           |          |          |                  |              |                   |              |
| AG29       |                            |            | GND                          | GND           |             |         |            |      |                     |                      |     0.0 |            |           |          |          |                  |              |                   |              |
| AG30       | ddr3_sdram_ch01_dq[45]     | High Range | IO_L8N_T1_13                 | BIDIR         | SSTL15      |      13 |            | FAST |    UNTUNED_SPLIT_50 |            FP_VTT_50 |         | FIXED      |           |          | External | NONE             |              |                   |              |
| AG31       | ddr3_sdram_ch01_dq[46]     | High Range | IO_L12N_T1_MRCC_13           | BIDIR         | SSTL15      |      13 |            | FAST |    UNTUNED_SPLIT_50 |            FP_VTT_50 |         | FIXED      |           |          | External | NONE             |              |                   |              |
| AG32       |                            | High Range | IO_L11P_T1_SRCC_13           | User IO       |             |      13 |            |      |                     |                      |         |            |           |          |          |                  |              |                   |              |
| AG33       | ddr3_sdram_ch01_dqs_p[5]   | High Range | IO_L9P_T1_DQS_13             | BIDIR         | DIFF_SSTL15 |      13 |            | FAST |                     |            FP_VTT_50 |         | FIXED      |           |          |          | NONE             |              |                   |              |
| AG34       |                            | High Range | VCCO_13                      | VCCO          |             |      13 |            |      |                     |                      |    1.50 |            |           |          |          |                  |              |                   |              |
| AH1        |                            |            | MGTXTXN1_113                 | Gigabit       |             |         |            |      |                     |                      |         |            |           |          |          |                  |              |                   |              |
| AH2        |                            |            | MGTXTXP1_113                 | Gigabit       |             |         |            |      |                     |                      |         |            |           |          |          |                  |              |                   |              |
| AH3        |                            |            | MGTAVTT_G10                  | Gigabit Power |             |         |            |      |                     |                      |         |            |           |          |          |                  |              |                   |              |
| AH4        |                            |            | GND                          | GND           |             |         |            |      |                     |                      |     0.0 |            |           |          |          |                  |              |                   |              |
| AH5        |                            |            | MGTREFCLK1N_112              | Gigabit       |             |         |            |      |                     |                      |         |            |           |          |          |                  |              |                   |              |
| AH6        |                            |            | MGTREFCLK1P_112              | Gigabit       |             |         |            |      |                     |                      |         |            |           |          |          |                  |              |                   |              |
| AH7        |                            |            | GND                          | GND           |             |         |            |      |                     |                      |     0.0 |            |           |          |          |                  |              |                   |              |
| AH8        |                            |            | GND                          | GND           |             |         |            |      |                     |                      |     0.0 |            |           |          |          |                  |              |                   |              |
| AH9        |                            |            | MGTREFCLK0N_111              | Gigabit       |             |         |            |      |                     |                      |         |            |           |          |          |                  |              |                   |              |
| AH10       |                            |            | MGTREFCLK0P_111              | Gigabit       |             |         |            |      |                     |                      |         |            |           |          |          |                  |              |                   |              |
| AH11       |                            |            | GND                          | GND           |             |         |            |      |                     |                      |     0.0 |            |           |          |          |                  |              |                   |              |
| AH12       |                            |            | GND                          | GND           |             |         |            |      |                     |                      |     0.0 |            |           |          |          |                  |              |                   |              |
| AH13       |                            |            | GND                          | GND           |             |         |            |      |                     |                      |     0.0 |            |           |          |          |                  |              |                   |              |
| AH14       |                            | Dedicated  | DONE_0                       | Config        |             |       0 |            |      |                     |                      |         |            |           |          |          |                  |              |                   |              |
| AH15       |                            | Dedicated  | M1_0                         | Config        |             |       0 |            |      |                     |                      |         |            |           |          |          |                  |              |                   |              |
| AH16       |                            |            | GND                          | GND           |             |         |            |      |                     |                      |     0.0 |            |           |          |          |                  |              |                   |              |
| AH17       | ddr3_sdram_ch01_dq[2]      | High Range | IO_L17P_T2_11                | BIDIR         | SSTL15      |      11 |            | FAST |    UNTUNED_SPLIT_50 |            FP_VTT_50 |         | FIXED      |           |          | External | NONE             |              |                   |              |
| AH18       | ddr3_sdram_ch01_dq[4]      | High Range | IO_L17N_T2_11                | BIDIR         | SSTL15      |      11 |            | FAST |    UNTUNED_SPLIT_50 |            FP_VTT_50 |         | FIXED      |           |          | External | NONE             |              |                   |              |
| AH19       | ddr3_sdram_ch01_dq[5]      | High Range | IO_L14P_T2_SRCC_11           | BIDIR         | SSTL15      |      11 |            | FAST |    UNTUNED_SPLIT_50 |            FP_VTT_50 |         | FIXED      |           |          | External | NONE             |              |                   |              |
| AH20       | ddr3_sdram_ch01_dqs_p[3]   | High Range | IO_L21P_T3_DQS_11            | BIDIR         | DIFF_SSTL15 |      11 |            | FAST |                     |            FP_VTT_50 |         | FIXED      |           |          |          | NONE             |              |                   |              |
| AH21       |                            | High Range | VCCO_11                      | VCCO          |             |      11 |            |      |                     |                      |    1.50 |            |           |          |          |                  |              |                   |              |
| AH22       | ddr3_sdram_ch01_dq[25]     | High Range | IO_L23N_T3_11                | BIDIR         | SSTL15      |      11 |            | FAST |    UNTUNED_SPLIT_50 |            FP_VTT_50 |         | FIXED      |           |          | External | NONE             |              |                   |              |
| AH23       | ddr3_sdram_ch01_dq[30]     | High Range | IO_L24N_T3_11                | BIDIR         | SSTL15      |      11 |            | FAST |    UNTUNED_SPLIT_50 |            FP_VTT_50 |         | FIXED      |           |          | External | NONE             |              |                   |              |
| AH24       | ddr3_sdram_ch01_addr[4]    | High Range | IO_L16P_T2_12                | OUTPUT        | SSTL15      |      12 |            | FAST |                     |            FP_VTT_50 |         | FIXED      |           |          |          | NONE             |              |                   |              |
| AH25       | ddr3_sdram_ch01_addr[5]    | High Range | IO_L15P_T2_DQS_12            | OUTPUT        | SSTL15      |      12 |            | FAST |                     |            FP_VTT_50 |         | FIXED      |           |          |          | NONE             |              |                   |              |
| AH26       |                            |            | GND                          | GND           |             |         |            |      |                     |                      |     0.0 |            |           |          |          |                  |              |                   |              |
| AH27       | sys_diff_clock_clk_p       | High Range | IO_L14P_T2_SRCC_12           | INPUT         | DIFF_SSTL15 |      12 |            |      |                     |                 NONE |         | FIXED      |           |          |          | NONE             |              |                   |              |
| AH28       | sys_diff_clock_clk_n       | High Range | IO_L14N_T2_SRCC_12           | INPUT         | DIFF_SSTL15 |      12 |            |      |                     |                 NONE |         | FIXED      |           |          |          | NONE             |              |                   |              |
| AH29       |                            | High Range | IO_L18N_T2_12                | User IO       |             |      12 |            |      |                     |                      |         |            |           |          |          |                  |              |                   |              |
| AH30       |                            | High Range | IO_L10P_T1_13                | User IO       |             |      13 |            |      |                     |                      |         |            |           |          |          |                  |              |                   |              |
| AH31       |                            | High Range | VCCO_13                      | VCCO          |             |      13 |            |      |                     |                      |    1.50 |            |           |          |          |                  |              |                   |              |
| AH32       | ddr3_sdram_ch01_dq[41]     | High Range | IO_L11N_T1_SRCC_13           | BIDIR         | SSTL15      |      13 |            | FAST |    UNTUNED_SPLIT_50 |            FP_VTT_50 |         | FIXED      |           |          | External | NONE             |              |                   |              |
| AH33       | ddr3_sdram_ch01_dqs_n[5]   | High Range | IO_L9N_T1_DQS_13             | BIDIR         | DIFF_SSTL15 |      13 |            | FAST |                     |            FP_VTT_50 |         | FIXED      |           |          |          | NONE             |              |                   |              |
| AH34       | ddr3_sdram_ch01_dq[43]     | High Range | IO_L7P_T1_13                 | BIDIR         | SSTL15      |      13 |            | FAST |    UNTUNED_SPLIT_50 |            FP_VTT_50 |         | FIXED      |           |          | External | NONE             |              |                   |              |
| AJ1        |                            |            | GND                          | GND           |             |         |            |      |                     |                      |     0.0 |            |           |          |          |                  |              |                   |              |
| AJ2        |                            |            | GND                          | GND           |             |         |            |      |                     |                      |     0.0 |            |           |          |          |                  |              |                   |              |
| AJ3        |                            |            | MGTXRXN3_112                 | Gigabit       |             |         |            |      |                     |                      |         |            |           |          |          |                  |              |                   |              |
| AJ4        |                            |            | MGTXRXP3_112                 | Gigabit       |             |         |            |      |                     |                      |         |            |           |          |          |                  |              |                   |              |
| AJ5        |                            |            | GND                          | GND           |             |         |            |      |                     |                      |     0.0 |            |           |          |          |                  |              |                   |              |
| AJ6        |                            |            | MGTAVCC_G10                  | Gigabit Power |             |         |            |      |                     |                      |         |            |           |          |          |                  |              |                   |              |
| AJ7        |                            |            | MGTREFCLK1N_111              | Gigabit       |             |         |            |      |                     |                      |         |            |           |          |          |                  |              |                   |              |
| AJ8        |                            |            | MGTREFCLK1P_111              | Gigabit       |             |         |            |      |                     |                      |         |            |           |          |          |                  |              |                   |              |
| AJ9        |                            |            | MGTAVCC_G10                  | Gigabit Power |             |         |            |      |                     |                      |         |            |           |          |          |                  |              |                   |              |
| AJ10       |                            |            | GND                          | GND           |             |         |            |      |                     |                      |     0.0 |            |           |          |          |                  |              |                   |              |
| AJ11       |                            |            | MGTXRXN2_111                 | Gigabit       |             |         |            |      |                     |                      |         |            |           |          |          |                  |              |                   |              |
| AJ12       |                            |            | MGTXRXP2_111                 | Gigabit       |             |         |            |      |                     |                      |         |            |           |          |          |                  |              |                   |              |
| AJ13       |                            |            | GND                          | GND           |             |         |            |      |                     |                      |     0.0 |            |           |          |          |                  |              |                   |              |
| AJ14       |                            | Dedicated  | M2_0                         | Config        |             |       0 |            |      |                     |                      |         |            |           |          |          |                  |              |                   |              |
| AJ15       |                            | Dedicated  | M0_0                         | Config        |             |       0 |            |      |                     |                      |         |            |           |          |          |                  |              |                   |              |
| AJ16       | ddr3_sdram_ch01_dq[6]      | High Range | IO_L16P_T2_11                | BIDIR         | SSTL15      |      11 |            | FAST |    UNTUNED_SPLIT_50 |            FP_VTT_50 |         | FIXED      |           |          | External | NONE             |              |                   |              |
| AJ17       | ddr3_sdram_ch01_dq[7]      | High Range | IO_L16N_T2_11                | BIDIR         | SSTL15      |      11 |            | FAST |    UNTUNED_SPLIT_50 |            FP_VTT_50 |         | FIXED      |           |          | External | NONE             |              |                   |              |
| AJ18       |                            | High Range | VCCO_11                      | VCCO          |             |      11 |            |      |                     |                      |    1.50 |            |           |          |          |                  |              |                   |              |
| AJ19       | ddr3_sdram_ch01_dq[3]      | High Range | IO_L14N_T2_SRCC_11           | BIDIR         | SSTL15      |      11 |            | FAST |    UNTUNED_SPLIT_50 |            FP_VTT_50 |         | FIXED      |           |          | External | NONE             |              |                   |              |
| AJ20       | ddr3_sdram_ch01_dqs_n[3]   | High Range | IO_L21N_T3_DQS_11            | BIDIR         | DIFF_SSTL15 |      11 |            | FAST |                     |            FP_VTT_50 |         | FIXED      |           |          |          | NONE             |              |                   |              |
| AJ21       | ddr3_sdram_ch01_dq[24]     | High Range | IO_L20P_T3_11                | BIDIR         | SSTL15      |      11 |            | FAST |    UNTUNED_SPLIT_50 |            FP_VTT_50 |         | FIXED      |           |          | External | NONE             |              |                   |              |
| AJ22       |                            | High Range | IO_L19P_T3_11                | User IO       |             |      11 |            |      |                     |                      |         |            |           |          |          |                  |              |                   |              |
| AJ23       |                            |            | GND                          | GND           |             |         |            |      |                     |                      |     0.0 |            |           |          |          |                  |              |                   |              |
| AJ24       | ddr3_sdram_ch01_addr[7]    | High Range | IO_L16N_T2_12                | OUTPUT        | SSTL15      |      12 |            | FAST |                     |            FP_VTT_50 |         | FIXED      |           |          |          | NONE             |              |                   |              |
| AJ25       | ddr3_sdram_ch01_addr[8]    | High Range | IO_L15N_T2_DQS_12            | OUTPUT        | SSTL15      |      12 |            | FAST |                     |            FP_VTT_50 |         | FIXED      |           |          |          | NONE             |              |                   |              |
| AJ26       |                            | High Range | IO_L13P_T2_MRCC_12           | User IO       |             |      12 |            |      |                     |                      |         |            |           |          |          |                  |              |                   |              |
| AJ27       |                            | High Range | IO_L13N_T2_MRCC_12           | User IO       |             |      12 |            |      |                     |                      |         |            |           |          |          |                  |              |                   |              |
| AJ28       |                            | High Range | VCCO_12                      | VCCO          |             |      12 |            |      |                     |                      |    1.50 |            |           |          |          |                  |              |                   |              |
| AJ29       | ddr3_sdram_ch01_ras_n      | High Range | IO_L8P_T1_12                 | OUTPUT        | SSTL15      |      12 |            | FAST |                     |            FP_VTT_50 |         | FIXED      |           |          |          | NONE             |              |                   |              |
| AJ30       | ddr3_sdram_ch01_dq[42]     | High Range | IO_L10N_T1_13                | BIDIR         | SSTL15      |      13 |            | FAST |    UNTUNED_SPLIT_50 |            FP_VTT_50 |         | FIXED      |           |          | External | NONE             |              |                   |              |
| AJ31       |                            | High Range | IO_L13P_T2_MRCC_13           | User IO       |             |      13 |            |      |                     |                      |         |            |           |          |          |                  |              |                   |              |
| AJ32       | ddr3_sdram_ch01_dq[32]     | High Range | IO_L14P_T2_SRCC_13           | BIDIR         | SSTL15      |      13 |            | FAST |    UNTUNED_SPLIT_50 |            FP_VTT_50 |         | FIXED      |           |          | External | NONE             |              |                   |              |
| AJ33       |                            |            | GND                          | GND           |             |         |            |      |                     |                      |     0.0 |            |           |          |          |                  |              |                   |              |
| AJ34       | ddr3_sdram_ch01_dq[40]     | High Range | IO_L7N_T1_13                 | BIDIR         | SSTL15      |      13 |            | FAST |    UNTUNED_SPLIT_50 |            FP_VTT_50 |         | FIXED      |           |          | External | NONE             |              |                   |              |
| AK1        |                            |            | MGTXTXN0_113                 | Gigabit       |             |         |            |      |                     |                      |         |            |           |          |          |                  |              |                   |              |
| AK2        |                            |            | MGTXTXP0_113                 | Gigabit       |             |         |            |      |                     |                      |         |            |           |          |          |                  |              |                   |              |
| AK3        |                            |            | GND                          | GND           |             |         |            |      |                     |                      |     0.0 |            |           |          |          |                  |              |                   |              |
| AK4        |                            |            | GND                          | GND           |             |         |            |      |                     |                      |     0.0 |            |           |          |          |                  |              |                   |              |
| AK5        |                            |            | MGTXRXN2_112                 | Gigabit       |             |         |            |      |                     |                      |         |            |           |          |          |                  |              |                   |              |
| AK6        |                            |            | MGTXRXP2_112                 | Gigabit       |             |         |            |      |                     |                      |         |            |           |          |          |                  |              |                   |              |
| AK7        |                            |            | GND                          | GND           |             |         |            |      |                     |                      |     0.0 |            |           |          |          |                  |              |                   |              |
| AK8        |                            |            | GND                          | GND           |             |         |            |      |                     |                      |     0.0 |            |           |          |          |                  |              |                   |              |
| AK9        |                            |            | MGTXRXN3_111                 | Gigabit       |             |         |            |      |                     |                      |         |            |           |          |          |                  |              |                   |              |
| AK10       |                            |            | MGTXRXP3_111                 | Gigabit       |             |         |            |      |                     |                      |         |            |           |          |          |                  |              |                   |              |
| AK11       |                            |            | GND                          | GND           |             |         |            |      |                     |                      |     0.0 |            |           |          |          |                  |              |                   |              |
| AK12       |                            |            | MGTAVCC_G10                  | Gigabit Power |             |         |            |      |                     |                      |         |            |           |          |          |                  |              |                   |              |
| AK13       |                            |            | GND                          | GND           |             |         |            |      |                     |                      |     0.0 |            |           |          |          |                  |              |                   |              |
| AK14       |                            |            | GND                          | GND           |             |         |            |      |                     |                      |     0.0 |            |           |          |          |                  |              |                   |              |
| AK15       |                            | High Range | VCCO_11                      | VCCO          |             |      11 |            |      |                     |                      |    1.50 |            |           |          |          |                  |              |                   |              |
| AK16       | ddr3_sdram_ch01_dqs_p[0]   | High Range | IO_L15P_T2_DQS_11            | BIDIR         | DIFF_SSTL15 |      11 |            | FAST |                     |            FP_VTT_50 |         | FIXED      |           |          |          | NONE             |              |                   |              |
| AK17       | ddr3_sdram_ch01_dqs_n[0]   | High Range | IO_L15N_T2_DQS_11            | BIDIR         | DIFF_SSTL15 |      11 |            | FAST |                     |            FP_VTT_50 |         | FIXED      |           |          |          | NONE             |              |                   |              |
| AK18       |                            | High Range | IO_L13P_T2_MRCC_11           | User IO       |             |      11 |            |      |                     |                      |         |            |           |          |          |                  |              |                   |              |
| AK19       |                            | High Range | IO_L13N_T2_MRCC_11           | User IO       |             |      11 |            |      |                     |                      |         |            |           |          |          |                  |              |                   |              |
| AK20       |                            |            | GND                          | GND           |             |         |            |      |                     |                      |     0.0 |            |           |          |          |                  |              |                   |              |
| AK21       | ddr3_sdram_ch01_dq[26]     | High Range | IO_L20N_T3_11                | BIDIR         | SSTL15      |      11 |            | FAST |    UNTUNED_SPLIT_50 |            FP_VTT_50 |         | FIXED      |           |          | External | NONE             |              |                   |              |
| AK22       |                            | High Range | IO_L19N_T3_VREF_11           | User IO       |             |      11 |            |      |                     |                      |    0.75 |            |           |          |          |                  |              |                   |              |
| AK23       | ddr3_sdram_ch01_dq[18]     | High Range | IO_L1P_T0_11                 | BIDIR         | SSTL15      |      11 |            | FAST |    UNTUNED_SPLIT_50 |            FP_VTT_50 |         | FIXED      |           |          | External | NONE             |              |                   |              |
| AK24       | ddr3_sdram_ch01_addr[13]   | High Range | IO_L9P_T1_DQS_12             | OUTPUT        | SSTL15      |      12 |            | FAST |                     |            FP_VTT_50 |         | FIXED      |           |          |          | NONE             |              |                   |              |
| AK25       |                            | High Range | VCCO_12                      | VCCO          |             |      12 |            |      |                     |                      |    1.50 |            |           |          |          |                  |              |                   |              |
| AK26       | ddr3_sdram_ch01_addr[3]    | High Range | IO_L12P_T1_MRCC_12           | OUTPUT        | SSTL15      |      12 |            | FAST |                     |            FP_VTT_50 |         | FIXED      |           |          |          | NONE             |              |                   |              |
| AK27       | ddr3_sdram_ch01_addr[0]    | High Range | IO_L12N_T1_MRCC_12           | OUTPUT        | SSTL15      |      12 |            | FAST |                     |            FP_VTT_50 |         | FIXED      |           |          |          | NONE             |              |                   |              |
| AK28       | ddr3_sdram_ch01_cs_n[0]    | High Range | IO_L10P_T1_12                | OUTPUT        | SSTL15      |      12 |            | FAST |                     |            FP_VTT_50 |         | FIXED      |           |          |          | NONE             |              |                   |              |
| AK29       | ddr3_sdram_ch01_odt[0]     | High Range | IO_L8N_T1_12                 | OUTPUT        | SSTL15      |      12 |            | FAST |                     |            FP_VTT_50 |         | FIXED      |           |          |          | NONE             |              |                   |              |
| AK30       |                            |            | GND                          | GND           |             |         |            |      |                     |                      |     0.0 |            |           |          |          |                  |              |                   |              |
| AK31       | ddr3_sdram_ch01_dq[34]     | High Range | IO_L13N_T2_MRCC_13           | BIDIR         | SSTL15      |      13 |            | FAST |    UNTUNED_SPLIT_50 |            FP_VTT_50 |         | FIXED      |           |          | External | NONE             |              |                   |              |
| AK32       | ddr3_sdram_ch01_dq[33]     | High Range | IO_L14N_T2_SRCC_13           | BIDIR         | SSTL15      |      13 |            | FAST |    UNTUNED_SPLIT_50 |            FP_VTT_50 |         | FIXED      |           |          | External | NONE             |              |                   |              |
| AK33       | ddr3_sdram_ch01_dqs_p[4]   | High Range | IO_L15P_T2_DQS_13            | BIDIR         | DIFF_SSTL15 |      13 |            | FAST |                     |            FP_VTT_50 |         | FIXED      |           |          |          | NONE             |              |                   |              |
| AK34       | ddr3_sdram_ch01_dq[38]     | High Range | IO_L16P_T2_13                | BIDIR         | SSTL15      |      13 |            | FAST |    UNTUNED_SPLIT_50 |            FP_VTT_50 |         | FIXED      |           |          | External | NONE             |              |                   |              |
| AL1        |                            |            | GND                          | GND           |             |         |            |      |                     |                      |     0.0 |            |           |          |          |                  |              |                   |              |
| AL2        |                            |            | MGTAVTT_G10                  | Gigabit Power |             |         |            |      |                     |                      |         |            |           |          |          |                  |              |                   |              |
| AL3        |                            |            | MGTXRXN1_112                 | Gigabit       |             |         |            |      |                     |                      |         |            |           |          |          |                  |              |                   |              |
| AL4        |                            |            | MGTXRXP1_112                 | Gigabit       |             |         |            |      |                     |                      |         |            |           |          |          |                  |              |                   |              |
| AL5        |                            |            | GND                          | GND           |             |         |            |      |                     |                      |     0.0 |            |           |          |          |                  |              |                   |              |
| AL6        |                            |            | MGTAVTT_G10                  | Gigabit Power |             |         |            |      |                     |                      |         |            |           |          |          |                  |              |                   |              |
| AL7        |                            |            | MGTXTXN3_111                 | Gigabit       |             |         |            |      |                     |                      |         |            |           |          |          |                  |              |                   |              |
| AL8        |                            |            | MGTXTXP3_111                 | Gigabit       |             |         |            |      |                     |                      |         |            |           |          |          |                  |              |                   |              |
| AL9        |                            |            | MGTAVTT_G10                  | Gigabit Power |             |         |            |      |                     |                      |         |            |           |          |          |                  |              |                   |              |
| AL10       |                            |            | GND                          | GND           |             |         |            |      |                     |                      |     0.0 |            |           |          |          |                  |              |                   |              |
| AL11       |                            |            | MGTXRXN1_111                 | Gigabit       |             |         |            |      |                     |                      |         |            |           |          |          |                  |              |                   |              |
| AL12       |                            |            | MGTXRXP1_111                 | Gigabit       |             |         |            |      |                     |                      |         |            |           |          |          |                  |              |                   |              |
| AL13       |                            |            | GND                          | GND           |             |         |            |      |                     |                      |     0.0 |            |           |          |          |                  |              |                   |              |
| AL14       |                            |            | GND                          | GND           |             |         |            |      |                     |                      |     0.0 |            |           |          |          |                  |              |                   |              |
| AL15       |                            | Dedicated  | CFGBVS_0                     | Config        |             |       0 |            |      |                     |                      |         |            |           |          |          |                  |              |                   |              |
| AL16       | ddr3_sdram_ch01_dq[13]     | High Range | IO_L10P_T1_11                | BIDIR         | SSTL15      |      11 |            | FAST |    UNTUNED_SPLIT_50 |            FP_VTT_50 |         | FIXED      |           |          | External | NONE             |              |                   |              |
| AL17       |                            |            | GND                          | GND           |             |         |            |      |                     |                      |     0.0 |            |           |          |          |                  |              |                   |              |
| AL18       | ddr3_sdram_ch01_dq[12]     | High Range | IO_L12P_T1_MRCC_11           | BIDIR         | SSTL15      |      11 |            | FAST |    UNTUNED_SPLIT_50 |            FP_VTT_50 |         | FIXED      |           |          | External | NONE             |              |                   |              |
| AL19       | ddr3_sdram_ch01_dq[10]     | High Range | IO_L12N_T1_MRCC_11           | BIDIR         | SSTL15      |      11 |            | FAST |    UNTUNED_SPLIT_50 |            FP_VTT_50 |         | FIXED      |           |          | External | NONE             |              |                   |              |
| AL20       | ddr3_sdram_ch01_dq[8]      | High Range | IO_L11P_T1_SRCC_11           | BIDIR         | SSTL15      |      11 |            | FAST |    UNTUNED_SPLIT_50 |            FP_VTT_50 |         | FIXED      |           |          | External | NONE             |              |                   |              |
| AL21       |                            | High Range | IO_L6P_T0_11                 | User IO       |             |      11 |            |      |                     |                      |         |            |           |          |          |                  |              |                   |              |
| AL22       |                            | High Range | VCCO_11                      | VCCO          |             |      11 |            |      |                     |                      |    1.50 |            |           |          |          |                  |              |                   |              |
| AL23       | ddr3_sdram_ch01_dq[16]     | High Range | IO_L1N_T0_11                 | BIDIR         | SSTL15      |      11 |            | FAST |    UNTUNED_SPLIT_50 |            FP_VTT_50 |         | FIXED      |           |          | External | NONE             |              |                   |              |
| AL24       | ddr3_sdram_ch01_addr[2]    | High Range | IO_L9N_T1_DQS_12             | OUTPUT        | SSTL15      |      12 |            | FAST |                     |            FP_VTT_50 |         | FIXED      |           |          |          | NONE             |              |                   |              |
| AL25       | ddr3_sdram_ch01_addr[11]   | High Range | IO_L11P_T1_SRCC_12           | OUTPUT        | SSTL15      |      12 |            | FAST |                     |            FP_VTT_50 |         | FIXED      |           |          |          | NONE             |              |                   |              |
| AL26       | ddr3_sdram_ch01_addr[6]    | High Range | IO_L11N_T1_SRCC_12           | OUTPUT        | SSTL15      |      12 |            | FAST |                     |            FP_VTT_50 |         | FIXED      |           |          |          | NONE             |              |                   |              |
| AL27       |                            |            | GND                          | GND           |             |         |            |      |                     |                      |     0.0 |            |           |          |          |                  |              |                   |              |
| AL28       | ddr3_sdram_ch01_addr[10]   | High Range | IO_L10N_T1_12                | OUTPUT        | SSTL15      |      12 |            | FAST |                     |            FP_VTT_50 |         | FIXED      |           |          |          | NONE             |              |                   |              |
| AL29       | ddr3_sdram_ch01_dq[39]     | High Range | IO_L18P_T2_13                | BIDIR         | SSTL15      |      13 |            | FAST |    UNTUNED_SPLIT_50 |            FP_VTT_50 |         | FIXED      |           |          | External | NONE             |              |                   |              |
| AL30       | ddr3_sdram_ch01_dq[35]     | High Range | IO_L17P_T2_13                | BIDIR         | SSTL15      |      13 |            | FAST |    UNTUNED_SPLIT_50 |            FP_VTT_50 |         | FIXED      |           |          | External | NONE             |              |                   |              |
| AL31       | ddr3_sdram_ch01_dq[37]     | High Range | IO_L17N_T2_13                | BIDIR         | SSTL15      |      13 |            | FAST |    UNTUNED_SPLIT_50 |            FP_VTT_50 |         | FIXED      |           |          | External | NONE             |              |                   |              |
| AL32       |                            | High Range | VCCO_13                      | VCCO          |             |      13 |            |      |                     |                      |    1.50 |            |           |          |          |                  |              |                   |              |
| AL33       | ddr3_sdram_ch01_dqs_n[4]   | High Range | IO_L15N_T2_DQS_13            | BIDIR         | DIFF_SSTL15 |      13 |            | FAST |                     |            FP_VTT_50 |         | FIXED      |           |          |          | NONE             |              |                   |              |
| AL34       | ddr3_sdram_ch01_dq[36]     | High Range | IO_L16N_T2_13                | BIDIR         | SSTL15      |      13 |            | FAST |    UNTUNED_SPLIT_50 |            FP_VTT_50 |         | FIXED      |           |          | External | NONE             |              |                   |              |
| AM1        |                            |            | MGTXTXN3_112                 | Gigabit       |             |         |            |      |                     |                      |         |            |           |          |          |                  |              |                   |              |
| AM2        |                            |            | MGTXTXP3_112                 | Gigabit       |             |         |            |      |                     |                      |         |            |           |          |          |                  |              |                   |              |
| AM3        |                            |            | MGTAVTT_G10                  | Gigabit Power |             |         |            |      |                     |                      |         |            |           |          |          |                  |              |                   |              |
| AM4        |                            |            | GND                          | GND           |             |         |            |      |                     |                      |     0.0 |            |           |          |          |                  |              |                   |              |
| AM5        |                            |            | MGTXRXN0_112                 | Gigabit       |             |         |            |      |                     |                      |         |            |           |          |          |                  |              |                   |              |
| AM6        |                            |            | MGTXRXP0_112                 | Gigabit       |             |         |            |      |                     |                      |         |            |           |          |          |                  |              |                   |              |
| AM7        |                            |            | GND                          | GND           |             |         |            |      |                     |                      |     0.0 |            |           |          |          |                  |              |                   |              |
| AM8        |                            |            | GND                          | GND           |             |         |            |      |                     |                      |     0.0 |            |           |          |          |                  |              |                   |              |
| AM9        |                            |            | MGTXRXN0_111                 | Gigabit       |             |         |            |      |                     |                      |         |            |           |          |          |                  |              |                   |              |
| AM10       |                            |            | MGTXRXP0_111                 | Gigabit       |             |         |            |      |                     |                      |         |            |           |          |          |                  |              |                   |              |
| AM11       |                            |            | GND                          | GND           |             |         |            |      |                     |                      |     0.0 |            |           |          |          |                  |              |                   |              |
| AM12       |                            |            | MGTAVCC_G10                  | Gigabit Power |             |         |            |      |                     |                      |         |            |           |          |          |                  |              |                   |              |
| AM13       |                            |            | GND                          | GND           |             |         |            |      |                     |                      |     0.0 |            |           |          |          |                  |              |                   |              |
| AM14       |                            |            | GND                          | GND           |             |         |            |      |                     |                      |     0.0 |            |           |          |          |                  |              |                   |              |
| AM15       |                            | Dedicated  | PROGRAM_B_0                  | Config        |             |       0 |            |      |                     |                      |         |            |           |          |          |                  |              |                   |              |
| AM16       | ddr3_sdram_ch01_dq[11]     | High Range | IO_L10N_T1_11                | BIDIR         | SSTL15      |      11 |            | FAST |    UNTUNED_SPLIT_50 |            FP_VTT_50 |         | FIXED      |           |          | External | NONE             |              |                   |              |
| AM17       | ddr3_sdram_ch01_dqs_p[1]   | High Range | IO_L9P_T1_DQS_11             | BIDIR         | DIFF_SSTL15 |      11 |            | FAST |                     |            FP_VTT_50 |         | FIXED      |           |          |          | NONE             |              |                   |              |
| AM18       | ddr3_sdram_ch01_dqs_n[1]   | High Range | IO_L9N_T1_DQS_11             | BIDIR         | DIFF_SSTL15 |      11 |            | FAST |                     |            FP_VTT_50 |         | FIXED      |           |          |          | NONE             |              |                   |              |
| AM19       |                            | High Range | VCCO_11                      | VCCO          |             |      11 |            |      |                     |                      |    1.50 |            |           |          |          |                  |              |                   |              |
| AM20       | ddr3_sdram_ch01_dq[14]     | High Range | IO_L11N_T1_SRCC_11           | BIDIR         | SSTL15      |      11 |            | FAST |    UNTUNED_SPLIT_50 |            FP_VTT_50 |         | FIXED      |           |          | External | NONE             |              |                   |              |
| AM21       |                            | High Range | IO_L6N_T0_VREF_11            | User IO       |             |      11 |            |      |                     |                      |    0.75 |            |           |          |          |                  |              |                   |              |
| AM22       | ddr3_sdram_ch01_dq[22]     | High Range | IO_L2P_T0_11                 | BIDIR         | SSTL15      |      11 |            | FAST |    UNTUNED_SPLIT_50 |            FP_VTT_50 |         | FIXED      |           |          | External | NONE             |              |                   |              |
| AM23       | ddr3_sdram_ch01_addr[9]    | High Range | IO_L1P_T0_12                 | OUTPUT        | SSTL15      |      12 |            | FAST |                     |            FP_VTT_50 |         | FIXED      |           |          |          | NONE             |              |                   |              |
| AM24       |                            |            | GND                          | GND           |             |         |            |      |                     |                      |     0.0 |            |           |          |          |                  |              |                   |              |
| AM25       | ddr3_sdram_ch01_addr[12]   | High Range | IO_L7P_T1_12                 | OUTPUT        | SSTL15      |      12 |            | FAST |                     |            FP_VTT_50 |         | FIXED      |           |          |          | NONE             |              |                   |              |
| AM26       | ddr3_sdram_ch01_ba[0]      | High Range | IO_L7N_T1_12                 | OUTPUT        | SSTL15      |      12 |            | FAST |                     |            FP_VTT_50 |         | FIXED      |           |          |          | NONE             |              |                   |              |
| AM27       | ddr3_sdram_ch01_addr[14]   | High Range | IO_L6P_T0_12                 | OUTPUT        | SSTL15      |      12 |            | FAST |                     |            FP_VTT_50 |         | FIXED      |           |          |          | NONE             |              |                   |              |
| AM28       |                            | High Range | IO_L6N_T0_VREF_12            | User IO       |             |      12 |            |      |                     |                      |    0.75 |            |           |          |          |                  |              |                   |              |
| AM29       |                            | High Range | VCCO_13                      | VCCO          |             |      13 |            |      |                     |                      |    1.50 |            |           |          |          |                  |              |                   |              |
| AM30       |                            | High Range | IO_L18N_T2_13                | User IO       |             |      13 |            |      |                     |                      |         |            |           |          |          |                  |              |                   |              |
| AM31       | ddr3_sdram_ch01_dq[70]     | High Range | IO_L19P_T3_13                | BIDIR         | SSTL15      |      13 |            | FAST |    UNTUNED_SPLIT_50 |            FP_VTT_50 |         | FIXED      |           |          | External | NONE             |              |                   |              |
| AM32       |                            | High Range | IO_L19N_T3_VREF_13           | User IO       |             |      13 |            |      |                     |                      |    0.75 |            |           |          |          |                  |              |                   |              |
| AM33       | ddr3_sdram_ch01_dq[66]     | High Range | IO_L20P_T3_13                | BIDIR         | SSTL15      |      13 |            | FAST |    UNTUNED_SPLIT_50 |            FP_VTT_50 |         | FIXED      |           |          | External | NONE             |              |                   |              |
| AM34       |                            |            | GND                          | GND           |             |         |            |      |                     |                      |     0.0 |            |           |          |          |                  |              |                   |              |
| AN1        |                            |            | GND                          | GND           |             |         |            |      |                     |                      |     0.0 |            |           |          |          |                  |              |                   |              |
| AN2        |                            |            | GND                          | GND           |             |         |            |      |                     |                      |     0.0 |            |           |          |          |                  |              |                   |              |
| AN3        |                            |            | MGTXTXN1_112                 | Gigabit       |             |         |            |      |                     |                      |         |            |           |          |          |                  |              |                   |              |
| AN4        |                            |            | MGTXTXP1_112                 | Gigabit       |             |         |            |      |                     |                      |         |            |           |          |          |                  |              |                   |              |
| AN5        |                            |            | GND                          | GND           |             |         |            |      |                     |                      |     0.0 |            |           |          |          |                  |              |                   |              |
| AN6        |                            |            | MGTAVTT_G10                  | Gigabit Power |             |         |            |      |                     |                      |         |            |           |          |          |                  |              |                   |              |
| AN7        |                            |            | MGTXTXN2_111                 | Gigabit       |             |         |            |      |                     |                      |         |            |           |          |          |                  |              |                   |              |
| AN8        |                            |            | MGTXTXP2_111                 | Gigabit       |             |         |            |      |                     |                      |         |            |           |          |          |                  |              |                   |              |
| AN9        |                            |            | MGTAVTT_G10                  | Gigabit Power |             |         |            |      |                     |                      |         |            |           |          |          |                  |              |                   |              |
| AN10       |                            |            | GND                          | GND           |             |         |            |      |                     |                      |     0.0 |            |           |          |          |                  |              |                   |              |
| AN11       |                            |            | MGTXTXN0_111                 | Gigabit       |             |         |            |      |                     |                      |         |            |           |          |          |                  |              |                   |              |
| AN12       |                            |            | MGTXTXP0_111                 | Gigabit       |             |         |            |      |                     |                      |         |            |           |          |          |                  |              |                   |              |
| AN13       |                            |            | GND                          | GND           |             |         |            |      |                     |                      |     0.0 |            |           |          |          |                  |              |                   |              |
| AN14       |                            |            | GND                          | GND           |             |         |            |      |                     |                      |     0.0 |            |           |          |          |                  |              |                   |              |
| AN15       |                            |            | GND                          | GND           |             |         |            |      |                     |                      |     0.0 |            |           |          |          |                  |              |                   |              |
| AN16       |                            | High Range | VCCO_11                      | VCCO          |             |      11 |            |      |                     |                      |    1.50 |            |           |          |          |                  |              |                   |              |
| AN17       | ddr3_sdram_ch01_dq[9]      | High Range | IO_L7P_T1_11                 | BIDIR         | SSTL15      |      11 |            | FAST |    UNTUNED_SPLIT_50 |            FP_VTT_50 |         | FIXED      |           |          | External | NONE             |              |                   |              |
| AN18       | ddr3_sdram_ch01_dq[15]     | High Range | IO_L7N_T1_11                 | BIDIR         | SSTL15      |      11 |            | FAST |    UNTUNED_SPLIT_50 |            FP_VTT_50 |         | FIXED      |           |          | External | NONE             |              |                   |              |
| AN19       | ddr3_sdram_ch01_dq[21]     | High Range | IO_L5P_T0_11                 | BIDIR         | SSTL15      |      11 |            | FAST |    UNTUNED_SPLIT_50 |            FP_VTT_50 |         | FIXED      |           |          | External | NONE             |              |                   |              |
| AN20       | ddr3_sdram_ch01_dq[17]     | High Range | IO_L4P_T0_11                 | BIDIR         | SSTL15      |      11 |            | FAST |    UNTUNED_SPLIT_50 |            FP_VTT_50 |         | FIXED      |           |          | External | NONE             |              |                   |              |
| AN21       |                            |            | GND                          | GND           |             |         |            |      |                     |                      |     0.0 |            |           |          |          |                  |              |                   |              |
| AN22       | ddr3_sdram_ch01_dq[20]     | High Range | IO_L2N_T0_11                 | BIDIR         | SSTL15      |      11 |            | FAST |    UNTUNED_SPLIT_50 |            FP_VTT_50 |         | FIXED      |           |          | External | NONE             |              |                   |              |
| AN23       | ddr3_sdram_ch01_addr[1]    | High Range | IO_L1N_T0_12                 | OUTPUT        | SSTL15      |      12 |            | FAST |                     |            FP_VTT_50 |         | FIXED      |           |          |          | NONE             |              |                   |              |
| AN24       |                            | High Range | IO_L2P_T0_12                 | User IO       |             |      12 |            |      |                     |                      |         |            |           |          |          |                  |              |                   |              |
| AN25       | ddr3_sdram_ch01_ck_p[0]    | High Range | IO_L3P_T0_DQS_12             | OUTPUT        | DIFF_SSTL15 |      12 |            | FAST |                     |            FP_VTT_50 |         | FIXED      |           |          |          | NONE             |              |                   |              |
| AN26       |                            | High Range | VCCO_12                      | VCCO          |             |      12 |            |      |                     |                      |    1.50 |            |           |          |          |                  |              |                   |              |
| AN27       | ddr3_sdram_ch01_we_n       | High Range | IO_L5P_T0_12                 | OUTPUT        | SSTL15      |      12 |            | FAST |                     |            FP_VTT_50 |         | FIXED      |           |          |          | NONE             |              |                   |              |
| AN28       | ddr3_sdram_ch01_ba[2]      | High Range | IO_L5N_T0_12                 | OUTPUT        | SSTL15      |      12 |            | FAST |                     |            FP_VTT_50 |         | FIXED      |           |          |          | NONE             |              |                   |              |
| AN29       | ddr3_sdram_ch01_dq[67]     | High Range | IO_L24P_T3_13                | BIDIR         | SSTL15      |      13 |            | FAST |    UNTUNED_SPLIT_50 |            FP_VTT_50 |         | FIXED      |           |          | External | NONE             |              |                   |              |
| AN30       |                            | High Range | IO_L24N_T3_13                | User IO       |             |      13 |            |      |                     |                      |         |            |           |          |          |                  |              |                   |              |
| AN31       |                            |            | GND                          | GND           |             |         |            |      |                     |                      |     0.0 |            |           |          |          |                  |              |                   |              |
| AN32       | ddr3_sdram_ch01_dqs_p[8]   | High Range | IO_L21P_T3_DQS_13            | BIDIR         | DIFF_SSTL15 |      13 |            | FAST |                     |            FP_VTT_50 |         | FIXED      |           |          |          | NONE             |              |                   |              |
| AN33       |                            | High Range | VCCO_13                      | VCCO          |             |      13 |            |      |                     |                      |    1.50 |            |           |          |          |                  |              |                   |              |
| AN34       | ddr3_sdram_ch01_dq[64]     | High Range | IO_L20N_T3_13                | BIDIR         | SSTL15      |      13 |            | FAST |    UNTUNED_SPLIT_50 |            FP_VTT_50 |         | FIXED      |           |          | External | NONE             |              |                   |              |
| AP1        |                            |            | MGTXTXN2_112                 | Gigabit       |             |         |            |      |                     |                      |         |            |           |          |          |                  |              |                   |              |
| AP2        |                            |            | MGTXTXP2_112                 | Gigabit       |             |         |            |      |                     |                      |         |            |           |          |          |                  |              |                   |              |
| AP3        |                            |            | GND                          | GND           |             |         |            |      |                     |                      |     0.0 |            |           |          |          |                  |              |                   |              |
| AP4        |                            |            | GND                          | GND           |             |         |            |      |                     |                      |     0.0 |            |           |          |          |                  |              |                   |              |
| AP5        |                            |            | MGTXTXN0_112                 | Gigabit       |             |         |            |      |                     |                      |         |            |           |          |          |                  |              |                   |              |
| AP6        |                            |            | MGTXTXP0_112                 | Gigabit       |             |         |            |      |                     |                      |         |            |           |          |          |                  |              |                   |              |
| AP7        |                            |            | GND                          | GND           |             |         |            |      |                     |                      |     0.0 |            |           |          |          |                  |              |                   |              |
| AP8        |                            |            | GND                          | GND           |             |         |            |      |                     |                      |     0.0 |            |           |          |          |                  |              |                   |              |
| AP9        |                            |            | MGTXTXN1_111                 | Gigabit       |             |         |            |      |                     |                      |         |            |           |          |          |                  |              |                   |              |
| AP10       |                            |            | MGTXTXP1_111                 | Gigabit       |             |         |            |      |                     |                      |         |            |           |          |          |                  |              |                   |              |
| AP11       |                            |            | GND                          | GND           |             |         |            |      |                     |                      |     0.0 |            |           |          |          |                  |              |                   |              |
| AP12       |                            |            | MGTAVCC_G10                  | Gigabit Power |             |         |            |      |                     |                      |         |            |           |          |          |                  |              |                   |              |
| AP13       |                            |            | GND                          | GND           |             |         |            |      |                     |                      |     0.0 |            |           |          |          |                  |              |                   |              |
| AP14       |                            |            | GND                          | GND           |             |         |            |      |                     |                      |     0.0 |            |           |          |          |                  |              |                   |              |
| AP15       |                            |            | GND                          | GND           |             |         |            |      |                     |                      |     0.0 |            |           |          |          |                  |              |                   |              |
| AP16       |                            | High Range | IO_L8P_T1_11                 | User IO       |             |      11 |            |      |                     |                      |         |            |           |          |          |                  |              |                   |              |
| AP17       |                            | High Range | IO_L8N_T1_11                 | User IO       |             |      11 |            |      |                     |                      |         |            |           |          |          |                  |              |                   |              |
| AP18       |                            |            | GND                          | GND           |             |         |            |      |                     |                      |     0.0 |            |           |          |          |                  |              |                   |              |
| AP19       | ddr3_sdram_ch01_dq[19]     | High Range | IO_L5N_T0_11                 | BIDIR         | SSTL15      |      11 |            | FAST |    UNTUNED_SPLIT_50 |            FP_VTT_50 |         | FIXED      |           |          | External | NONE             |              |                   |              |
| AP20       | ddr3_sdram_ch01_dq[23]     | High Range | IO_L4N_T0_11                 | BIDIR         | SSTL15      |      11 |            | FAST |    UNTUNED_SPLIT_50 |            FP_VTT_50 |         | FIXED      |           |          | External | NONE             |              |                   |              |
| AP21       | ddr3_sdram_ch01_dqs_p[2]   | High Range | IO_L3P_T0_DQS_11             | BIDIR         | DIFF_SSTL15 |      11 |            | FAST |                     |            FP_VTT_50 |         | FIXED      |           |          |          | NONE             |              |                   |              |
| AP22       | ddr3_sdram_ch01_dqs_n[2]   | High Range | IO_L3N_T0_DQS_11             | BIDIR         | DIFF_SSTL15 |      11 |            | FAST |                     |            FP_VTT_50 |         | FIXED      |           |          |          | NONE             |              |                   |              |
| AP23       |                            | High Range | VCCO_12                      | VCCO          |             |      12 |            |      |                     |                      |    1.50 |            |           |          |          |                  |              |                   |              |
| AP24       | ddr3_sdram_ch01_ba[1]      | High Range | IO_L2N_T0_12                 | OUTPUT        | SSTL15      |      12 |            | FAST |                     |            FP_VTT_50 |         | FIXED      |           |          |          | NONE             |              |                   |              |
| AP25       | ddr3_sdram_ch01_ck_n[0]    | High Range | IO_L3N_T0_DQS_12             | OUTPUT        | DIFF_SSTL15 |      12 |            | FAST |                     |            FP_VTT_50 |         | FIXED      |           |          |          | NONE             |              |                   |              |
| AP26       | ddr3_sdram_ch01_cas_n      | High Range | IO_L4P_T0_12                 | OUTPUT        | SSTL15      |      12 |            | FAST |                     |            FP_VTT_50 |         | FIXED      |           |          |          | NONE             |              |                   |              |
| AP27       | ddr3_sdram_ch01_cke[0]     | High Range | IO_L4N_T0_12                 | OUTPUT        | SSTL15      |      12 |            | FAST |                     |            FP_VTT_50 |         | FIXED      |           |          |          | NONE             |              |                   |              |
| AP28       |                            |            | GND                          | GND           |             |         |            |      |                     |                      |     0.0 |            |           |          |          |                  |              |                   |              |
| AP29       | ddr3_sdram_ch01_dq[69]     | High Range | IO_L23P_T3_13                | BIDIR         | SSTL15      |      13 |            | FAST |    UNTUNED_SPLIT_50 |            FP_VTT_50 |         | FIXED      |           |          | External | NONE             |              |                   |              |
| AP30       | ddr3_sdram_ch01_dq[65]     | High Range | IO_L23N_T3_13                | BIDIR         | SSTL15      |      13 |            | FAST |    UNTUNED_SPLIT_50 |            FP_VTT_50 |         | FIXED      |           |          | External | NONE             |              |                   |              |
| AP31       | ddr3_sdram_ch01_dq[71]     | High Range | IO_L22P_T3_13                | BIDIR         | SSTL15      |      13 |            | FAST |    UNTUNED_SPLIT_50 |            FP_VTT_50 |         | FIXED      |           |          | External | NONE             |              |                   |              |
| AP32       | ddr3_sdram_ch01_dq[68]     | High Range | IO_L22N_T3_13                | BIDIR         | SSTL15      |      13 |            | FAST |    UNTUNED_SPLIT_50 |            FP_VTT_50 |         | FIXED      |           |          | External | NONE             |              |                   |              |
| AP33       | ddr3_sdram_ch01_dqs_n[8]   | High Range | IO_L21N_T3_DQS_13            | BIDIR         | DIFF_SSTL15 |      13 |            | FAST |                     |            FP_VTT_50 |         | FIXED      |           |          |          | NONE             |              |                   |              |
| AP34       |                            |            | GND                          | GND           |             |         |            |      |                     |                      |     0.0 |            |           |          |          |                  |              |                   |              |
| B1         |                            |            | MGTXTXN1_117                 | Gigabit       |             |         |            |      |                     |                      |         |            |           |          |          |                  |              |                   |              |
| B2         |                            |            | MGTXTXP1_117                 | Gigabit       |             |         |            |      |                     |                      |         |            |           |          |          |                  |              |                   |              |
| B3         |                            |            | GND                          | GND           |             |         |            |      |                     |                      |     0.0 |            |           |          |          |                  |              |                   |              |
| B4         |                            |            | GND                          | GND           |             |         |            |      |                     |                      |     0.0 |            |           |          |          |                  |              |                   |              |
| B5         |                            |            | MGTXTXN3_117                 | Gigabit       |             |         |            |      |                     |                      |         |            |           |          |          |                  |              |                   |              |
| B6         |                            |            | MGTXTXP3_117                 | Gigabit       |             |         |            |      |                     |                      |         |            |           |          |          |                  |              |                   |              |
| B7         |                            |            | GND                          | GND           |             |         |            |      |                     |                      |     0.0 |            |           |          |          |                  |              |                   |              |
| B8         |                            |            | GND                          | GND           |             |         |            |      |                     |                      |     0.0 |            |           |          |          |                  |              |                   |              |
| B9         |                            |            | MGTXTXN2_118                 | Gigabit       |             |         |            |      |                     |                      |         |            |           |          |          |                  |              |                   |              |
| B10        |                            |            | MGTXTXP2_118                 | Gigabit       |             |         |            |      |                     |                      |         |            |           |          |          |                  |              |                   |              |
| B11        |                            |            | GND                          | GND           |             |         |            |      |                     |                      |     0.0 |            |           |          |          |                  |              |                   |              |
| B12        |                            |            | MGTAVCC_G11                  | Gigabit Power |             |         |            |      |                     |                      |         |            |           |          |          |                  |              |                   |              |
| B13        |                            |            | GND                          | GND           |             |         |            |      |                     |                      |     0.0 |            |           |          |          |                  |              |                   |              |
| B14        |                            |            | GND                          | GND           |             |         |            |      |                     |                      |     0.0 |            |           |          |          |                  |              |                   |              |
| B15        |                            |            | GND                          | GND           |             |         |            |      |                     |                      |     0.0 |            |           |          |          |                  |              |                   |              |
| B16        | ddr3_sdram_ch01_0_dq[35]   | High Range | IO_L17P_T2_18                | BIDIR         | SSTL15      |      18 |            | FAST |    UNTUNED_SPLIT_50 |            FP_VTT_50 |         | FIXED      |           |          | External | NONE             |              |                   |              |
| B17        | ddr3_sdram_ch01_0_dq[39]   | High Range | IO_L16N_T2_18                | BIDIR         | SSTL15      |      18 |            | FAST |    UNTUNED_SPLIT_50 |            FP_VTT_50 |         | FIXED      |           |          | External | NONE             |              |                   |              |
| B18        | ddr3_sdram_ch01_0_dq[32]   | High Range | IO_L18P_T2_18                | BIDIR         | SSTL15      |      18 |            | FAST |    UNTUNED_SPLIT_50 |            FP_VTT_50 |         | FIXED      |           |          | External | NONE             |              |                   |              |
| B19        |                            | High Range | VCCO_18                      | VCCO          |             |      18 |            |      |                     |                      |    1.50 |            |           |          |          |                  |              |                   |              |
| B20        | ddr3_sdram_ch01_0_dq[19]   | High Range | IO_L20N_T3_18                | BIDIR         | SSTL15      |      18 |            | FAST |    UNTUNED_SPLIT_50 |            FP_VTT_50 |         | FIXED      |           |          | External | NONE             |              |                   |              |
| B21        | ddr3_sdram_ch01_0_dq[23]   | High Range | IO_L22P_T3_18                | BIDIR         | SSTL15      |      18 |            | FAST |    UNTUNED_SPLIT_50 |            FP_VTT_50 |         | FIXED      |           |          | External | NONE             |              |                   |              |
| B22        | ddr3_sdram_ch01_0_dq[20]   | High Range | IO_L23P_T3_18                | BIDIR         | SSTL15      |      18 |            | FAST |    UNTUNED_SPLIT_50 |            FP_VTT_50 |         | FIXED      |           |          | External | NONE             |              |                   |              |
| B23        | ddr3_sdram_ch01_0_dq[16]   | High Range | IO_L24N_T3_18                | BIDIR         | SSTL15      |      18 |            | FAST |    UNTUNED_SPLIT_50 |            FP_VTT_50 |         | FIXED      |           |          | External | NONE             |              |                   |              |
| B24        |                            |            | GND                          | GND           |             |         |            |      |                     |                      |     0.0 |            |           |          |          |                  |              |                   |              |
| B25        | ddr3_sdram_ch01_0_ck_p[0]  | High Range | IO_L3P_T0_DQS_17             | OUTPUT        | DIFF_SSTL15 |      17 |            | FAST |                     |            FP_VTT_50 |         | FIXED      |           |          |          | NONE             |              |                   |              |
| B26        | ddr3_sdram_ch01_0_addr[14] | High Range | IO_L4P_T0_17                 | OUTPUT        | SSTL15      |      17 |            | FAST |                     |            FP_VTT_50 |         | FIXED      |           |          |          | NONE             |              |                   |              |
| B27        | ddr3_sdram_ch01_0_odt[0]   | High Range | IO_L4N_T0_17                 | OUTPUT        | SSTL15      |      17 |            | FAST |                     |            FP_VTT_50 |         | FIXED      |           |          |          | NONE             |              |                   |              |
| B28        | ddr3_sdram_ch01_0_addr[2]  | High Range | IO_L5P_T0_17                 | OUTPUT        | SSTL15      |      17 |            | FAST |                     |            FP_VTT_50 |         | FIXED      |           |          |          | NONE             |              |                   |              |
| B29        |                            | High Range | VCCO_16                      | VCCO          |             |      16 |            |      |                     |                      |    1.50 |            |           |          |          |                  |              |                   |              |
| B30        | ddr3_sdram_ch01_0_dq[6]    | High Range | IO_L2P_T0_16                 | BIDIR         | SSTL15      |      16 |            | FAST |    UNTUNED_SPLIT_50 |            FP_VTT_50 |         | FIXED      |           |          | External | NONE             |              |                   |              |
| B31        | ddr3_sdram_ch01_0_dqs_p[0] | High Range | IO_L3P_T0_DQS_16             | BIDIR         | DIFF_SSTL15 |      16 |            | FAST |                     |            FP_VTT_50 |         | FIXED      |           |          |          | NONE             |              |                   |              |
| B32        | ddr3_sdram_ch01_0_dqs_n[0] | High Range | IO_L3N_T0_DQS_16             | BIDIR         | DIFF_SSTL15 |      16 |            | FAST |                     |            FP_VTT_50 |         | FIXED      |           |          |          | NONE             |              |                   |              |
| B33        | ddr3_sdram_ch01_0_dq[1]    | High Range | IO_L4P_T0_16                 | BIDIR         | SSTL15      |      16 |            | FAST |    UNTUNED_SPLIT_50 |            FP_VTT_50 |         | FIXED      |           |          | External | NONE             |              |                   |              |
| B34        |                            |            | GND                          | GND           |             |         |            |      |                     |                      |     0.0 |            |           |          |          |                  |              |                   |              |
| C1         |                            |            | GND                          | GND           |             |         |            |      |                     |                      |     0.0 |            |           |          |          |                  |              |                   |              |
| C2         |                            |            | MGTAVTT_G11                  | Gigabit Power |             |         |            |      |                     |                      |         |            |           |          |          |                  |              |                   |              |
| C3         |                            |            | MGTXRXN3_117                 | Gigabit       |             |         |            |      |                     |                      |         |            |           |          |          |                  |              |                   |              |
| C4         |                            |            | MGTXRXP3_117                 | Gigabit       |             |         |            |      |                     |                      |         |            |           |          |          |                  |              |                   |              |
| C5         |                            |            | GND                          | GND           |             |         |            |      |                     |                      |     0.0 |            |           |          |          |                  |              |                   |              |
| C6         |                            |            | MGTAVTT_G11                  | Gigabit Power |             |         |            |      |                     |                      |         |            |           |          |          |                  |              |                   |              |
| C7         |                            |            | MGTXTXN0_118                 | Gigabit       |             |         |            |      |                     |                      |         |            |           |          |          |                  |              |                   |              |
| C8         |                            |            | MGTXTXP0_118                 | Gigabit       |             |         |            |      |                     |                      |         |            |           |          |          |                  |              |                   |              |
| C9         |                            |            | MGTAVTT_G11                  | Gigabit Power |             |         |            |      |                     |                      |         |            |           |          |          |                  |              |                   |              |
| C10        |                            |            | GND                          | GND           |             |         |            |      |                     |                      |     0.0 |            |           |          |          |                  |              |                   |              |
| C11        |                            |            | MGTXRXN3_118                 | Gigabit       |             |         |            |      |                     |                      |         |            |           |          |          |                  |              |                   |              |
| C12        |                            |            | MGTXRXP3_118                 | Gigabit       |             |         |            |      |                     |                      |         |            |           |          |          |                  |              |                   |              |
| C13        |                            |            | GND                          | GND           |             |         |            |      |                     |                      |     0.0 |            |           |          |          |                  |              |                   |              |
| C14        |                            |            | GND                          | GND           |             |         |            |      |                     |                      |     0.0 |            |           |          |          |                  |              |                   |              |
| C15        |                            | Dedicated  | VCCBATT_0                    | Config        |             |       0 |            |      |                     |                      |         |            |           |          |          |                  |              |                   |              |
| C16        |                            | High Range | VCCO_18                      | VCCO          |             |      18 |            |      |                     |                      |    1.50 |            |           |          |          |                  |              |                   |              |
| C17        | ddr3_sdram_ch01_0_dq[33]   | High Range | IO_L16P_T2_18                | BIDIR         | SSTL15      |      18 |            | FAST |    UNTUNED_SPLIT_50 |            FP_VTT_50 |         | FIXED      |           |          | External | NONE             |              |                   |              |
| C18        | ddr3_sdram_ch01_0_dq[38]   | High Range | IO_L14P_T2_SRCC_18           | BIDIR         | SSTL15      |      18 |            | FAST |    UNTUNED_SPLIT_50 |            FP_VTT_50 |         | FIXED      |           |          | External | NONE             |              |                   |              |
| C19        | ddr3_sdram_ch01_0_dq[34]   | High Range | IO_L14N_T2_SRCC_18           | BIDIR         | SSTL15      |      18 |            | FAST |    UNTUNED_SPLIT_50 |            FP_VTT_50 |         | FIXED      |           |          | External | NONE             |              |                   |              |
| C20        | ddr3_sdram_ch01_0_dq[22]   | High Range | IO_L20P_T3_18                | BIDIR         | SSTL15      |      18 |            | FAST |    UNTUNED_SPLIT_50 |            FP_VTT_50 |         | FIXED      |           |          | External | NONE             |              |                   |              |
| C21        |                            |            | GND                          | GND           |             |         |            |      |                     |                      |     0.0 |            |           |          |          |                  |              |                   |              |
| C22        |                            | High Range | IO_L19N_T3_VREF_18           | User IO       |             |      18 |            |      |                     |                      |    0.75 |            |           |          |          |                  |              |                   |              |
| C23        | ddr3_sdram_ch01_0_dq[18]   | High Range | IO_L24P_T3_18                | BIDIR         | SSTL15      |      18 |            | FAST |    UNTUNED_SPLIT_50 |            FP_VTT_50 |         | FIXED      |           |          | External | NONE             |              |                   |              |
| C24        | ddr3_sdram_ch01_0_addr[4]  | High Range | IO_L1P_T0_17                 | OUTPUT        | SSTL15      |      17 |            | FAST |                     |            FP_VTT_50 |         | FIXED      |           |          |          | NONE             |              |                   |              |
| C25        | ddr3_sdram_ch01_0_addr[6]  | High Range | IO_L1N_T0_17                 | OUTPUT        | SSTL15      |      17 |            | FAST |                     |            FP_VTT_50 |         | FIXED      |           |          |          | NONE             |              |                   |              |
| C26        |                            | High Range | VCCO_17                      | VCCO          |             |      17 |            |      |                     |                      |    1.50 |            |           |          |          |                  |              |                   |              |
| C27        | ddr3_sdram_ch01_0_addr[1]  | High Range | IO_L6P_T0_17                 | OUTPUT        | SSTL15      |      17 |            | FAST |                     |            FP_VTT_50 |         | FIXED      |           |          |          | NONE             |              |                   |              |
| C28        |                            | High Range | IO_L6N_T0_VREF_17            | User IO       |             |      17 |            |      |                     |                      |    0.75 |            |           |          |          |                  |              |                   |              |
| C29        |                            | High Range | IO_L6P_T0_16                 | User IO       |             |      16 |            |      |                     |                      |         |            |           |          |          |                  |              |                   |              |
| C30        |                            | High Range | IO_L6N_T0_VREF_16            | User IO       |             |      16 |            |      |                     |                      |    0.75 |            |           |          |          |                  |              |                   |              |
| C31        |                            |            | GND                          | GND           |             |         |            |      |                     |                      |     0.0 |            |           |          |          |                  |              |                   |              |
| C32        | ddr3_sdram_ch01_0_dq[4]    | High Range | IO_L5P_T0_16                 | BIDIR         | SSTL15      |      16 |            | FAST |    UNTUNED_SPLIT_50 |            FP_VTT_50 |         | FIXED      |           |          | External | NONE             |              |                   |              |
| C33        | ddr3_sdram_ch01_0_dq[3]    | High Range | IO_L5N_T0_16                 | BIDIR         | SSTL15      |      16 |            | FAST |    UNTUNED_SPLIT_50 |            FP_VTT_50 |         | FIXED      |           |          | External | NONE             |              |                   |              |
| C34        | ddr3_sdram_ch01_0_dqs_n[1] | High Range | IO_L9N_T1_DQS_16             | BIDIR         | DIFF_SSTL15 |      16 |            | FAST |                     |            FP_VTT_50 |         | FIXED      |           |          |          | NONE             |              |                   |              |
| D1         |                            |            | MGTXTXN0_117                 | Gigabit       |             |         |            |      |                     |                      |         |            |           |          |          |                  |              |                   |              |
| D2         |                            |            | MGTXTXP0_117                 | Gigabit       |             |         |            |      |                     |                      |         |            |           |          |          |                  |              |                   |              |
| D3         |                            |            | MGTAVTT_G11                  | Gigabit Power |             |         |            |      |                     |                      |         |            |           |          |          |                  |              |                   |              |
| D4         |                            |            | GND                          | GND           |             |         |            |      |                     |                      |     0.0 |            |           |          |          |                  |              |                   |              |
| D5         |                            |            | MGTXRXN2_117                 | Gigabit       |             |         |            |      |                     |                      |         |            |           |          |          |                  |              |                   |              |
| D6         |                            |            | MGTXRXP2_117                 | Gigabit       |             |         |            |      |                     |                      |         |            |           |          |          |                  |              |                   |              |
| D7         |                            |            | GND                          | GND           |             |         |            |      |                     |                      |     0.0 |            |           |          |          |                  |              |                   |              |
| D8         |                            |            | GND                          | GND           |             |         |            |      |                     |                      |     0.0 |            |           |          |          |                  |              |                   |              |
| D9         |                            |            | MGTXRXN2_118                 | Gigabit       |             |         |            |      |                     |                      |         |            |           |          |          |                  |              |                   |              |
| D10        |                            |            | MGTXRXP2_118                 | Gigabit       |             |         |            |      |                     |                      |         |            |           |          |          |                  |              |                   |              |
| D11        |                            |            | GND                          | GND           |             |         |            |      |                     |                      |     0.0 |            |           |          |          |                  |              |                   |              |
| D12        |                            |            | MGTAVCC_G11                  | Gigabit Power |             |         |            |      |                     |                      |         |            |           |          |          |                  |              |                   |              |
| D13        |                            |            | GND                          | GND           |             |         |            |      |                     |                      |     0.0 |            |           |          |          |                  |              |                   |              |
| D14        |                            |            | GND                          | GND           |             |         |            |      |                     |                      |     0.0 |            |           |          |          |                  |              |                   |              |
| D15        |                            | Dedicated  | CCLK_0                       | Config        |             |       0 |            |      |                     |                      |         |            |           |          |          |                  |              |                   |              |
| D16        | ddr3_sdram_ch01_0_dqs_p[4] | High Range | IO_L15P_T2_DQS_18            | BIDIR         | DIFF_SSTL15 |      18 |            | FAST |                     |            FP_VTT_50 |         | FIXED      |           |          |          | NONE             |              |                   |              |
| D17        | ddr3_sdram_ch01_0_dqs_n[4] | High Range | IO_L15N_T2_DQS_18            | BIDIR         | DIFF_SSTL15 |      18 |            | FAST |                     |            FP_VTT_50 |         | FIXED      |           |          |          | NONE             |              |                   |              |
| D18        |                            |            | GND                          | GND           |             |         |            |      |                     |                      |     0.0 |            |           |          |          |                  |              |                   |              |
| D19        |                            | High Range | IO_L13N_T2_MRCC_18           | User IO       |             |      18 |            |      |                     |                      |         |            |           |          |          |                  |              |                   |              |
| D20        | ddr3_sdram_ch01_0_dq[56]   | High Range | IO_L11P_T1_SRCC_18           | BIDIR         | SSTL15      |      18 |            | FAST |    UNTUNED_SPLIT_50 |            FP_VTT_50 |         | FIXED      |           |          | External | NONE             |              |                   |              |
| D21        | ddr3_sdram_ch01_0_dq[61]   | High Range | IO_L11N_T1_SRCC_18           | BIDIR         | SSTL15      |      18 |            | FAST |    UNTUNED_SPLIT_50 |            FP_VTT_50 |         | FIXED      |           |          | External | NONE             |              |                   |              |
| D22        |                            | High Range | IO_L19P_T3_18                | User IO       |             |      18 |            |      |                     |                      |         |            |           |          |          |                  |              |                   |              |
| D23        |                            | High Range | VCCO_18                      | VCCO          |             |      18 |            |      |                     |                      |    1.50 |            |           |          |          |                  |              |                   |              |
| D24        | ddr3_sdram_ch01_0_addr[5]  | High Range | IO_L9P_T1_DQS_17             | OUTPUT        | SSTL15      |      17 |            | FAST |                     |            FP_VTT_50 |         | FIXED      |           |          |          | NONE             |              |                   |              |
| D25        | ddr3_sdram_ch01_0_addr[13] | High Range | IO_L9N_T1_DQS_17             | OUTPUT        | SSTL15      |      17 |            | FAST |                     |            FP_VTT_50 |         | FIXED      |           |          |          | NONE             |              |                   |              |
| D26        | ddr3_sdram_ch01_0_addr[11] | High Range | IO_L8P_T1_17                 | OUTPUT        | SSTL15      |      17 |            | FAST |                     |            FP_VTT_50 |         | FIXED      |           |          |          | NONE             |              |                   |              |
| D27        | ddr3_sdram_ch01_0_addr[3]  | High Range | IO_L8N_T1_17                 | OUTPUT        | SSTL15      |      17 |            | FAST |                     |            FP_VTT_50 |         | FIXED      |           |          |          | NONE             |              |                   |              |
| D28        |                            |            | GND                          | GND           |             |         |            |      |                     |                      |     0.0 |            |           |          |          |                  |              |                   |              |
| D29        | ddr3_sdram_ch01_0_dq[11]   | High Range | IO_L7P_T1_16                 | BIDIR         | SSTL15      |      16 |            | FAST |    UNTUNED_SPLIT_50 |            FP_VTT_50 |         | FIXED      |           |          | External | NONE             |              |                   |              |
| D30        | ddr3_sdram_ch01_0_dq[10]   | High Range | IO_L7N_T1_16                 | BIDIR         | SSTL15      |      16 |            | FAST |    UNTUNED_SPLIT_50 |            FP_VTT_50 |         | FIXED      |           |          | External | NONE             |              |                   |              |
| D31        | ddr3_sdram_ch01_0_dq[8]    | High Range | IO_L11N_T1_SRCC_16           | BIDIR         | SSTL15      |      16 |            | FAST |    UNTUNED_SPLIT_50 |            FP_VTT_50 |         | FIXED      |           |          | External | NONE             |              |                   |              |
| D32        |                            | High Range | IO_L12N_T1_MRCC_16           | User IO       |             |      16 |            |      |                     |                      |         |            |           |          |          |                  |              |                   |              |
| D33        |                            | High Range | VCCO_16                      | VCCO          |             |      16 |            |      |                     |                      |    1.50 |            |           |          |          |                  |              |                   |              |
| D34        | ddr3_sdram_ch01_0_dqs_p[1] | High Range | IO_L9P_T1_DQS_16             | BIDIR         | DIFF_SSTL15 |      16 |            | FAST |                     |            FP_VTT_50 |         | FIXED      |           |          |          | NONE             |              |                   |              |
| E1         |                            |            | GND                          | GND           |             |         |            |      |                     |                      |     0.0 |            |           |          |          |                  |              |                   |              |
| E2         |                            |            | GND                          | GND           |             |         |            |      |                     |                      |     0.0 |            |           |          |          |                  |              |                   |              |
| E3         |                            |            | MGTXRXN1_117                 | Gigabit       |             |         |            |      |                     |                      |         |            |           |          |          |                  |              |                   |              |
| E4         |                            |            | MGTXRXP1_117                 | Gigabit       |             |         |            |      |                     |                      |         |            |           |          |          |                  |              |                   |              |
| E5         |                            |            | GND                          | GND           |             |         |            |      |                     |                      |     0.0 |            |           |          |          |                  |              |                   |              |
| E6         |                            |            | MGTAVTT_G11                  | Gigabit Power |             |         |            |      |                     |                      |         |            |           |          |          |                  |              |                   |              |
| E7         |                            |            | MGTREFCLK0N_118              | Gigabit       |             |         |            |      |                     |                      |         |            |           |          |          |                  |              |                   |              |
| E8         |                            |            | MGTREFCLK0P_118              | Gigabit       |             |         |            |      |                     |                      |         |            |           |          |          |                  |              |                   |              |
| E9         |                            |            | MGTAVTT_G11                  | Gigabit Power |             |         |            |      |                     |                      |         |            |           |          |          |                  |              |                   |              |
| E10        |                            |            | GND                          | GND           |             |         |            |      |                     |                      |     0.0 |            |           |          |          |                  |              |                   |              |
| E11        |                            |            | MGTXRXN1_118                 | Gigabit       |             |         |            |      |                     |                      |         |            |           |          |          |                  |              |                   |              |
| E12        |                            |            | MGTXRXP1_118                 | Gigabit       |             |         |            |      |                     |                      |         |            |           |          |          |                  |              |                   |              |
| E13        |                            |            | GND                          | GND           |             |         |            |      |                     |                      |     0.0 |            |           |          |          |                  |              |                   |              |
| E14        |                            |            | GND                          | GND           |             |         |            |      |                     |                      |     0.0 |            |           |          |          |                  |              |                   |              |
| E15        |                            |            | GND                          | GND           |             |         |            |      |                     |                      |     0.0 |            |           |          |          |                  |              |                   |              |
| E16        | ddr3_sdram_ch01_0_dq[50]   | High Range | IO_L4N_T0_18                 | BIDIR         | SSTL15      |      18 |            | FAST |    UNTUNED_SPLIT_50 |            FP_VTT_50 |         | FIXED      |           |          | External | NONE             |              |                   |              |
| E17        | ddr3_sdram_ch01_0_dq[54]   | High Range | IO_L5P_T0_18                 | BIDIR         | SSTL15      |      18 |            | FAST |    UNTUNED_SPLIT_50 |            FP_VTT_50 |         | FIXED      |           |          | External | NONE             |              |                   |              |
| E18        | ddr3_sdram_ch01_0_dq[49]   | High Range | IO_L5N_T0_18                 | BIDIR         | SSTL15      |      18 |            | FAST |    UNTUNED_SPLIT_50 |            FP_VTT_50 |         | FIXED      |           |          | External | NONE             |              |                   |              |
| E19        |                            | High Range | IO_L13P_T2_MRCC_18           | User IO       |             |      18 |            |      |                     |                      |         |            |           |          |          |                  |              |                   |              |
| E20        |                            | High Range | VCCO_18                      | VCCO          |             |      18 |            |      |                     |                      |    1.50 |            |           |          |          |                  |              |                   |              |
| E21        |                            | High Range | IO_L12P_T1_MRCC_18           | User IO       |             |      18 |            |      |                     |                      |         |            |           |          |          |                  |              |                   |              |
| E22        |                            | High Range | IO_L12N_T1_MRCC_18           | User IO       |             |      18 |            |      |                     |                      |         |            |           |          |          |                  |              |                   |              |
| E23        | ddr3_sdram_ch01_0_dq[58]   | High Range | IO_L10N_T1_18                | BIDIR         | SSTL15      |      18 |            | FAST |    UNTUNED_SPLIT_50 |            FP_VTT_50 |         | FIXED      |           |          | External | NONE             |              |                   |              |
| E24        | ddr3_sdram_ch01_0_ba[2]    | High Range | IO_L7N_T1_17                 | OUTPUT        | SSTL15      |      17 |            | FAST |                     |            FP_VTT_50 |         | FIXED      |           |          |          | NONE             |              |                   |              |
| E25        |                            |            | GND                          | GND           |             |         |            |      |                     |                      |     0.0 |            |           |          |          |                  |              |                   |              |
| E26        | ddr3_sdram_ch01_0_cas_n    | High Range | IO_L12P_T1_MRCC_17           | OUTPUT        | SSTL15      |      17 |            | FAST |                     |            FP_VTT_50 |         | FIXED      |           |          |          | NONE             |              |                   |              |
| E27        | ddr3_sdram_ch01_0_addr[0]  | High Range | IO_L12N_T1_MRCC_17           | OUTPUT        | SSTL15      |      17 |            | FAST |                     |            FP_VTT_50 |         | FIXED      |           |          |          | NONE             |              |                   |              |
| E28        | ddr3_sdram_ch01_0_ras_n    | High Range | IO_L10N_T1_17                | OUTPUT        | SSTL15      |      17 |            | FAST |                     |            FP_VTT_50 |         | FIXED      |           |          |          | NONE             |              |                   |              |
| E29        | ddr3_sdram_ch01_0_dq[28]   | High Range | IO_L16N_T2_16                | BIDIR         | SSTL15      |      16 |            | FAST |    UNTUNED_SPLIT_50 |            FP_VTT_50 |         | FIXED      |           |          | External | NONE             |              |                   |              |
| E30        |                            | High Range | VCCO_16                      | VCCO          |             |      16 |            |      |                     |                      |    1.50 |            |           |          |          |                  |              |                   |              |
| E31        | ddr3_sdram_ch01_0_dq[14]   | High Range | IO_L11P_T1_SRCC_16           | BIDIR         | SSTL15      |      16 |            | FAST |    UNTUNED_SPLIT_50 |            FP_VTT_50 |         | FIXED      |           |          | External | NONE             |              |                   |              |
| E32        |                            | High Range | IO_L12P_T1_MRCC_16           | User IO       |             |      16 |            |      |                     |                      |         |            |           |          |          |                  |              |                   |              |
| E33        | ddr3_sdram_ch01_0_dq[12]   | High Range | IO_L10N_T1_16                | BIDIR         | SSTL15      |      16 |            | FAST |    UNTUNED_SPLIT_50 |            FP_VTT_50 |         | FIXED      |           |          | External | NONE             |              |                   |              |
| E34        | ddr3_sdram_ch01_0_dq[13]   | High Range | IO_L8N_T1_16                 | BIDIR         | SSTL15      |      16 |            | FAST |    UNTUNED_SPLIT_50 |            FP_VTT_50 |         | FIXED      |           |          | External | NONE             |              |                   |              |
| F1         | pci_express_x4_txn[0]      |            | MGTXTXN3_116                 | OUTPUT        |             |         |            | SLOW |                     |                 NONE |         | FIXED      |           |          |          | NONE             |              |                   |              |
| F2         | pci_express_x4_txp[0]      |            | MGTXTXP3_116                 | OUTPUT        |             |         |            | SLOW |                     |                 NONE |         | FIXED      |           |          |          | NONE             |              |                   |              |
| F3         |                            |            | GND                          | GND           |             |         |            |      |                     |                      |     0.0 |            |           |          |          |                  |              |                   |              |
| F4         |                            |            | GND                          | GND           |             |         |            |      |                     |                      |     0.0 |            |           |          |          |                  |              |                   |              |
| F5         |                            |            | MGTREFCLK0N_117              | Gigabit       |             |         |            |      |                     |                      |         |            |           |          |          |                  |              |                   |              |
| F6         |                            |            | MGTREFCLK0P_117              | Gigabit       |             |         |            |      |                     |                      |         |            |           |          |          |                  |              |                   |              |
| F7         |                            |            | GND                          | GND           |             |         |            |      |                     |                      |     0.0 |            |           |          |          |                  |              |                   |              |
| F8         |                            |            | GND                          | GND           |             |         |            |      |                     |                      |     0.0 |            |           |          |          |                  |              |                   |              |
| F9         |                            |            | MGTXRXN0_118                 | Gigabit       |             |         |            |      |                     |                      |         |            |           |          |          |                  |              |                   |              |
| F10        |                            |            | MGTXRXP0_118                 | Gigabit       |             |         |            |      |                     |                      |         |            |           |          |          |                  |              |                   |              |
| F11        |                            |            | GND                          | GND           |             |         |            |      |                     |                      |     0.0 |            |           |          |          |                  |              |                   |              |
| F12        |                            |            | MGTAVCC_G11                  | Gigabit Power |             |         |            |      |                     |                      |         |            |           |          |          |                  |              |                   |              |
| F13        |                            |            | GND                          | GND           |             |         |            |      |                     |                      |     0.0 |            |           |          |          |                  |              |                   |              |
| F14        |                            | Dedicated  | TDO_0                        | Config        |             |       0 |            |      |                     |                      |         |            |           |          |          |                  |              |                   |              |
| F15        |                            | Dedicated  | TCK_0                        | Config        |             |       0 |            |      |                     |                      |         |            |           |          |          |                  |              |                   |              |
| F16        | ddr3_sdram_ch01_0_dq[48]   | High Range | IO_L4P_T0_18                 | BIDIR         | SSTL15      |      18 |            | FAST |    UNTUNED_SPLIT_50 |            FP_VTT_50 |         | FIXED      |           |          | External | NONE             |              |                   |              |
| F17        |                            | High Range | VCCO_18                      | VCCO          |             |      18 |            |      |                     |                      |    1.50 |            |           |          |          |                  |              |                   |              |
| F18        | ddr3_sdram_ch01_0_reset_n  | High Range | IO_L6P_T0_18                 | OUTPUT        | LVCMOS15    |      18 |         12 | FAST |                     |            FP_VTT_50 |         | FIXED      |           |          |          | NONE             |              |                   |              |
| F19        |                            | High Range | IO_L6N_T0_VREF_18            | User IO       |             |      18 |            |      |                     |                      |    0.75 |            |           |          |          |                  |              |                   |              |
| F20        | ddr3_sdram_ch01_0_dq[62]   | High Range | IO_L8P_T1_18                 | BIDIR         | SSTL15      |      18 |            | FAST |    UNTUNED_SPLIT_50 |            FP_VTT_50 |         | FIXED      |           |          | External | NONE             |              |                   |              |
| F21        | ddr3_sdram_ch01_0_dq[57]   | High Range | IO_L8N_T1_18                 | BIDIR         | SSTL15      |      18 |            | FAST |    UNTUNED_SPLIT_50 |            FP_VTT_50 |         | FIXED      |           |          | External | NONE             |              |                   |              |
| F22        |                            |            | GND                          | GND           |             |         |            |      |                     |                      |     0.0 |            |           |          |          |                  |              |                   |              |
| F23        | ddr3_sdram_ch01_0_dq[63]   | High Range | IO_L10P_T1_18                | BIDIR         | SSTL15      |      18 |            | FAST |    UNTUNED_SPLIT_50 |            FP_VTT_50 |         | FIXED      |           |          | External | NONE             |              |                   |              |
| F24        | ddr3_sdram_ch01_0_ba[0]    | High Range | IO_L7P_T1_17                 | OUTPUT        | SSTL15      |      17 |            | FAST |                     |            FP_VTT_50 |         | FIXED      |           |          |          | NONE             |              |                   |              |
| F25        | ddr3_sdram_ch01_0_we_n     | High Range | IO_L11P_T1_SRCC_17           | OUTPUT        | SSTL15      |      17 |            | FAST |                     |            FP_VTT_50 |         | FIXED      |           |          |          | NONE             |              |                   |              |
| F26        | ddr3_sdram_ch01_0_addr[10] | High Range | IO_L11N_T1_SRCC_17           | OUTPUT        | SSTL15      |      17 |            | FAST |                     |            FP_VTT_50 |         | FIXED      |           |          |          | NONE             |              |                   |              |
| F27        |                            | High Range | VCCO_17                      | VCCO          |             |      17 |            |      |                     |                      |    1.50 |            |           |          |          |                  |              |                   |              |
| F28        | ddr3_sdram_ch01_0_cs_n[0]  | High Range | IO_L10P_T1_17                | OUTPUT        | SSTL15      |      17 |            | FAST |                     |            FP_VTT_50 |         | FIXED      |           |          |          | NONE             |              |                   |              |
| F29        | ddr3_sdram_ch01_0_dq[26]   | High Range | IO_L16P_T2_16                | BIDIR         | SSTL15      |      16 |            | FAST |    UNTUNED_SPLIT_50 |            FP_VTT_50 |         | FIXED      |           |          | External | NONE             |              |                   |              |
| F30        |                            | High Range | IO_L13N_T2_MRCC_16           | User IO       |             |      16 |            |      |                     |                      |         |            |           |          |          |                  |              |                   |              |
| F31        | ddr3_sdram_ch01_0_dq[27]   | High Range | IO_L14N_T2_SRCC_16           | BIDIR         | SSTL15      |      16 |            | FAST |    UNTUNED_SPLIT_50 |            FP_VTT_50 |         | FIXED      |           |          | External | NONE             |              |                   |              |
| F32        |                            |            | GND                          | GND           |             |         |            |      |                     |                      |     0.0 |            |           |          |          |                  |              |                   |              |
| F33        | ddr3_sdram_ch01_0_dq[9]    | High Range | IO_L10P_T1_16                | BIDIR         | SSTL15      |      16 |            | FAST |    UNTUNED_SPLIT_50 |            FP_VTT_50 |         | FIXED      |           |          | External | NONE             |              |                   |              |
| F34        | ddr3_sdram_ch01_0_dq[15]   | High Range | IO_L8P_T1_16                 | BIDIR         | SSTL15      |      16 |            | FAST |    UNTUNED_SPLIT_50 |            FP_VTT_50 |         | FIXED      |           |          | External | NONE             |              |                   |              |
| G1         |                            |            | GND                          | GND           |             |         |            |      |                     |                      |     0.0 |            |           |          |          |                  |              |                   |              |
| G2         |                            |            | MGTAVTT_G11                  | Gigabit Power |             |         |            |      |                     |                      |         |            |           |          |          |                  |              |                   |              |
| G3         |                            |            | MGTXRXN0_117                 | Gigabit       |             |         |            |      |                     |                      |         |            |           |          |          |                  |              |                   |              |
| G4         |                            |            | MGTXRXP0_117                 | Gigabit       |             |         |            |      |                     |                      |         |            |           |          |          |                  |              |                   |              |
| G5         |                            |            | GND                          | GND           |             |         |            |      |                     |                      |     0.0 |            |           |          |          |                  |              |                   |              |
| G6         |                            |            | MGTAVCC_G11                  | Gigabit Power |             |         |            |      |                     |                      |         |            |           |          |          |                  |              |                   |              |
| G7         |                            |            | MGTREFCLK1N_117              | Gigabit       |             |         |            |      |                     |                      |         |            |           |          |          |                  |              |                   |              |
| G8         |                            |            | MGTREFCLK1P_117              | Gigabit       |             |         |            |      |                     |                      |         |            |           |          |          |                  |              |                   |              |
| G9         |                            |            | MGTAVCC_G11                  | Gigabit Power |             |         |            |      |                     |                      |         |            |           |          |          |                  |              |                   |              |
| G10        |                            |            | GND                          | GND           |             |         |            |      |                     |                      |     0.0 |            |           |          |          |                  |              |                   |              |
| G11        |                            |            | GND                          | GND           |             |         |            |      |                     |                      |     0.0 |            |           |          |          |                  |              |                   |              |
| G12        |                            |            | GND                          | GND           |             |         |            |      |                     |                      |     0.0 |            |           |          |          |                  |              |                   |              |
| G13        |                            |            | GND                          | GND           |             |         |            |      |                     |                      |     0.0 |            |           |          |          |                  |              |                   |              |
| G14        |                            | Dedicated  | VCCO_0                       | VCCO          |             |       0 |            |      |                     |                      |   any** |            |           |          |          |                  |              |                   |              |
| G15        |                            | Dedicated  | TDI_0                        | Config        |             |       0 |            |      |                     |                      |         |            |           |          |          |                  |              |                   |              |
| G16        |                            | High Range | IO_0_18                      | User IO       |             |      18 |            |      |                     |                      |         |            |           |          |          |                  |              |                   |              |
| G17        | ddr3_sdram_ch01_0_dqs_p[6] | High Range | IO_L3P_T0_DQS_18             | BIDIR         | DIFF_SSTL15 |      18 |            | FAST |                     |            FP_VTT_50 |         | FIXED      |           |          |          | NONE             |              |                   |              |
| G18        | ddr3_sdram_ch01_0_dqs_n[6] | High Range | IO_L3N_T0_DQS_18             | BIDIR         | DIFF_SSTL15 |      18 |            | FAST |                     |            FP_VTT_50 |         | FIXED      |           |          |          | NONE             |              |                   |              |
| G19        |                            |            | GND                          | GND           |             |         |            |      |                     |                      |     0.0 |            |           |          |          |                  |              |                   |              |
| G20        | ddr3_sdram_ch01_0_dq[60]   | High Range | IO_L7P_T1_18                 | BIDIR         | SSTL15      |      18 |            | FAST |    UNTUNED_SPLIT_50 |            FP_VTT_50 |         | FIXED      |           |          | External | NONE             |              |                   |              |
| G21        | ddr3_sdram_ch01_0_dq[59]   | High Range | IO_L7N_T1_18                 | BIDIR         | SSTL15      |      18 |            | FAST |    UNTUNED_SPLIT_50 |            FP_VTT_50 |         | FIXED      |           |          | External | NONE             |              |                   |              |
| G22        | ddr3_sdram_ch01_0_dqs_p[7] | High Range | IO_L9P_T1_DQS_18             | BIDIR         | DIFF_SSTL15 |      18 |            | FAST |                     |            FP_VTT_50 |         | FIXED      |           |          |          | NONE             |              |                   |              |
| G23        | ddr3_sdram_ch01_0_dqs_n[7] | High Range | IO_L9N_T1_DQS_18             | BIDIR         | DIFF_SSTL15 |      18 |            | FAST |                     |            FP_VTT_50 |         | FIXED      |           |          |          | NONE             |              |                   |              |
| G24        |                            | High Range | VCCO_17                      | VCCO          |             |      17 |            |      |                     |                      |    1.50 |            |           |          |          |                  |              |                   |              |
| G25        | sys_diff_clock_0_clk_p     | High Range | IO_L14P_T2_SRCC_17           | INPUT         | DIFF_SSTL15 |      17 |            |      |                     |                 NONE |         | FIXED      |           |          |          | NONE             |              |                   |              |
| G26        | sys_diff_clock_0_clk_n     | High Range | IO_L14N_T2_SRCC_17           | INPUT         | DIFF_SSTL15 |      17 |            |      |                     |                 NONE |         | FIXED      |           |          |          | NONE             |              |                   |              |
| G27        |                            | High Range | IO_L13N_T2_MRCC_17           | User IO       |             |      17 |            |      |                     |                      |         |            |           |          |          |                  |              |                   |              |
| G28        |                            | High Range | IO_L17N_T2_17                | User IO       |             |      17 |            |      |                     |                      |         |            |           |          |          |                  |              |                   |              |
| G29        |                            |            | GND                          | GND           |             |         |            |      |                     |                      |     0.0 |            |           |          |          |                  |              |                   |              |
| G30        |                            | High Range | IO_L13P_T2_MRCC_16           | User IO       |             |      16 |            |      |                     |                      |         |            |           |          |          |                  |              |                   |              |
| G31        | ddr3_sdram_ch01_0_dq[24]   | High Range | IO_L14P_T2_SRCC_16           | BIDIR         | SSTL15      |      16 |            | FAST |    UNTUNED_SPLIT_50 |            FP_VTT_50 |         | FIXED      |           |          | External | NONE             |              |                   |              |
| G32        | ddr3_sdram_ch01_0_dq[25]   | High Range | IO_L17N_T2_16                | BIDIR         | SSTL15      |      16 |            | FAST |    UNTUNED_SPLIT_50 |            FP_VTT_50 |         | FIXED      |           |          | External | NONE             |              |                   |              |
| G33        | ddr3_sdram_ch01_0_dq[29]   | High Range | IO_L18N_T2_16                | BIDIR         | SSTL15      |      16 |            | FAST |    UNTUNED_SPLIT_50 |            FP_VTT_50 |         | FIXED      |           |          | External | NONE             |              |                   |              |
| G34        |                            | High Range | VCCO_16                      | VCCO          |             |      16 |            |      |                     |                      |    1.50 |            |           |          |          |                  |              |                   |              |
| H1         | pci_express_x4_txn[1]      |            | MGTXTXN2_116                 | OUTPUT        |             |         |            | SLOW |                     |                 NONE |         | FIXED      |           |          |          | NONE             |              |                   |              |
| H2         | pci_express_x4_txp[1]      |            | MGTXTXP2_116                 | OUTPUT        |             |         |            | SLOW |                     |                 NONE |         | FIXED      |           |          |          | NONE             |              |                   |              |
| H3         |                            |            | MGTAVTT_G11                  | Gigabit Power |             |         |            |      |                     |                      |         |            |           |          |          |                  |              |                   |              |
| H4         |                            |            | GND                          | GND           |             |         |            |      |                     |                      |     0.0 |            |           |          |          |                  |              |                   |              |
| H5         | pci_express_x4_rxn[0]      |            | MGTXRXN3_116                 | INPUT         |             |         |            |      |                     |                 NONE |         | FIXED      |           |          |          | NONE             |              |                   |              |
| H6         | pci_express_x4_rxp[0]      |            | MGTXRXP3_116                 | INPUT         |             |         |            |      |                     |                 NONE |         | FIXED      |           |          |          | NONE             |              |                   |              |
| H7         |                            |            | GND                          | GND           |             |         |            |      |                     |                      |     0.0 |            |           |          |          |                  |              |                   |              |
| H8         |                            |            | GND                          | GND           |             |         |            |      |                     |                      |     0.0 |            |           |          |          |                  |              |                   |              |
| H9         |                            |            | MGTREFCLK1N_118              | Gigabit       |             |         |            |      |                     |                      |         |            |           |          |          |                  |              |                   |              |
| H10        |                            |            | MGTREFCLK1P_118              | Gigabit       |             |         |            |      |                     |                      |         |            |           |          |          |                  |              |                   |              |
| H11        |                            |            | GND                          | GND           |             |         |            |      |                     |                      |     0.0 |            |           |          |          |                  |              |                   |              |
| H12        |                            |            | GND                          | GND           |             |         |            |      |                     |                      |     0.0 |            |           |          |          |                  |              |                   |              |
| H13        |                            | Dedicated  | VCCO_0                       | VCCO          |             |       0 |            |      |                     |                      |   any** |            |           |          |          |                  |              |                   |              |
| H14        |                            |            | GND                          | GND           |             |         |            |      |                     |                      |     0.0 |            |           |          |          |                  |              |                   |              |
| H15        |                            | Dedicated  | TMS_0                        | Config        |             |       0 |            |      |                     |                      |         |            |           |          |          |                  |              |                   |              |
| H16        |                            |            | GND                          | GND           |             |         |            |      |                     |                      |     0.0 |            |           |          |          |                  |              |                   |              |
| H17        | ddr3_sdram_ch01_0_dq[52]   | High Range | IO_L2P_T0_18                 | BIDIR         | SSTL15      |      18 |            | FAST |    UNTUNED_SPLIT_50 |            FP_VTT_50 |         | FIXED      |           |          | External | NONE             |              |                   |              |
| H18        | ddr3_sdram_ch01_0_dq[55]   | High Range | IO_L2N_T0_18                 | BIDIR         | SSTL15      |      18 |            | FAST |    UNTUNED_SPLIT_50 |            FP_VTT_50 |         | FIXED      |           |          | External | NONE             |              |                   |              |
| H19        | ddr3_sdram_ch01_0_dq[51]   | High Range | IO_L1P_T0_18                 | BIDIR         | SSTL15      |      18 |            | FAST |    UNTUNED_SPLIT_50 |            FP_VTT_50 |         | FIXED      |           |          | External | NONE             |              |                   |              |
| H20        | ddr3_sdram_ch01_0_dq[53]   | High Range | IO_L1N_T0_18                 | BIDIR         | SSTL15      |      18 |            | FAST |    UNTUNED_SPLIT_50 |            FP_VTT_50 |         | FIXED      |           |          | External | NONE             |              |                   |              |
| H21        |                            | High Range | VCCO_18                      | VCCO          |             |      18 |            |      |                     |                      |    1.50 |            |           |          |          |                  |              |                   |              |
| H22        |                            | High Range | IO_25_18                     | User IO       |             |      18 |            |      |                     |                      |         |            |           |          |          |                  |              |                   |              |
| H23        |                            | High Range | IO_0_17                      | User IO       |             |      17 |            |      |                     |                      |         |            |           |          |          |                  |              |                   |              |
| H24        |                            | High Range | IO_L16P_T2_17                | User IO       |             |      17 |            |      |                     |                      |         |            |           |          |          |                  |              |                   |              |
| H25        | ddr3_sdram_ch01_0_addr[12] | High Range | IO_L16N_T2_17                | OUTPUT        | SSTL15      |      17 |            | FAST |                     |            FP_VTT_50 |         | FIXED      |           |          |          | NONE             |              |                   |              |
| H26        |                            |            | GND                          | GND           |             |         |            |      |                     |                      |     0.0 |            |           |          |          |                  |              |                   |              |
| H27        |                            | High Range | IO_L13P_T2_MRCC_17           | User IO       |             |      17 |            |      |                     |                      |         |            |           |          |          |                  |              |                   |              |
| H28        |                            | High Range | IO_L17P_T2_17                | User IO       |             |      17 |            |      |                     |                      |         |            |           |          |          |                  |              |                   |              |
| H29        | ddr3_sdram_ch01_0_dqs_p[3] | High Range | IO_L15P_T2_DQS_16            | BIDIR         | DIFF_SSTL15 |      16 |            | FAST |                     |            FP_VTT_50 |         | FIXED      |           |          |          | NONE             |              |                   |              |
| H30        | ddr3_sdram_ch01_0_dqs_n[3] | High Range | IO_L15N_T2_DQS_16            | BIDIR         | DIFF_SSTL15 |      16 |            | FAST |                     |            FP_VTT_50 |         | FIXED      |           |          |          | NONE             |              |                   |              |
| H31        |                            | High Range | VCCO_16                      | VCCO          |             |      16 |            |      |                     |                      |    1.50 |            |           |          |          |                  |              |                   |              |
| H32        | ddr3_sdram_ch01_0_dq[31]   | High Range | IO_L17P_T2_16                | BIDIR         | SSTL15      |      16 |            | FAST |    UNTUNED_SPLIT_50 |            FP_VTT_50 |         | FIXED      |           |          | External | NONE             |              |                   |              |
| H33        | ddr3_sdram_ch01_0_dq[30]   | High Range | IO_L18P_T2_16                | BIDIR         | SSTL15      |      16 |            | FAST |    UNTUNED_SPLIT_50 |            FP_VTT_50 |         | FIXED      |           |          | External | NONE             |              |                   |              |
| H34        |                            | High Range | IO_L24N_T3_16                | User IO       |             |      16 |            |      |                     |                      |         |            |           |          |          |                  |              |                   |              |
| J1         |                            |            | GND                          | GND           |             |         |            |      |                     |                      |     0.0 |            |           |          |          |                  |              |                   |              |
| J2         |                            |            | GND                          | GND           |             |         |            |      |                     |                      |     0.0 |            |           |          |          |                  |              |                   |              |
| J3         | pci_express_x4_rxn[1]      |            | MGTXRXN2_116                 | INPUT         |             |         |            |      |                     |                 NONE |         | FIXED      |           |          |          | NONE             |              |                   |              |
| J4         | pci_express_x4_rxp[1]      |            | MGTXRXP2_116                 | INPUT         |             |         |            |      |                     |                 NONE |         | FIXED      |           |          |          | NONE             |              |                   |              |
| J5         |                            |            | GND                          | GND           |             |         |            |      |                     |                      |     0.0 |            |           |          |          |                  |              |                   |              |
| J6         |                            |            | MGTAVCC_G11                  | Gigabit Power |             |         |            |      |                     |                      |         |            |           |          |          |                  |              |                   |              |
| J7         | pcie_refclk_clk_n[0]       |            | MGTREFCLK0N_116              | INPUT         |             |         |            |      |                     |                 NONE |         | FIXED      |           |          |          | NONE             |              |                   |              |
| J8         | pcie_refclk_clk_p[0]       |            | MGTREFCLK0P_116              | INPUT         |             |         |            |      |                     |                 NONE |         | FIXED      |           |          |          | NONE             |              |                   |              |
| J9         |                            |            | GND                          | GND           |             |         |            |      |                     |                      |     0.0 |            |           |          |          |                  |              |                   |              |
| J10        |                            |            | GND                          | GND           |             |         |            |      |                     |                      |     0.0 |            |           |          |          |                  |              |                   |              |
| J11        |                            |            | GND                          | GND           |             |         |            |      |                     |                      |     0.0 |            |           |          |          |                  |              |                   |              |
| J12        |                            |            | VCCINT                       | VCCINT        |             |         |            |      |                     |                      |         |            |           |          |          |                  |              |                   |              |
| J13        |                            |            | GND                          | GND           |             |         |            |      |                     |                      |     0.0 |            |           |          |          |                  |              |                   |              |
| J14        |                            |            | VCCINT                       | VCCINT        |             |         |            |      |                     |                      |         |            |           |          |          |                  |              |                   |              |
| J15        |                            |            | GND                          | GND           |             |         |            |      |                     |                      |     0.0 |            |           |          |          |                  |              |                   |              |
| J16        |                            |            | VCCINT                       | VCCINT        |             |         |            |      |                     |                      |         |            |           |          |          |                  |              |                   |              |
| J17        |                            |            | GND                          | GND           |             |         |            |      |                     |                      |     0.0 |            |           |          |          |                  |              |                   |              |
| J18        |                            |            | VCCINT                       | VCCINT        |             |         |            |      |                     |                      |         |            |           |          |          |                  |              |                   |              |
| J19        |                            |            | GND                          | GND           |             |         |            |      |                     |                      |     0.0 |            |           |          |          |                  |              |                   |              |
| J20        |                            |            | VCCINT                       | VCCINT        |             |         |            |      |                     |                      |         |            |           |          |          |                  |              |                   |              |
| J21        |                            |            | GND                          | GND           |             |         |            |      |                     |                      |     0.0 |            |           |          |          |                  |              |                   |              |
| J22        |                            |            | VCCINT                       | VCCINT        |             |         |            |      |                     |                      |         |            |           |          |          |                  |              |                   |              |
| J23        |                            |            | GND                          | GND           |             |         |            |      |                     |                      |     0.0 |            |           |          |          |                  |              |                   |              |
| J24        | ddr3_sdram_ch01_0_addr[9]  | High Range | IO_L15P_T2_DQS_17            | OUTPUT        | SSTL15      |      17 |            | FAST |                     |            FP_VTT_50 |         | FIXED      |           |          |          | NONE             |              |                   |              |
| J25        | ddr3_sdram_ch01_0_ba[1]    | High Range | IO_L15N_T2_DQS_17            | OUTPUT        | SSTL15      |      17 |            | FAST |                     |            FP_VTT_50 |         | FIXED      |           |          |          | NONE             |              |                   |              |
| J26        |                            | High Range | IO_L18P_T2_17                | User IO       |             |      17 |            |      |                     |                      |         |            |           |          |          |                  |              |                   |              |
| J27        |                            | High Range | IO_L18N_T2_17                | User IO       |             |      17 |            |      |                     |                      |         |            |           |          |          |                  |              |                   |              |
| J28        |                            | High Range | VCCO_17                      | VCCO          |             |      17 |            |      |                     |                      |    1.50 |            |           |          |          |                  |              |                   |              |
| J29        |                            | High Range | IO_0_16                      | User IO       |             |      16 |            |      |                     |                      |         |            |           |          |          |                  |              |                   |              |
| J30        | ddr3_sdram_ch01_0_dq[69]   | High Range | IO_L19P_T3_16                | BIDIR         | SSTL15      |      16 |            | FAST |    UNTUNED_SPLIT_50 |            FP_VTT_50 |         | FIXED      |           |          | External | NONE             |              |                   |              |
| J31        |                            | High Range | IO_L19N_T3_VREF_16           | User IO       |             |      16 |            |      |                     |                      |    0.75 |            |           |          |          |                  |              |                   |              |
| J32        | ddr3_sdram_ch01_0_dqs_n[8] | High Range | IO_L21N_T3_DQS_16            | BIDIR         | DIFF_SSTL15 |      16 |            | FAST |                     |            FP_VTT_50 |         | FIXED      |           |          |          | NONE             |              |                   |              |
| J33        |                            |            | GND                          | GND           |             |         |            |      |                     |                      |     0.0 |            |           |          |          |                  |              |                   |              |
| J34        | ddr3_sdram_ch01_0_dq[71]   | High Range | IO_L24P_T3_16                | BIDIR         | SSTL15      |      16 |            | FAST |    UNTUNED_SPLIT_50 |            FP_VTT_50 |         | FIXED      |           |          | External | NONE             |              |                   |              |
| K1         | pci_express_x4_txn[2]      |            | MGTXTXN1_116                 | OUTPUT        |             |         |            | SLOW |                     |                 NONE |         | FIXED      |           |          |          | NONE             |              |                   |              |
| K2         | pci_express_x4_txp[2]      |            | MGTXTXP1_116                 | OUTPUT        |             |         |            | SLOW |                     |                 NONE |         | FIXED      |           |          |          | NONE             |              |                   |              |
| K3         |                            |            | GND                          | GND           |             |         |            |      |                     |                      |     0.0 |            |           |          |          |                  |              |                   |              |
| K4         |                            |            | GND                          | GND           |             |         |            |      |                     |                      |     0.0 |            |           |          |          |                  |              |                   |              |
| K5         | pci_express_x4_rxn[2]      |            | MGTXRXN1_116                 | INPUT         |             |         |            |      |                     |                 NONE |         | FIXED      |           |          |          | NONE             |              |                   |              |
| K6         | pci_express_x4_rxp[2]      |            | MGTXRXP1_116                 | INPUT         |             |         |            |      |                     |                 NONE |         | FIXED      |           |          |          | NONE             |              |                   |              |
| K7         |                            |            | GND                          | GND           |             |         |            |      |                     |                      |     0.0 |            |           |          |          |                  |              |                   |              |
| K8         |                            |            | GND                          | GND           |             |         |            |      |                     |                      |     0.0 |            |           |          |          |                  |              |                   |              |
| K9         |                            |            | GND                          | GND           |             |         |            |      |                     |                      |     0.0 |            |           |          |          |                  |              |                   |              |
| K10        |                            |            | GND                          | GND           |             |         |            |      |                     |                      |     0.0 |            |           |          |          |                  |              |                   |              |
| K11        |                            |            | VCCINT                       | VCCINT        |             |         |            |      |                     |                      |         |            |           |          |          |                  |              |                   |              |
| K12        |                            |            | GND                          | GND           |             |         |            |      |                     |                      |     0.0 |            |           |          |          |                  |              |                   |              |
| K13        |                            |            | VCCINT                       | VCCINT        |             |         |            |      |                     |                      |         |            |           |          |          |                  |              |                   |              |
| K14        |                            |            | GND                          | GND           |             |         |            |      |                     |                      |     0.0 |            |           |          |          |                  |              |                   |              |
| K15        |                            |            | VCCINT                       | VCCINT        |             |         |            |      |                     |                      |         |            |           |          |          |                  |              |                   |              |
| K16        |                            |            | GND                          | GND           |             |         |            |      |                     |                      |     0.0 |            |           |          |          |                  |              |                   |              |
| K17        |                            |            | VCCINT                       | VCCINT        |             |         |            |      |                     |                      |         |            |           |          |          |                  |              |                   |              |
| K18        |                            |            | GND                          | GND           |             |         |            |      |                     |                      |     0.0 |            |           |          |          |                  |              |                   |              |
| K19        |                            |            | VCCINT                       | VCCINT        |             |         |            |      |                     |                      |         |            |           |          |          |                  |              |                   |              |
| K20        |                            |            | GND                          | GND           |             |         |            |      |                     |                      |     0.0 |            |           |          |          |                  |              |                   |              |
| K21        |                            |            | VCCINT                       | VCCINT        |             |         |            |      |                     |                      |         |            |           |          |          |                  |              |                   |              |
| K22        |                            |            | GND                          | GND           |             |         |            |      |                     |                      |     0.0 |            |           |          |          |                  |              |                   |              |
| K23        |                            |            | VCCINT                       | VCCINT        |             |         |            |      |                     |                      |         |            |           |          |          |                  |              |                   |              |
| K24        | ddr3_sdram_ch01_0_dq[42]   | High Range | IO_L20N_T3_17                | BIDIR         | SSTL15      |      17 |            | FAST |    UNTUNED_SPLIT_50 |            FP_VTT_50 |         | FIXED      |           |          | External | NONE             |              |                   |              |
| K25        |                            | High Range | VCCO_17                      | VCCO          |             |      17 |            |      |                     |                      |    1.50 |            |           |          |          |                  |              |                   |              |
| K26        | ddr3_sdram_ch01_0_dq[44]   | High Range | IO_L22P_T3_17                | BIDIR         | SSTL15      |      17 |            | FAST |    UNTUNED_SPLIT_50 |            FP_VTT_50 |         | FIXED      |           |          | External | NONE             |              |                   |              |
| K27        | ddr3_sdram_ch01_0_dq[40]   | High Range | IO_L22N_T3_17                | BIDIR         | SSTL15      |      17 |            | FAST |    UNTUNED_SPLIT_50 |            FP_VTT_50 |         | FIXED      |           |          | External | NONE             |              |                   |              |
| K28        | ddr3_sdram_ch01_0_dqs_p[5] | High Range | IO_L21P_T3_DQS_17            | BIDIR         | DIFF_SSTL15 |      17 |            | FAST |                     |            FP_VTT_50 |         | FIXED      |           |          |          | NONE             |              |                   |              |
| K29        | ddr3_sdram_ch01_0_dqs_n[5] | High Range | IO_L21N_T3_DQS_17            | BIDIR         | DIFF_SSTL15 |      17 |            | FAST |                     |            FP_VTT_50 |         | FIXED      |           |          |          | NONE             |              |                   |              |
| K30        |                            |            | GND                          | GND           |             |         |            |      |                     |                      |     0.0 |            |           |          |          |                  |              |                   |              |
| K31        | ddr3_sdram_ch01_0_dq[66]   | High Range | IO_L20N_T3_16                | BIDIR         | SSTL15      |      16 |            | FAST |    UNTUNED_SPLIT_50 |            FP_VTT_50 |         | FIXED      |           |          | External | NONE             |              |                   |              |
| K32        | ddr3_sdram_ch01_0_dqs_p[8] | High Range | IO_L21P_T3_DQS_16            | BIDIR         | DIFF_SSTL15 |      16 |            | FAST |                     |            FP_VTT_50 |         | FIXED      |           |          |          | NONE             |              |                   |              |
| K33        | ddr3_sdram_ch01_0_dq[67]   | High Range | IO_L22N_T3_16                | BIDIR         | SSTL15      |      16 |            | FAST |    UNTUNED_SPLIT_50 |            FP_VTT_50 |         | FIXED      |           |          | External | NONE             |              |                   |              |
| K34        | ddr3_sdram_ch01_0_dq[65]   | High Range | IO_L23N_T3_16                | BIDIR         | SSTL15      |      16 |            | FAST |    UNTUNED_SPLIT_50 |            FP_VTT_50 |         | FIXED      |           |          | External | NONE             |              |                   |              |
| L1         |                            |            | GND                          | GND           |             |         |            |      |                     |                      |     0.0 |            |           |          |          |                  |              |                   |              |
| L2         |                            |            | MGTAVTT_G11                  | Gigabit Power |             |         |            |      |                     |                      |         |            |           |          |          |                  |              |                   |              |
| L3         | pci_express_x4_rxn[3]      |            | MGTXRXN0_116                 | INPUT         |             |         |            |      |                     |                 NONE |         | FIXED      |           |          |          | NONE             |              |                   |              |
| L4         | pci_express_x4_rxp[3]      |            | MGTXRXP0_116                 | INPUT         |             |         |            |      |                     |                 NONE |         | FIXED      |           |          |          | NONE             |              |                   |              |
| L5         |                            |            | GND                          | GND           |             |         |            |      |                     |                      |     0.0 |            |           |          |          |                  |              |                   |              |
| L6         |                            |            | MGTAVCC_G11                  | Gigabit Power |             |         |            |      |                     |                      |         |            |           |          |          |                  |              |                   |              |
| L7         |                            |            | MGTREFCLK1N_116              | Gigabit       |             |         |            |      |                     |                      |         |            |           |          |          |                  |              |                   |              |
| L8         |                            |            | MGTREFCLK1P_116              | Gigabit       |             |         |            |      |                     |                      |         |            |           |          |          |                  |              |                   |              |
| L9         |                            |            | GND                          | GND           |             |         |            |      |                     |                      |     0.0 |            |           |          |          |                  |              |                   |              |
| L10        |                            |            | GND                          | GND           |             |         |            |      |                     |                      |     0.0 |            |           |          |          |                  |              |                   |              |
| L11        |                            |            | GND                          | GND           |             |         |            |      |                     |                      |     0.0 |            |           |          |          |                  |              |                   |              |
| L12        |                            |            | VCCINT                       | VCCINT        |             |         |            |      |                     |                      |         |            |           |          |          |                  |              |                   |              |
| L13        |                            |            | GND                          | GND           |             |         |            |      |                     |                      |     0.0 |            |           |          |          |                  |              |                   |              |
| L14        |                            |            | VCCINT                       | VCCINT        |             |         |            |      |                     |                      |         |            |           |          |          |                  |              |                   |              |
| L15        |                            |            | GND                          | GND           |             |         |            |      |                     |                      |     0.0 |            |           |          |          |                  |              |                   |              |
| L16        |                            |            | VCCINT                       | VCCINT        |             |         |            |      |                     |                      |         |            |           |          |          |                  |              |                   |              |
| L17        |                            |            | GND                          | GND           |             |         |            |      |                     |                      |     0.0 |            |           |          |          |                  |              |                   |              |
| L18        |                            |            | VCCINT                       | VCCINT        |             |         |            |      |                     |                      |         |            |           |          |          |                  |              |                   |              |
| L19        |                            |            | GND                          | GND           |             |         |            |      |                     |                      |     0.0 |            |           |          |          |                  |              |                   |              |
| L20        |                            |            | VCCINT                       | VCCINT        |             |         |            |      |                     |                      |         |            |           |          |          |                  |              |                   |              |
| L21        |                            |            | GND                          | GND           |             |         |            |      |                     |                      |     0.0 |            |           |          |          |                  |              |                   |              |
| L22        |                            |            | VCCINT                       | VCCINT        |             |         |            |      |                     |                      |         |            |           |          |          |                  |              |                   |              |
| L23        |                            |            | GND                          | GND           |             |         |            |      |                     |                      |     0.0 |            |           |          |          |                  |              |                   |              |
| L24        | ddr3_sdram_ch01_0_dq[41]   | High Range | IO_L20P_T3_17                | BIDIR         | SSTL15      |      17 |            | FAST |    UNTUNED_SPLIT_50 |            FP_VTT_50 |         | FIXED      |           |          | External | NONE             |              |                   |              |
| L25        | ddr3_sdram_ch01_0_dq[46]   | High Range | IO_L19P_T3_17                | BIDIR         | SSTL15      |      17 |            | FAST |    UNTUNED_SPLIT_50 |            FP_VTT_50 |         | FIXED      |           |          | External | NONE             |              |                   |              |
| L26        |                            | High Range | IO_L19N_T3_VREF_17           | User IO       |             |      17 |            |      |                     |                      |    0.75 |            |           |          |          |                  |              |                   |              |
| L27        |                            |            | GND                          | GND           |             |         |            |      |                     |                      |     0.0 |            |           |          |          |                  |              |                   |              |
| L28        | ddr3_sdram_ch01_0_dq[43]   | High Range | IO_L24P_T3_17                | BIDIR         | SSTL15      |      17 |            | FAST |    UNTUNED_SPLIT_50 |            FP_VTT_50 |         | FIXED      |           |          | External | NONE             |              |                   |              |
| L29        |                            | High Range | IO_L24N_T3_17                | User IO       |             |      17 |            |      |                     |                      |         |            |           |          |          |                  |              |                   |              |
| L30        |                            | High Range | IO_25_16                     | User IO       |             |      16 |            |      |                     |                      |         |            |           |          |          |                  |              |                   |              |
| L31        | ddr3_sdram_ch01_0_dq[68]   | High Range | IO_L20P_T3_16                | BIDIR         | SSTL15      |      16 |            | FAST |    UNTUNED_SPLIT_50 |            FP_VTT_50 |         | FIXED      |           |          | External | NONE             |              |                   |              |
| L32        |                            | High Range | VCCO_16                      | VCCO          |             |      16 |            |      |                     |                      |    1.50 |            |           |          |          |                  |              |                   |              |
| L33        | ddr3_sdram_ch01_0_dq[70]   | High Range | IO_L22P_T3_16                | BIDIR         | SSTL15      |      16 |            | FAST |    UNTUNED_SPLIT_50 |            FP_VTT_50 |         | FIXED      |           |          | External | NONE             |              |                   |              |
| L34        | ddr3_sdram_ch01_0_dq[64]   | High Range | IO_L23P_T3_16                | BIDIR         | SSTL15      |      16 |            | FAST |    UNTUNED_SPLIT_50 |            FP_VTT_50 |         | FIXED      |           |          | External | NONE             |              |                   |              |
| M1         | pci_express_x4_txn[3]      |            | MGTXTXN0_116                 | OUTPUT        |             |         |            | SLOW |                     |                 NONE |         | FIXED      |           |          |          | NONE             |              |                   |              |
| M2         | pci_express_x4_txp[3]      |            | MGTXTXP0_116                 | OUTPUT        |             |         |            | SLOW |                     |                 NONE |         | FIXED      |           |          |          | NONE             |              |                   |              |
| M3         |                            |            | MGTAVTT_G11                  | Gigabit Power |             |         |            |      |                     |                      |         |            |           |          |          |                  |              |                   |              |
| M4         |                            |            | GND                          | GND           |             |         |            |      |                     |                      |     0.0 |            |           |          |          |                  |              |                   |              |
| M5         |                            |            | MGTXRXN3_115                 | Gigabit       |             |         |            |      |                     |                      |         |            |           |          |          |                  |              |                   |              |
| M6         |                            |            | MGTXRXP3_115                 | Gigabit       |             |         |            |      |                     |                      |         |            |           |          |          |                  |              |                   |              |
| M7         |                            |            | GND                          | GND           |             |         |            |      |                     |                      |     0.0 |            |           |          |          |                  |              |                   |              |
| M8         |                            |            | GND                          | GND           |             |         |            |      |                     |                      |     0.0 |            |           |          |          |                  |              |                   |              |
| M9         |                            |            | MGTVCCAUX_G11                | Gigabit Power |             |         |            |      |                     |                      |         |            |           |          |          |                  |              |                   |              |
| M10        |                            |            | GND                          | GND           |             |         |            |      |                     |                      |     0.0 |            |           |          |          |                  |              |                   |              |
| M11        |                            |            | VCCINT                       | VCCINT        |             |         |            |      |                     |                      |         |            |           |          |          |                  |              |                   |              |
| M12        |                            |            | GND                          | GND           |             |         |            |      |                     |                      |     0.0 |            |           |          |          |                  |              |                   |              |
| M13        |                            |            | VCCINT                       | VCCINT        |             |         |            |      |                     |                      |         |            |           |          |          |                  |              |                   |              |
| M14        |                            |            | GND                          | GND           |             |         |            |      |                     |                      |     0.0 |            |           |          |          |                  |              |                   |              |
| M15        |                            |            | VCCINT                       | VCCINT        |             |         |            |      |                     |                      |         |            |           |          |          |                  |              |                   |              |
| M16        |                            |            | GND                          | GND           |             |         |            |      |                     |                      |     0.0 |            |           |          |          |                  |              |                   |              |
| M17        |                            |            | VCCINT                       | VCCINT        |             |         |            |      |                     |                      |         |            |           |          |          |                  |              |                   |              |
| M18        |                            |            | GND                          | GND           |             |         |            |      |                     |                      |     0.0 |            |           |          |          |                  |              |                   |              |
| M19        |                            |            | VCCINT                       | VCCINT        |             |         |            |      |                     |                      |         |            |           |          |          |                  |              |                   |              |
| M20        |                            |            | GND                          | GND           |             |         |            |      |                     |                      |     0.0 |            |           |          |          |                  |              |                   |              |
| M21        |                            |            | VCCINT                       | VCCINT        |             |         |            |      |                     |                      |         |            |           |          |          |                  |              |                   |              |
| M22        |                            |            | GND                          | GND           |             |         |            |      |                     |                      |     0.0 |            |           |          |          |                  |              |                   |              |
| M23        |                            |            | VCCINT                       | VCCINT        |             |         |            |      |                     |                      |         |            |           |          |          |                  |              |                   |              |
| M24        |                            |            | GND                          | GND           |             |         |            |      |                     |                      |     0.0 |            |           |          |          |                  |              |                   |              |
| M25        |                            | High Range | IO_25_17                     | User IO       |             |      17 |            |      |                     |                      |         |            |           |          |          |                  |              |                   |              |
| M26        | ddr3_sdram_ch01_0_dq[47]   | High Range | IO_L23P_T3_17                | BIDIR         | SSTL15      |      17 |            | FAST |    UNTUNED_SPLIT_50 |            FP_VTT_50 |         | FIXED      |           |          | External | NONE             |              |                   |              |
| M27        | ddr3_sdram_ch01_0_dq[45]   | High Range | IO_L23N_T3_17                | BIDIR         | SSTL15      |      17 |            | FAST |    UNTUNED_SPLIT_50 |            FP_VTT_50 |         | FIXED      |           |          | External | NONE             |              |                   |              |
| M28        |                            | High Range | IO_L1N_T0_AD0N_15            | User IO       |             |      15 |            |      |                     |                      |         |            |           |          |          |                  |              |                   |              |
| M29        |                            | High Range | VCCO_17                      | VCCO          |             |      17 |            |      |                     |                      |    1.50 |            |           |          |          |                  |              |                   |              |
| M30        | led_3bits_tri_o[1]         | High Range | IO_L15P_T2_DQS_15            | OUTPUT        | LVCMOS18    |      15 |          8 | SLOW |                     |                 NONE |         | FIXED      |           |          |          | NONE             |              |                   |              |
| M31        |                            | High Range | IO_L15N_T2_DQS_ADV_B_15      | User IO       |             |      15 |            |      |                     |                      |         |            |           |          |          |                  |              |                   |              |
| M32        |                            | High Range | IO_L16N_T2_A27_15            | User IO       |             |      15 |            |      |                     |                      |         |            |           |          |          |                  |              |                   |              |
| M33        |                            | High Range | IO_L17N_T2_A25_15            | User IO       |             |      15 |            |      |                     |                      |         |            |           |          |          |                  |              |                   |              |
| M34        |                            |            | GND                          | GND           |             |         |            |      |                     |                      |     0.0 |            |           |          |          |                  |              |                   |              |
| N1         |                            |            | GND                          | GND           |             |         |            |      |                     |                      |     0.0 |            |           |          |          |                  |              |                   |              |
| N2         |                            |            | GND                          | GND           |             |         |            |      |                     |                      |     0.0 |            |           |          |          |                  |              |                   |              |
| N3         |                            |            | MGTXTXN3_115                 | Gigabit       |             |         |            |      |                     |                      |         |            |           |          |          |                  |              |                   |              |
| N4         |                            |            | MGTXTXP3_115                 | Gigabit       |             |         |            |      |                     |                      |         |            |           |          |          |                  |              |                   |              |
| N5         |                            |            | GND                          | GND           |             |         |            |      |                     |                      |     0.0 |            |           |          |          |                  |              |                   |              |
| N6         |                            |            | MGTAVCC_G11                  | Gigabit Power |             |         |            |      |                     |                      |         |            |           |          |          |                  |              |                   |              |
| N7         |                            |            | GND                          | GND           |             |         |            |      |                     |                      |     0.0 |            |           |          |          |                  |              |                   |              |
| N8         |                            |            | MGTVCCAUX_G11                | Gigabit Power |             |         |            |      |                     |                      |         |            |           |          |          |                  |              |                   |              |
| N9         |                            |            | GND                          | GND           |             |         |            |      |                     |                      |     0.0 |            |           |          |          |                  |              |                   |              |
| N10        |                            |            | GND                          | GND           |             |         |            |      |                     |                      |     0.0 |            |           |          |          |                  |              |                   |              |
| N11        |                            |            | GND                          | GND           |             |         |            |      |                     |                      |     0.0 |            |           |          |          |                  |              |                   |              |
| N12        |                            |            | VCCINT                       | VCCINT        |             |         |            |      |                     |                      |         |            |           |          |          |                  |              |                   |              |
| N13        |                            |            | GND                          | GND           |             |         |            |      |                     |                      |     0.0 |            |           |          |          |                  |              |                   |              |
| N14        |                            |            | VCCINT                       | VCCINT        |             |         |            |      |                     |                      |         |            |           |          |          |                  |              |                   |              |
| N15        |                            |            | GND                          | GND           |             |         |            |      |                     |                      |     0.0 |            |           |          |          |                  |              |                   |              |
| N16        |                            |            | VCCINT                       | VCCINT        |             |         |            |      |                     |                      |         |            |           |          |          |                  |              |                   |              |
| N17        |                            |            | GND                          | GND           |             |         |            |      |                     |                      |     0.0 |            |           |          |          |                  |              |                   |              |
| N18        |                            |            | VCCINT                       | VCCINT        |             |         |            |      |                     |                      |         |            |           |          |          |                  |              |                   |              |
| N19        |                            |            | GND                          | GND           |             |         |            |      |                     |                      |     0.0 |            |           |          |          |                  |              |                   |              |
| N20        |                            |            | VCCINT                       | VCCINT        |             |         |            |      |                     |                      |         |            |           |          |          |                  |              |                   |              |
| N21        |                            |            | GND                          | GND           |             |         |            |      |                     |                      |     0.0 |            |           |          |          |                  |              |                   |              |
| N22        |                            |            | VCCINT                       | VCCINT        |             |         |            |      |                     |                      |         |            |           |          |          |                  |              |                   |              |
| N23        |                            |            | GND                          | GND           |             |         |            |      |                     |                      |     0.0 |            |           |          |          |                  |              |                   |              |
| N24        | iic_lm73_scl_io            | High Range | IO_L4P_T0_AD9P_15            | BIDIR         | LVCMOS18    |      15 |          8 | SLOW |                     |                 NONE |         | FIXED      |           |          |          | NONE             |              |                   |              |
| N25        | iic_lm73_sda_io            | High Range | IO_L4N_T0_AD9N_15            | BIDIR         | LVCMOS18    |      15 |          8 | SLOW |                     |                 NONE |         | FIXED      |           |          |          | NONE             |              |                   |              |
| N26        |                            | High Range | VCCO_15                      | VCCO          |             |      15 |            |      |                     |                      |    1.80 |            |           |          |          |                  |              |                   |              |
| N27        |                            | High Range | IO_L3N_T0_DQS_AD1N_15        | User IO       |             |      15 |            |      |                     |                      |         |            |           |          |          |                  |              |                   |              |
| N28        |                            | High Range | IO_L1P_T0_AD0P_15            | User IO       |             |      15 |            |      |                     |                      |         |            |           |          |          |                  |              |                   |              |
| N29        |                            | High Range | IO_L2N_T0_AD8N_15            | User IO       |             |      15 |            |      |                     |                      |         |            |           |          |          |                  |              |                   |              |
| N30        | led_3bits_tri_o[2]         | High Range | IO_L14N_T2_SRCC_15           | OUTPUT        | LVCMOS18    |      15 |          8 | SLOW |                     |                 NONE |         | FIXED      |           |          |          | NONE             |              |                   |              |
| N31        |                            |            | GND                          | GND           |             |         |            |      |                     |                      |     0.0 |            |           |          |          |                  |              |                   |              |
| N32        |                            | High Range | IO_L16P_T2_A28_15            | User IO       |             |      15 |            |      |                     |                      |         |            |           |          |          |                  |              |                   |              |
| N33        |                            | High Range | IO_L17P_T2_A26_15            | User IO       |             |      15 |            |      |                     |                      |         |            |           |          |          |                  |              |                   |              |
| N34        |                            | High Range | IO_L18N_T2_A23_15            | User IO       |             |      15 |            |      |                     |                      |         |            |           |          |          |                  |              |                   |              |
| P1         |                            |            | MGTXTXN2_115                 | Gigabit       |             |         |            |      |                     |                      |         |            |           |          |          |                  |              |                   |              |
| P2         |                            |            | MGTXTXP2_115                 | Gigabit       |             |         |            |      |                     |                      |         |            |           |          |          |                  |              |                   |              |
| P3         |                            |            | GND                          | GND           |             |         |            |      |                     |                      |     0.0 |            |           |          |          |                  |              |                   |              |
| P4         |                            |            | GND                          | GND           |             |         |            |      |                     |                      |     0.0 |            |           |          |          |                  |              |                   |              |
| P5         |                            |            | MGTXRXN2_115                 | Gigabit       |             |         |            |      |                     |                      |         |            |           |          |          |                  |              |                   |              |
| P6         |                            |            | MGTXRXP2_115                 | Gigabit       |             |         |            |      |                     |                      |         |            |           |          |          |                  |              |                   |              |
| P7         |                            |            | GND                          | GND           |             |         |            |      |                     |                      |     0.0 |            |           |          |          |                  |              |                   |              |
| P8         |                            |            | GND                          | GND           |             |         |            |      |                     |                      |     0.0 |            |           |          |          |                  |              |                   |              |
| P9         |                            |            | GND                          | GND           |             |         |            |      |                     |                      |     0.0 |            |           |          |          |                  |              |                   |              |
| P10        |                            |            | GND                          | GND           |             |         |            |      |                     |                      |     0.0 |            |           |          |          |                  |              |                   |              |
| P11        |                            |            | VCCINT                       | VCCINT        |             |         |            |      |                     |                      |         |            |           |          |          |                  |              |                   |              |
| P12        |                            |            | GND                          | GND           |             |         |            |      |                     |                      |     0.0 |            |           |          |          |                  |              |                   |              |
| P13        |                            |            | VCCINT                       | VCCINT        |             |         |            |      |                     |                      |         |            |           |          |          |                  |              |                   |              |
| P14        |                            |            | GND                          | GND           |             |         |            |      |                     |                      |     0.0 |            |           |          |          |                  |              |                   |              |
| P15        |                            |            | VCCINT                       | VCCINT        |             |         |            |      |                     |                      |         |            |           |          |          |                  |              |                   |              |
| P16        |                            |            | GND                          | GND           |             |         |            |      |                     |                      |     0.0 |            |           |          |          |                  |              |                   |              |
| P17        |                            |            | VCCINT                       | VCCINT        |             |         |            |      |                     |                      |         |            |           |          |          |                  |              |                   |              |
| P18        |                            |            | GND                          | GND           |             |         |            |      |                     |                      |     0.0 |            |           |          |          |                  |              |                   |              |
| P19        |                            |            | VCCINT                       | VCCINT        |             |         |            |      |                     |                      |         |            |           |          |          |                  |              |                   |              |
| P20        |                            |            | GND                          | GND           |             |         |            |      |                     |                      |     0.0 |            |           |          |          |                  |              |                   |              |
| P21        |                            |            | VCCINT                       | VCCINT        |             |         |            |      |                     |                      |         |            |           |          |          |                  |              |                   |              |
| P22        |                            |            | GND                          | GND           |             |         |            |      |                     |                      |     0.0 |            |           |          |          |                  |              |                   |              |
| P23        |                            |            | VCCINT                       | VCCINT        |             |         |            |      |                     |                      |         |            |           |          |          |                  |              |                   |              |
| P24        |                            | High Range | IO_L6N_T0_VREF_15            | User IO       |             |      15 |            |      |                     |                      |         |            |           |          |          |                  |              |                   |              |
| P25        |                            | High Range | IO_L5P_T0_AD2P_15            | User IO       |             |      15 |            |      |                     |                      |         |            |           |          |          |                  |              |                   |              |
| P26        |                            | High Range | IO_L5N_T0_AD2N_15            | User IO       |             |      15 |            |      |                     |                      |         |            |           |          |          |                  |              |                   |              |
| P27        |                            | High Range | IO_L3P_T0_DQS_AD1P_15        | User IO       |             |      15 |            |      |                     |                      |         |            |           |          |          |                  |              |                   |              |
| P28        |                            |            | GND                          | GND           |             |         |            |      |                     |                      |     0.0 |            |           |          |          |                  |              |                   |              |
| P29        |                            | High Range | IO_L2P_T0_AD8P_15            | User IO       |             |      15 |            |      |                     |                      |         |            |           |          |          |                  |              |                   |              |
| P30        | led_3bits_tri_o[0]         | High Range | IO_L14P_T2_SRCC_15           | OUTPUT        | LVCMOS18    |      15 |          8 | SLOW |                     |                 NONE |         | FIXED      |           |          |          | NONE             |              |                   |              |
| P31        |                            | High Range | IO_L13N_T2_MRCC_15           | User IO       |             |      15 |            |      |                     |                      |         |            |           |          |          |                  |              |                   |              |
| P32        |                            | High Range | IO_L22N_T3_A16_15            | User IO       |             |      15 |            |      |                     |                      |         |            |           |          |          |                  |              |                   |              |
| P33        |                            | High Range | VCCO_15                      | VCCO          |             |      15 |            |      |                     |                      |    1.80 |            |           |          |          |                  |              |                   |              |
| P34        |                            | High Range | IO_L18P_T2_A24_15            | User IO       |             |      15 |            |      |                     |                      |         |            |           |          |          |                  |              |                   |              |
| R1         |                            |            | GND                          | GND           |             |         |            |      |                     |                      |     0.0 |            |           |          |          |                  |              |                   |              |
| R2         |                            |            | MGTAVTT_G11                  | Gigabit Power |             |         |            |      |                     |                      |         |            |           |          |          |                  |              |                   |              |
| R3         |                            |            | MGTXRXN1_115                 | Gigabit       |             |         |            |      |                     |                      |         |            |           |          |          |                  |              |                   |              |
| R4         |                            |            | MGTXRXP1_115                 | Gigabit       |             |         |            |      |                     |                      |         |            |           |          |          |                  |              |                   |              |
| R5         |                            |            | GND                          | GND           |             |         |            |      |                     |                      |     0.0 |            |           |          |          |                  |              |                   |              |
| R6         |                            |            | MGTAVCC_G11                  | Gigabit Power |             |         |            |      |                     |                      |         |            |           |          |          |                  |              |                   |              |
| R7         |                            |            | MGTREFCLK0N_115              | Gigabit       |             |         |            |      |                     |                      |         |            |           |          |          |                  |              |                   |              |
| R8         |                            |            | MGTREFCLK0P_115              | Gigabit       |             |         |            |      |                     |                      |         |            |           |          |          |                  |              |                   |              |
| R9         |                            |            | GND                          | GND           |             |         |            |      |                     |                      |     0.0 |            |           |          |          |                  |              |                   |              |
| R10        |                            |            | GND                          | GND           |             |         |            |      |                     |                      |     0.0 |            |           |          |          |                  |              |                   |              |
| R11        |                            |            | GND                          | GND           |             |         |            |      |                     |                      |     0.0 |            |           |          |          |                  |              |                   |              |
| R12        |                            |            | VCCINT                       | VCCINT        |             |         |            |      |                     |                      |         |            |           |          |          |                  |              |                   |              |
| R13        |                            |            | GND                          | GND           |             |         |            |      |                     |                      |     0.0 |            |           |          |          |                  |              |                   |              |
| R14        |                            |            | VCCINT                       | VCCINT        |             |         |            |      |                     |                      |         |            |           |          |          |                  |              |                   |              |
| R15        |                            |            | GND                          | GND           |             |         |            |      |                     |                      |     0.0 |            |           |          |          |                  |              |                   |              |
| R16        |                            |            | VCCINT                       | VCCINT        |             |         |            |      |                     |                      |         |            |           |          |          |                  |              |                   |              |
| R17        |                            |            | GND                          | GND           |             |         |            |      |                     |                      |     0.0 |            |           |          |          |                  |              |                   |              |
| R18        |                            |            | VCCINT                       | VCCINT        |             |         |            |      |                     |                      |         |            |           |          |          |                  |              |                   |              |
| R19        |                            |            | GND                          | GND           |             |         |            |      |                     |                      |     0.0 |            |           |          |          |                  |              |                   |              |
| R20        |                            |            | VCCBRAM                      | VCCBRAM       |             |         |            |      |                     |                      |         |            |           |          |          |                  |              |                   |              |
| R21        |                            |            | GND                          | GND           |             |         |            |      |                     |                      |     0.0 |            |           |          |          |                  |              |                   |              |
| R22        |                            |            | VCCINT                       | VCCINT        |             |         |            |      |                     |                      |         |            |           |          |          |                  |              |                   |              |
| R23        |                            |            | GND                          | GND           |             |         |            |      |                     |                      |     0.0 |            |           |          |          |                  |              |                   |              |
| R24        |                            | High Range | IO_L6P_T0_15                 | User IO       |             |      15 |            |      |                     |                      |         |            |           |          |          |                  |              |                   |              |
| R25        |                            |            | GND                          | GND           |             |         |            |      |                     |                      |     0.0 |            |           |          |          |                  |              |                   |              |
| R26        |                            | High Range | IO_L7P_T1_AD10P_15           | User IO       |             |      15 |            |      |                     |                      |         |            |           |          |          |                  |              |                   |              |
| R27        |                            | High Range | IO_L7N_T1_AD10N_15           | User IO       |             |      15 |            |      |                     |                      |         |            |           |          |          |                  |              |                   |              |
| R28        | resetn                     | High Range | IO_L12P_T1_MRCC_AD5P_15      | INPUT         | LVCMOS18    |      15 |            |      |                     |                 NONE |         | FIXED      |           |          |          | NONE             |              |                   |              |
| R29        |                            | High Range | IO_L12N_T1_MRCC_AD5N_15      | User IO       |             |      15 |            |      |                     |                      |         |            |           |          |          |                  |              |                   |              |
| R30        |                            | High Range | VCCO_15                      | VCCO          |             |      15 |            |      |                     |                      |    1.80 |            |           |          |          |                  |              |                   |              |
| R31        |                            | High Range | IO_L13P_T2_MRCC_15           | User IO       |             |      15 |            |      |                     |                      |         |            |           |          |          |                  |              |                   |              |
| R32        |                            | High Range | IO_L22P_T3_A17_15            | User IO       |             |      15 |            |      |                     |                      |         |            |           |          |          |                  |              |                   |              |
| R33        |                            | High Range | IO_L24P_T3_RS1_15            | User IO       |             |      15 |            |      |                     |                      |         |            |           |          |          |                  |              |                   |              |
| R34        |                            | High Range | IO_L24N_T3_RS0_15            | User IO       |             |      15 |            |      |                     |                      |         |            |           |          |          |                  |              |                   |              |
| T1         |                            |            | MGTXTXN1_115                 | Gigabit       |             |         |            |      |                     |                      |         |            |           |          |          |                  |              |                   |              |
| T2         |                            |            | MGTXTXP1_115                 | Gigabit       |             |         |            |      |                     |                      |         |            |           |          |          |                  |              |                   |              |
| T3         |                            |            | MGTAVTT_G11                  | Gigabit Power |             |         |            |      |                     |                      |         |            |           |          |          |                  |              |                   |              |
| T4         |                            |            | GND                          | GND           |             |         |            |      |                     |                      |     0.0 |            |           |          |          |                  |              |                   |              |
| T5         |                            |            | MGTXRXN0_115                 | Gigabit       |             |         |            |      |                     |                      |         |            |           |          |          |                  |              |                   |              |
| T6         |                            |            | MGTXRXP0_115                 | Gigabit       |             |         |            |      |                     |                      |         |            |           |          |          |                  |              |                   |              |
| T7         |                            |            | GND                          | GND           |             |         |            |      |                     |                      |     0.0 |            |           |          |          |                  |              |                   |              |
| T8         |                            |            | GND                          | GND           |             |         |            |      |                     |                      |     0.0 |            |           |          |          |                  |              |                   |              |
| T9         |                            |            | MGTRREF_115                  | Gigabit       |             |         |            |      |                     |                      |         |            |           |          |          |                  |              |                   |              |
| T10        |                            |            | MGTAVTTRCAL_115              | Gigabit       |             |         |            |      |                     |                      |         |            |           |          |          |                  |              |                   |              |
| T11        |                            |            | GND                          | GND           |             |         |            |      |                     |                      |     0.0 |            |           |          |          |                  |              |                   |              |
| T12        |                            |            | GND                          | GND           |             |         |            |      |                     |                      |     0.0 |            |           |          |          |                  |              |                   |              |
| T13        |                            |            | VCCINT                       | VCCINT        |             |         |            |      |                     |                      |         |            |           |          |          |                  |              |                   |              |
| T14        |                            |            | GND                          | GND           |             |         |            |      |                     |                      |     0.0 |            |           |          |          |                  |              |                   |              |
| T15        |                            |            | VCCINT                       | VCCINT        |             |         |            |      |                     |                      |         |            |           |          |          |                  |              |                   |              |
| T16        |                            | Dedicated  | GNDADC_0                     | XADC          |             |       0 |            |      |                     |                      |         |            |           |          |          |                  |              |                   |              |
| T17        |                            | Dedicated  | VCCADC_0                     | XADC          |             |       0 |            |      |                     |                      |         |            |           |          |          |                  |              |                   |              |
| T18        |                            |            | GND                          | GND           |             |         |            |      |                     |                      |     0.0 |            |           |          |          |                  |              |                   |              |
| T19        |                            |            | VCCBRAM                      | VCCBRAM       |             |         |            |      |                     |                      |         |            |           |          |          |                  |              |                   |              |
| T20        |                            |            | GND                          | GND           |             |         |            |      |                     |                      |     0.0 |            |           |          |          |                  |              |                   |              |
| T21        |                            |            | VCCINT                       | VCCINT        |             |         |            |      |                     |                      |         |            |           |          |          |                  |              |                   |              |
| T22        |                            |            | GND                          | GND           |             |         |            |      |                     |                      |     0.0 |            |           |          |          |                  |              |                   |              |
| T23        |                            |            | VCCINT                       | VCCINT        |             |         |            |      |                     |                      |         |            |           |          |          |                  |              |                   |              |
| T24        |                            | High Range | IO_0_15                      | User IO       |             |      15 |            |      |                     |                      |         |            |           |          |          |                  |              |                   |              |
| T25        |                            | High Range | IO_L8P_T1_AD3P_15            | User IO       |             |      15 |            |      |                     |                      |         |            |           |          |          |                  |              |                   |              |
| T26        |                            | High Range | IO_L8N_T1_AD3N_15            | User IO       |             |      15 |            |      |                     |                      |         |            |           |          |          |                  |              |                   |              |
| T27        |                            | High Range | VCCO_15                      | VCCO          |             |      15 |            |      |                     |                      |    1.80 |            |           |          |          |                  |              |                   |              |
| T28        |                            | High Range | IO_L11P_T1_SRCC_AD12P_15     | User IO       |             |      15 |            |      |                     |                      |         |            |           |          |          |                  |              |                   |              |
| T29        |                            | High Range | IO_L11N_T1_SRCC_AD12N_15     | User IO       |             |      15 |            |      |                     |                      |         |            |           |          |          |                  |              |                   |              |
| T30        |                            | High Range | IO_L20P_T3_A20_15            | User IO       |             |      15 |            |      |                     |                      |         |            |           |          |          |                  |              |                   |              |
| T31        |                            | High Range | IO_L20N_T3_A19_15            | User IO       |             |      15 |            |      |                     |                      |         |            |           |          |          |                  |              |                   |              |
| T32        |                            |            | GND                          | GND           |             |         |            |      |                     |                      |     0.0 |            |           |          |          |                  |              |                   |              |
| T33        |                            | High Range | IO_L23P_T3_FOE_B_15          | User IO       |             |      15 |            |      |                     |                      |         |            |           |          |          |                  |              |                   |              |
| T34        |                            | High Range | IO_L23N_T3_FWE_B_15          | User IO       |             |      15 |            |      |                     |                      |         |            |           |          |          |                  |              |                   |              |
| U1         |                            |            | GND                          | GND           |             |         |            |      |                     |                      |     0.0 |            |           |          |          |                  |              |                   |              |
| U2         |                            |            | GND                          | GND           |             |         |            |      |                     |                      |     0.0 |            |           |          |          |                  |              |                   |              |
| U3         |                            |            | MGTXTXN0_115                 | Gigabit       |             |         |            |      |                     |                      |         |            |           |          |          |                  |              |                   |              |
| U4         |                            |            | MGTXTXP0_115                 | Gigabit       |             |         |            |      |                     |                      |         |            |           |          |          |                  |              |                   |              |
| U5         |                            |            | GND                          | GND           |             |         |            |      |                     |                      |     0.0 |            |           |          |          |                  |              |                   |              |
| U6         |                            |            | MGTAVCC_G11                  | Gigabit Power |             |         |            |      |                     |                      |         |            |           |          |          |                  |              |                   |              |
| U7         |                            |            | MGTREFCLK1N_115              | Gigabit       |             |         |            |      |                     |                      |         |            |           |          |          |                  |              |                   |              |
| U8         |                            |            | MGTREFCLK1P_115              | Gigabit       |             |         |            |      |                     |                      |         |            |           |          |          |                  |              |                   |              |
| U9         |                            |            | GND                          | GND           |             |         |            |      |                     |                      |     0.0 |            |           |          |          |                  |              |                   |              |
| U10        |                            |            | GND                          | GND           |             |         |            |      |                     |                      |     0.0 |            |           |          |          |                  |              |                   |              |
| U11        |                            |            | GND                          | GND           |             |         |            |      |                     |                      |     0.0 |            |           |          |          |                  |              |                   |              |
| U12        |                            |            | VCCINT                       | VCCINT        |             |         |            |      |                     |                      |         |            |           |          |          |                  |              |                   |              |
| U13        |                            |            | GND                          | GND           |             |         |            |      |                     |                      |     0.0 |            |           |          |          |                  |              |                   |              |
| U14        |                            |            | VCCINT                       | VCCINT        |             |         |            |      |                     |                      |         |            |           |          |          |                  |              |                   |              |
| U15        |                            |            | GND                          | GND           |             |         |            |      |                     |                      |     0.0 |            |           |          |          |                  |              |                   |              |
| U16        |                            | Dedicated  | VREFN_0                      | XADC          |             |       0 |            |      |                     |                      |         |            |           |          |          |                  |              |                   |              |
| U17        |                            | Dedicated  | VP_0                         | XADC          |             |       0 |            |      |                     |                      |         |            |           |          |          |                  |              |                   |              |
| U18        |                            |            | VCCINT                       | VCCINT        |             |         |            |      |                     |                      |         |            |           |          |          |                  |              |                   |              |
| U19        |                            |            | GND                          | GND           |             |         |            |      |                     |                      |     0.0 |            |           |          |          |                  |              |                   |              |
| U20        |                            |            | VCCBRAM                      | VCCBRAM       |             |         |            |      |                     |                      |         |            |           |          |          |                  |              |                   |              |
| U21        |                            |            | GND                          | GND           |             |         |            |      |                     |                      |     0.0 |            |           |          |          |                  |              |                   |              |
| U22        |                            |            | VCCINT                       | VCCINT        |             |         |            |      |                     |                      |         |            |           |          |          |                  |              |                   |              |
| U23        |                            |            | GND                          | GND           |             |         |            |      |                     |                      |     0.0 |            |           |          |          |                  |              |                   |              |
| U24        |                            | High Range | VCCO_15                      | VCCO          |             |      15 |            |      |                     |                      |    1.80 |            |           |          |          |                  |              |                   |              |
| U25        |                            | High Range | IO_L9P_T1_DQS_AD11P_15       | User IO       |             |      15 |            |      |                     |                      |         |            |           |          |          |                  |              |                   |              |
| U26        |                            | High Range | IO_L9N_T1_DQS_AD11N_15       | User IO       |             |      15 |            |      |                     |                      |         |            |           |          |          |                  |              |                   |              |
| U27        |                            | High Range | IO_L10P_T1_AD4P_15           | User IO       |             |      15 |            |      |                     |                      |         |            |           |          |          |                  |              |                   |              |
| U28        |                            | High Range | IO_L10N_T1_AD4N_15           | User IO       |             |      15 |            |      |                     |                      |         |            |           |          |          |                  |              |                   |              |
| U29        |                            |            | GND                          | GND           |             |         |            |      |                     |                      |     0.0 |            |           |          |          |                  |              |                   |              |
| U30        |                            | High Range | IO_L19P_T3_A22_15            | User IO       |             |      15 |            |      |                     |                      |         |            |           |          |          |                  |              |                   |              |
| U31        |                            | High Range | IO_L19N_T3_A21_VREF_15       | User IO       |             |      15 |            |      |                     |                      |         |            |           |          |          |                  |              |                   |              |
| U32        |                            | High Range | IO_L21P_T3_DQS_15            | User IO       |             |      15 |            |      |                     |                      |         |            |           |          |          |                  |              |                   |              |
| U33        |                            | High Range | IO_L21N_T3_DQS_A18_15        | User IO       |             |      15 |            |      |                     |                      |         |            |           |          |          |                  |              |                   |              |
| U34        |                            | High Range | VCCO_15                      | VCCO          |             |      15 |            |      |                     |                      |    1.80 |            |           |          |          |                  |              |                   |              |
| V1         |                            |            | MGTXTXN3_114                 | Gigabit       |             |         |            |      |                     |                      |         |            |           |          |          |                  |              |                   |              |
| V2         |                            |            | MGTXTXP3_114                 | Gigabit       |             |         |            |      |                     |                      |         |            |           |          |          |                  |              |                   |              |
| V3         |                            |            | GND                          | GND           |             |         |            |      |                     |                      |     0.0 |            |           |          |          |                  |              |                   |              |
| V4         |                            |            | GND                          | GND           |             |         |            |      |                     |                      |     0.0 |            |           |          |          |                  |              |                   |              |
| V5         |                            |            | MGTXRXN3_114                 | Gigabit       |             |         |            |      |                     |                      |         |            |           |          |          |                  |              |                   |              |
| V6         |                            |            | MGTXRXP3_114                 | Gigabit       |             |         |            |      |                     |                      |         |            |           |          |          |                  |              |                   |              |
| V7         |                            |            | GND                          | GND           |             |         |            |      |                     |                      |     0.0 |            |           |          |          |                  |              |                   |              |
| V8         |                            |            | GND                          | GND           |             |         |            |      |                     |                      |     0.0 |            |           |          |          |                  |              |                   |              |
| V9         |                            |            | GND                          | GND           |             |         |            |      |                     |                      |     0.0 |            |           |          |          |                  |              |                   |              |
| V10        |                            |            | GND                          | GND           |             |         |            |      |                     |                      |     0.0 |            |           |          |          |                  |              |                   |              |
| V11        |                            |            | VCCINT                       | VCCINT        |             |         |            |      |                     |                      |         |            |           |          |          |                  |              |                   |              |
| V12        |                            |            | GND                          | GND           |             |         |            |      |                     |                      |     0.0 |            |           |          |          |                  |              |                   |              |
| V13        |                            |            | VCCINT                       | VCCINT        |             |         |            |      |                     |                      |         |            |           |          |          |                  |              |                   |              |
| V14        |                            |            | GND                          | GND           |             |         |            |      |                     |                      |     0.0 |            |           |          |          |                  |              |                   |              |
| V15        |                            |            | VCCINT                       | VCCINT        |             |         |            |      |                     |                      |         |            |           |          |          |                  |              |                   |              |
| V16        |                            | Dedicated  | VN_0                         | XADC          |             |       0 |            |      |                     |                      |         |            |           |          |          |                  |              |                   |              |
| V17        |                            | Dedicated  | VREFP_0                      | XADC          |             |       0 |            |      |                     |                      |         |            |           |          |          |                  |              |                   |              |
| V18        |                            |            | GND                          | GND           |             |         |            |      |                     |                      |     0.0 |            |           |          |          |                  |              |                   |              |
| V19        |                            |            | VCCBRAM                      | VCCBRAM       |             |         |            |      |                     |                      |         |            |           |          |          |                  |              |                   |              |
| V20        |                            |            | GND                          | GND           |             |         |            |      |                     |                      |     0.0 |            |           |          |          |                  |              |                   |              |
| V21        |                            |            | VCCINT                       | VCCINT        |             |         |            |      |                     |                      |         |            |           |          |          |                  |              |                   |              |
| V22        |                            |            | GND                          | GND           |             |         |            |      |                     |                      |     0.0 |            |           |          |          |                  |              |                   |              |
| V23        |                            |            | VCCINT                       | VCCINT        |             |         |            |      |                     |                      |         |            |           |          |          |                  |              |                   |              |
| V24        |                            | High Range | IO_25_15                     | User IO       |             |      15 |            |      |                     |                      |         |            |           |          |          |                  |              |                   |              |
| V25        |                            | High Range | IO_L7P_T1_D09_14             | User IO       |             |      14 |            |      |                     |                      |         |            |           |          |          |                  |              |                   |              |
| V26        |                            |            | GND                          | GND           |             |         |            |      |                     |                      |     0.0 |            |           |          |          |                  |              |                   |              |
| V27        |                            | High Range | IO_L9P_T1_DQS_14             | User IO       |             |      14 |            |      |                     |                      |         |            |           |          |          |                  |              |                   |              |
| V28        |                            | High Range | IO_L9N_T1_DQS_D13_14         | User IO       |             |      14 |            |      |                     |                      |         |            |           |          |          |                  |              |                   |              |
| V29        |                            | High Range | IO_L8P_T1_D11_14             | User IO       |             |      14 |            |      |                     |                      |         |            |           |          |          |                  |              |                   |              |
| V30        |                            | High Range | IO_L6P_T0_FCS_B_14           | User IO       |             |      14 |            |      |                     |                      |         |            |           |          |          |                  |              |                   |              |
| V31        |                            | High Range | VCCO_14                      | VCCO          |             |      14 |            |      |                     |                      |    1.80 |            |           |          |          |                  |              |                   |              |
| V32        |                            | High Range | IO_L4P_T0_D04_14             | User IO       |             |      14 |            |      |                     |                      |         |            |           |          |          |                  |              |                   |              |
| V33        |                            | High Range | IO_L4N_T0_D05_14             | User IO       |             |      14 |            |      |                     |                      |         |            |           |          |          |                  |              |                   |              |
| V34        |                            | High Range | IO_L3P_T0_DQS_PUDC_B_14      | User IO       |             |      14 |            |      |                     |                      |         |            |           |          |          |                  |              |                   |              |
| W1         |                            |            | GND                          | GND           |             |         |            |      |                     |                      |     0.0 |            |           |          |          |                  |              |                   |              |
| W2         |                            |            | MGTAVTT_G10                  | Gigabit Power |             |         |            |      |                     |                      |         |            |           |          |          |                  |              |                   |              |
| W3         |                            |            | MGTXTXN2_114                 | Gigabit       |             |         |            |      |                     |                      |         |            |           |          |          |                  |              |                   |              |
| W4         |                            |            | MGTXTXP2_114                 | Gigabit       |             |         |            |      |                     |                      |         |            |           |          |          |                  |              |                   |              |
| W5         |                            |            | GND                          | GND           |             |         |            |      |                     |                      |     0.0 |            |           |          |          |                  |              |                   |              |
| W6         |                            |            | MGTAVCC_G10                  | Gigabit Power |             |         |            |      |                     |                      |         |            |           |          |          |                  |              |                   |              |
| W7         |                            |            | MGTREFCLK0N_114              | Gigabit       |             |         |            |      |                     |                      |         |            |           |          |          |                  |              |                   |              |
| W8         |                            |            | MGTREFCLK0P_114              | Gigabit       |             |         |            |      |                     |                      |         |            |           |          |          |                  |              |                   |              |
| W9         |                            |            | GND                          | GND           |             |         |            |      |                     |                      |     0.0 |            |           |          |          |                  |              |                   |              |
| W10        |                            |            | VCCINT                       | VCCINT        |             |         |            |      |                     |                      |         |            |           |          |          |                  |              |                   |              |
| W11        |                            |            | GND                          | GND           |             |         |            |      |                     |                      |     0.0 |            |           |          |          |                  |              |                   |              |
| W12        |                            |            | VCCINT                       | VCCINT        |             |         |            |      |                     |                      |         |            |           |          |          |                  |              |                   |              |
| W13        |                            |            | GND                          | GND           |             |         |            |      |                     |                      |     0.0 |            |           |          |          |                  |              |                   |              |
| W14        |                            |            | VCCINT                       | VCCINT        |             |         |            |      |                     |                      |         |            |           |          |          |                  |              |                   |              |
| W15        |                            |            | GND                          | GND           |             |         |            |      |                     |                      |     0.0 |            |           |          |          |                  |              |                   |              |
| W16        |                            | Dedicated  | DXN_0                        | Temp Sensor   |             |       0 |            |      |                     |                      |         |            |           |          |          |                  |              |                   |              |
| W17        |                            | Dedicated  | DXP_0                        | Temp Sensor   |             |       0 |            |      |                     |                      |         |            |           |          |          |                  |              |                   |              |
| W18        |                            |            | VCCINT                       | VCCINT        |             |         |            |      |                     |                      |         |            |           |          |          |                  |              |                   |              |
| W19        |                            |            | GND                          | GND           |             |         |            |      |                     |                      |     0.0 |            |           |          |          |                  |              |                   |              |
| W20        |                            |            | VCCBRAM                      | VCCBRAM       |             |         |            |      |                     |                      |         |            |           |          |          |                  |              |                   |              |
| W21        |                            |            | GND                          | GND           |             |         |            |      |                     |                      |     0.0 |            |           |          |          |                  |              |                   |              |
| W22        |                            |            | VCCINT                       | VCCINT        |             |         |            |      |                     |                      |         |            |           |          |          |                  |              |                   |              |
| W23        |                            |            | GND                          | GND           |             |         |            |      |                     |                      |     0.0 |            |           |          |          |                  |              |                   |              |
| W24        |                            | High Range | IO_L10P_T1_D14_14            | User IO       |             |      14 |            |      |                     |                      |         |            |           |          |          |                  |              |                   |              |
| W25        |                            | High Range | IO_L7N_T1_D10_14             | User IO       |             |      14 |            |      |                     |                      |         |            |           |          |          |                  |              |                   |              |
| W26        |                            | High Range | IO_L11P_T1_SRCC_14           | User IO       |             |      14 |            |      |                     |                      |         |            |           |          |          |                  |              |                   |              |
| W27        |                            | High Range | IO_L11N_T1_SRCC_14           | User IO       |             |      14 |            |      |                     |                      |         |            |           |          |          |                  |              |                   |              |
| W28        |                            | High Range | VCCO_14                      | VCCO          |             |      14 |            |      |                     |                      |    1.80 |            |           |          |          |                  |              |                   |              |
| W29        |                            | High Range | IO_L8N_T1_D12_14             | User IO       |             |      14 |            |      |                     |                      |         |            |           |          |          |                  |              |                   |              |
| W30        |                            | High Range | IO_L6N_T0_D08_VREF_14        | User IO       |             |      14 |            |      |                     |                      |         |            |           |          |          |                  |              |                   |              |
| W31        |                            | High Range | IO_L5P_T0_D06_14             | User IO       |             |      14 |            |      |                     |                      |         |            |           |          |          |                  |              |                   |              |
| W32        |                            | High Range | IO_L5N_T0_D07_14             | User IO       |             |      14 |            |      |                     |                      |         |            |           |          |          |                  |              |                   |              |
| W33        |                            |            | GND                          | GND           |             |         |            |      |                     |                      |     0.0 |            |           |          |          |                  |              |                   |              |
| W34        |                            | High Range | IO_L3N_T0_DQS_EMCCLK_14      | User IO       |             |      14 |            |      |                     |                      |         |            |           |          |          |                  |              |                   |              |
| Y1         |                            |            | MGTXTXN1_114                 | Gigabit       |             |         |            |      |                     |                      |         |            |           |          |          |                  |              |                   |              |
| Y2         |                            |            | MGTXTXP1_114                 | Gigabit       |             |         |            |      |                     |                      |         |            |           |          |          |                  |              |                   |              |
| Y3         |                            |            | MGTAVTT_G10                  | Gigabit Power |             |         |            |      |                     |                      |         |            |           |          |          |                  |              |                   |              |
| Y4         |                            |            | GND                          | GND           |             |         |            |      |                     |                      |     0.0 |            |           |          |          |                  |              |                   |              |
| Y5         |                            |            | MGTXRXN2_114                 | Gigabit       |             |         |            |      |                     |                      |         |            |           |          |          |                  |              |                   |              |
| Y6         |                            |            | MGTXRXP2_114                 | Gigabit       |             |         |            |      |                     |                      |         |            |           |          |          |                  |              |                   |              |
| Y7         |                            |            | GND                          | GND           |             |         |            |      |                     |                      |     0.0 |            |           |          |          |                  |              |                   |              |
| Y8         |                            |            | GND                          | GND           |             |         |            |      |                     |                      |     0.0 |            |           |          |          |                  |              |                   |              |
| Y9         |                            |            | GND                          | GND           |             |         |            |      |                     |                      |     0.0 |            |           |          |          |                  |              |                   |              |
| Y10        |                            |            | GND                          | GND           |             |         |            |      |                     |                      |     0.0 |            |           |          |          |                  |              |                   |              |
| Y11        |                            |            | VCCINT                       | VCCINT        |             |         |            |      |                     |                      |         |            |           |          |          |                  |              |                   |              |
| Y12        |                            |            | GND                          | GND           |             |         |            |      |                     |                      |     0.0 |            |           |          |          |                  |              |                   |              |
| Y13        |                            |            | VCCINT                       | VCCINT        |             |         |            |      |                     |                      |         |            |           |          |          |                  |              |                   |              |
| Y14        |                            |            | GND                          | GND           |             |         |            |      |                     |                      |     0.0 |            |           |          |          |                  |              |                   |              |
| Y15        |                            |            | VCCAUX                       | VCCAUX        |             |         |            |      |                     |                      |    1.80 |            |           |          |          |                  |              |                   |              |
| Y16        |                            |            | GND                          | GND           |             |         |            |      |                     |                      |     0.0 |            |           |          |          |                  |              |                   |              |
| Y17        |                            |            | VCCAUX                       | VCCAUX        |             |         |            |      |                     |                      |    1.80 |            |           |          |          |                  |              |                   |              |
| Y18        |                            |            | GND                          | GND           |             |         |            |      |                     |                      |     0.0 |            |           |          |          |                  |              |                   |              |
| Y19        |                            |            | VCCBRAM                      | VCCBRAM       |             |         |            |      |                     |                      |         |            |           |          |          |                  |              |                   |              |
| Y20        |                            |            | GND                          | GND           |             |         |            |      |                     |                      |     0.0 |            |           |          |          |                  |              |                   |              |
| Y21        |                            |            | VCCINT                       | VCCINT        |             |         |            |      |                     |                      |         |            |           |          |          |                  |              |                   |              |
| Y22        |                            |            | GND                          | GND           |             |         |            |      |                     |                      |     0.0 |            |           |          |          |                  |              |                   |              |
| Y23        |                            |            | VCCINT                       | VCCINT        |             |         |            |      |                     |                      |         |            |           |          |          |                  |              |                   |              |
| Y24        |                            | High Range | IO_L10N_T1_D15_14            | User IO       |             |      14 |            |      |                     |                      |         |            |           |          |          |                  |              |                   |              |
| Y25        |                            | High Range | VCCO_14                      | VCCO          |             |      14 |            |      |                     |                      |    1.80 |            |           |          |          |                  |              |                   |              |
| Y26        | pcie_perstn                | High Range | IO_L12P_T1_MRCC_14           | INPUT         | LVCMOS18    |      14 |            |      |                     |                 NONE |         | FIXED      |           |          |          | NONE             |              |                   |              |
| Y27        |                            | High Range | IO_L12N_T1_MRCC_14           | User IO       |             |      14 |            |      |                     |                      |         |            |           |          |          |                  |              |                   |              |
| Y28        |                            | High Range | IO_L14P_T2_SRCC_14           | User IO       |             |      14 |            |      |                     |                      |         |            |           |          |          |                  |              |                   |              |
| Y29        |                            | High Range | IO_L14N_T2_SRCC_14           | User IO       |             |      14 |            |      |                     |                      |         |            |           |          |          |                  |              |                   |              |
| Y30        |                            |            | GND                          | GND           |             |         |            |      |                     |                      |     0.0 |            |           |          |          |                  |              |                   |              |
| Y31        |                            | High Range | IO_L16P_T2_CSI_B_14          | User IO       |             |      14 |            |      |                     |                      |         |            |           |          |          |                  |              |                   |              |
| Y32        |                            | High Range | IO_L16N_T2_A15_D31_14        | User IO       |             |      14 |            |      |                     |                      |         |            |           |          |          |                  |              |                   |              |
| Y33        |                            | High Range | IO_L2P_T0_D02_14             | User IO       |             |      14 |            |      |                     |                      |         |            |           |          |          |                  |              |                   |              |
| Y34        |                            | High Range | IO_L2N_T0_D03_14             | User IO       |             |      14 |            |      |                     |                      |         |            |           |          |          |                  |              |                   |              |
+------------+----------------------------+------------+------------------------------+---------------+-------------+---------+------------+------+---------------------+----------------------+---------+------------+-----------+----------+----------+------------------+--------------+-------------------+--------------+
* Default value
** Special VCCO requirements may apply. Please consult the device family datasheet for specific guideline on VCCO requirements.


