
*** Running vivado
    with args -log design_1_wrapper.vdi -applog -m64 -product Vivado -messageDb vivado.pb -mode batch -source design_1_wrapper.tcl -notrace


****** Vivado v2020.1 (64-bit)
  **** SW Build 2902540 on Wed May 27 19:54:35 MDT 2020
  **** IP Build 2902112 on Wed May 27 22:43:36 MDT 2020
    ** Copyright 1986-2020 Xilinx, Inc. All Rights Reserved.

source design_1_wrapper.tcl -notrace
INFO: [IP_Flow 19-234] Refreshing IP repositories
INFO: [IP_Flow 19-1704] No user IP repositories specified
INFO: [IP_Flow 19-2313] Loaded Vivado IP repository '/tools/Xilinx/Vivado/2020.1/data/ip'.
Command: link_design -top design_1_wrapper -part xc7k480tffg1156-2
Design is defaulting to srcset: sources_1
Design is defaulting to constrset: constrs_1
INFO: [Device 21-403] Loading part xc7k480tffg1156-2
Netlist sorting complete. Time (s): cpu = 00:00:00.90 ; elapsed = 00:00:00.91 . Memory (MB): peak = 2226.117 ; gain = 3.000 ; free physical = 19229 ; free virtual = 32356
INFO: [Netlist 29-17] Analyzing 7605 Unisim elements for replacement
INFO: [Netlist 29-28] Unisim Transformation completed in 1 CPU seconds
INFO: [Project 1-479] Netlist was created with Vivado 2020.1
INFO: [Project 1-570] Preparing netlist for logic optimization
Parsing XDC File [/home/dipen/Kintex7/BasictTest/BasictTest.srcs/sources_1/bd/design_1/ip/design_1_xdma_0_2/ip_4/pcie2_fifo_generator_tgt_brdg.xdc] for cell 'design_1_i/xdma_0/inst/design_1_xdma_0_2_pcie2_to_pcie3_wrapper_i/design_1_xdma_0_2_axi_stream_intf_i/design_1_xdma_0_2_rx_demux_i/tgt_brdg_fifo_inst/U0'
Finished Parsing XDC File [/home/dipen/Kintex7/BasictTest/BasictTest.srcs/sources_1/bd/design_1/ip/design_1_xdma_0_2/ip_4/pcie2_fifo_generator_tgt_brdg.xdc] for cell 'design_1_i/xdma_0/inst/design_1_xdma_0_2_pcie2_to_pcie3_wrapper_i/design_1_xdma_0_2_axi_stream_intf_i/design_1_xdma_0_2_rx_demux_i/tgt_brdg_fifo_inst/U0'
Parsing XDC File [/home/dipen/Kintex7/BasictTest/BasictTest.srcs/sources_1/bd/design_1/ip/design_1_xdma_0_2/ip_3/pcie2_fifo_generator_dma_cpl.xdc] for cell 'design_1_i/xdma_0/inst/design_1_xdma_0_2_pcie2_to_pcie3_wrapper_i/design_1_xdma_0_2_axi_stream_intf_i/design_1_xdma_0_2_rx_demux_i/dma_cpl_fifo_inst/U0'
Finished Parsing XDC File [/home/dipen/Kintex7/BasictTest/BasictTest.srcs/sources_1/bd/design_1/ip/design_1_xdma_0_2/ip_3/pcie2_fifo_generator_dma_cpl.xdc] for cell 'design_1_i/xdma_0/inst/design_1_xdma_0_2_pcie2_to_pcie3_wrapper_i/design_1_xdma_0_2_axi_stream_intf_i/design_1_xdma_0_2_rx_demux_i/dma_cpl_fifo_inst/U0'
Parsing XDC File [/home/dipen/Kintex7/BasictTest/BasictTest.srcs/sources_1/bd/design_1/ip/design_1_xdma_0_2/ip_0/source/design_1_xdma_0_2_pcie2_ip-PCIE_X0Y0.xdc] for cell 'design_1_i/xdma_0/inst/design_1_xdma_0_2_pcie2_to_pcie3_wrapper_i/pcie2_ip_i/U0'
INFO: [Timing 38-35] Done setting XDC timing constraints. [/home/dipen/Kintex7/BasictTest/BasictTest.srcs/sources_1/bd/design_1/ip/design_1_xdma_0_2/ip_0/source/design_1_xdma_0_2_pcie2_ip-PCIE_X0Y0.xdc:136]
INFO: [Timing 38-2] Deriving generated clocks [/home/dipen/Kintex7/BasictTest/BasictTest.srcs/sources_1/bd/design_1/ip/design_1_xdma_0_2/ip_0/source/design_1_xdma_0_2_pcie2_ip-PCIE_X0Y0.xdc:136]
create_generated_clock: Time (s): cpu = 00:00:09 ; elapsed = 00:00:06 . Memory (MB): peak = 3373.113 ; gain = 719.328 ; free physical = 18267 ; free virtual = 31395
Finished Parsing XDC File [/home/dipen/Kintex7/BasictTest/BasictTest.srcs/sources_1/bd/design_1/ip/design_1_xdma_0_2/ip_0/source/design_1_xdma_0_2_pcie2_ip-PCIE_X0Y0.xdc] for cell 'design_1_i/xdma_0/inst/design_1_xdma_0_2_pcie2_to_pcie3_wrapper_i/pcie2_ip_i/U0'
Parsing XDC File [/home/dipen/Kintex7/BasictTest/BasictTest.srcs/sources_1/bd/design_1/ip/design_1_xdma_0_2/design_1_xdma_0_2_board.xdc] for cell 'design_1_i/xdma_0/inst'
Finished Parsing XDC File [/home/dipen/Kintex7/BasictTest/BasictTest.srcs/sources_1/bd/design_1/ip/design_1_xdma_0_2/design_1_xdma_0_2_board.xdc] for cell 'design_1_i/xdma_0/inst'
Parsing XDC File [/home/dipen/Kintex7/BasictTest/BasictTest.srcs/sources_1/bd/design_1/ip/design_1_xdma_0_2/source/design_1_xdma_0_2_pcie3_7vx_ip.xdc] for cell 'design_1_i/xdma_0/inst'
Finished Parsing XDC File [/home/dipen/Kintex7/BasictTest/BasictTest.srcs/sources_1/bd/design_1/ip/design_1_xdma_0_2/source/design_1_xdma_0_2_pcie3_7vx_ip.xdc] for cell 'design_1_i/xdma_0/inst'
Parsing XDC File [/home/dipen/Kintex7/BasictTest/BasictTest.srcs/sources_1/bd/design_1/ip/design_1_axi_gpio_0_1/design_1_axi_gpio_0_1_board.xdc] for cell 'design_1_i/axi_gpio_0/U0'
Finished Parsing XDC File [/home/dipen/Kintex7/BasictTest/BasictTest.srcs/sources_1/bd/design_1/ip/design_1_axi_gpio_0_1/design_1_axi_gpio_0_1_board.xdc] for cell 'design_1_i/axi_gpio_0/U0'
Parsing XDC File [/home/dipen/Kintex7/BasictTest/BasictTest.srcs/sources_1/bd/design_1/ip/design_1_axi_gpio_0_1/design_1_axi_gpio_0_1.xdc] for cell 'design_1_i/axi_gpio_0/U0'
Finished Parsing XDC File [/home/dipen/Kintex7/BasictTest/BasictTest.srcs/sources_1/bd/design_1/ip/design_1_axi_gpio_0_1/design_1_axi_gpio_0_1.xdc] for cell 'design_1_i/axi_gpio_0/U0'
Parsing XDC File [/home/dipen/Kintex7/BasictTest/BasictTest.srcs/sources_1/bd/design_1/ip/design_1_axi_iic_0_0/design_1_axi_iic_0_0_board.xdc] for cell 'design_1_i/axi_iic_0/U0'
Finished Parsing XDC File [/home/dipen/Kintex7/BasictTest/BasictTest.srcs/sources_1/bd/design_1/ip/design_1_axi_iic_0_0/design_1_axi_iic_0_0_board.xdc] for cell 'design_1_i/axi_iic_0/U0'
Parsing XDC File [/home/dipen/Kintex7/BasictTest/BasictTest.srcs/sources_1/bd/design_1/ip/design_1_util_ds_buf_1/design_1_util_ds_buf_1_board.xdc] for cell 'design_1_i/util_ds_buf/U0'
Finished Parsing XDC File [/home/dipen/Kintex7/BasictTest/BasictTest.srcs/sources_1/bd/design_1/ip/design_1_util_ds_buf_1/design_1_util_ds_buf_1_board.xdc] for cell 'design_1_i/util_ds_buf/U0'
Parsing XDC File [/home/dipen/Kintex7/BasictTest/BasictTest.srcs/sources_1/bd/design_1/ip/design_1_smartconnect_0_0/bd_0/ip/ip_1/bd_48ac_psr0_0_board.xdc] for cell 'design_1_i/smartconnect_0/inst/clk_map/psr0/U0'
Finished Parsing XDC File [/home/dipen/Kintex7/BasictTest/BasictTest.srcs/sources_1/bd/design_1/ip/design_1_smartconnect_0_0/bd_0/ip/ip_1/bd_48ac_psr0_0_board.xdc] for cell 'design_1_i/smartconnect_0/inst/clk_map/psr0/U0'
Parsing XDC File [/home/dipen/Kintex7/BasictTest/BasictTest.srcs/sources_1/bd/design_1/ip/design_1_smartconnect_0_0/bd_0/ip/ip_1/bd_48ac_psr0_0.xdc] for cell 'design_1_i/smartconnect_0/inst/clk_map/psr0/U0'
Finished Parsing XDC File [/home/dipen/Kintex7/BasictTest/BasictTest.srcs/sources_1/bd/design_1/ip/design_1_smartconnect_0_0/bd_0/ip/ip_1/bd_48ac_psr0_0.xdc] for cell 'design_1_i/smartconnect_0/inst/clk_map/psr0/U0'
Parsing XDC File [/home/dipen/Kintex7/BasictTest/BasictTest.srcs/sources_1/bd/design_1/ip/design_1_smartconnect_0_0/bd_0/ip/ip_2/bd_48ac_psr_aclk_0_board.xdc] for cell 'design_1_i/smartconnect_0/inst/clk_map/psr_aclk/U0'
Finished Parsing XDC File [/home/dipen/Kintex7/BasictTest/BasictTest.srcs/sources_1/bd/design_1/ip/design_1_smartconnect_0_0/bd_0/ip/ip_2/bd_48ac_psr_aclk_0_board.xdc] for cell 'design_1_i/smartconnect_0/inst/clk_map/psr_aclk/U0'
Parsing XDC File [/home/dipen/Kintex7/BasictTest/BasictTest.srcs/sources_1/bd/design_1/ip/design_1_smartconnect_0_0/bd_0/ip/ip_2/bd_48ac_psr_aclk_0.xdc] for cell 'design_1_i/smartconnect_0/inst/clk_map/psr_aclk/U0'
Finished Parsing XDC File [/home/dipen/Kintex7/BasictTest/BasictTest.srcs/sources_1/bd/design_1/ip/design_1_smartconnect_0_0/bd_0/ip/ip_2/bd_48ac_psr_aclk_0.xdc] for cell 'design_1_i/smartconnect_0/inst/clk_map/psr_aclk/U0'
Parsing XDC File [/home/dipen/Kintex7/BasictTest/BasictTest.srcs/sources_1/bd/design_1/ip/design_1_smartconnect_0_0/bd_0/ip/ip_3/bd_48ac_psr_aclk1_0_board.xdc] for cell 'design_1_i/smartconnect_0/inst/clk_map/psr_aclk1/U0'
Finished Parsing XDC File [/home/dipen/Kintex7/BasictTest/BasictTest.srcs/sources_1/bd/design_1/ip/design_1_smartconnect_0_0/bd_0/ip/ip_3/bd_48ac_psr_aclk1_0_board.xdc] for cell 'design_1_i/smartconnect_0/inst/clk_map/psr_aclk1/U0'
Parsing XDC File [/home/dipen/Kintex7/BasictTest/BasictTest.srcs/sources_1/bd/design_1/ip/design_1_smartconnect_0_0/bd_0/ip/ip_3/bd_48ac_psr_aclk1_0.xdc] for cell 'design_1_i/smartconnect_0/inst/clk_map/psr_aclk1/U0'
Finished Parsing XDC File [/home/dipen/Kintex7/BasictTest/BasictTest.srcs/sources_1/bd/design_1/ip/design_1_smartconnect_0_0/bd_0/ip/ip_3/bd_48ac_psr_aclk1_0.xdc] for cell 'design_1_i/smartconnect_0/inst/clk_map/psr_aclk1/U0'
Parsing XDC File [/home/dipen/Kintex7/BasictTest/BasictTest.srcs/sources_1/bd/design_1/ip/design_1_smartconnect_0_0/bd_0/ip/ip_4/bd_48ac_psr_aclk2_0_board.xdc] for cell 'design_1_i/smartconnect_0/inst/clk_map/psr_aclk2/U0'
Finished Parsing XDC File [/home/dipen/Kintex7/BasictTest/BasictTest.srcs/sources_1/bd/design_1/ip/design_1_smartconnect_0_0/bd_0/ip/ip_4/bd_48ac_psr_aclk2_0_board.xdc] for cell 'design_1_i/smartconnect_0/inst/clk_map/psr_aclk2/U0'
Parsing XDC File [/home/dipen/Kintex7/BasictTest/BasictTest.srcs/sources_1/bd/design_1/ip/design_1_smartconnect_0_0/bd_0/ip/ip_4/bd_48ac_psr_aclk2_0.xdc] for cell 'design_1_i/smartconnect_0/inst/clk_map/psr_aclk2/U0'
Finished Parsing XDC File [/home/dipen/Kintex7/BasictTest/BasictTest.srcs/sources_1/bd/design_1/ip/design_1_smartconnect_0_0/bd_0/ip/ip_4/bd_48ac_psr_aclk2_0.xdc] for cell 'design_1_i/smartconnect_0/inst/clk_map/psr_aclk2/U0'
Parsing XDC File [/home/dipen/Kintex7/BasictTest/BasictTest.srcs/sources_1/bd/design_1/ip/design_1_mig_7series_0_3/design_1_mig_7series_0_3/user_design/constraints/design_1_mig_7series_0_3.xdc] for cell 'design_1_i/mig_7series_0'
Finished Parsing XDC File [/home/dipen/Kintex7/BasictTest/BasictTest.srcs/sources_1/bd/design_1/ip/design_1_mig_7series_0_3/design_1_mig_7series_0_3/user_design/constraints/design_1_mig_7series_0_3.xdc] for cell 'design_1_i/mig_7series_0'
Parsing XDC File [/home/dipen/Kintex7/BasictTest/BasictTest.srcs/sources_1/bd/design_1/ip/design_1_mig_7series_0_3/design_1_mig_7series_0_3_board.xdc] for cell 'design_1_i/mig_7series_0'
Finished Parsing XDC File [/home/dipen/Kintex7/BasictTest/BasictTest.srcs/sources_1/bd/design_1/ip/design_1_mig_7series_0_3/design_1_mig_7series_0_3_board.xdc] for cell 'design_1_i/mig_7series_0'
Parsing XDC File [/home/dipen/Kintex7/BasictTest/BasictTest.srcs/sources_1/bd/design_1/ip/design_1_rst_mig_7series_0_133M_3/design_1_rst_mig_7series_0_133M_3_board.xdc] for cell 'design_1_i/rst_mig_7series_0_133M/U0'
Finished Parsing XDC File [/home/dipen/Kintex7/BasictTest/BasictTest.srcs/sources_1/bd/design_1/ip/design_1_rst_mig_7series_0_133M_3/design_1_rst_mig_7series_0_133M_3_board.xdc] for cell 'design_1_i/rst_mig_7series_0_133M/U0'
Parsing XDC File [/home/dipen/Kintex7/BasictTest/BasictTest.srcs/sources_1/bd/design_1/ip/design_1_rst_mig_7series_0_133M_3/design_1_rst_mig_7series_0_133M_3.xdc] for cell 'design_1_i/rst_mig_7series_0_133M/U0'
Finished Parsing XDC File [/home/dipen/Kintex7/BasictTest/BasictTest.srcs/sources_1/bd/design_1/ip/design_1_rst_mig_7series_0_133M_3/design_1_rst_mig_7series_0_133M_3.xdc] for cell 'design_1_i/rst_mig_7series_0_133M/U0'
Parsing XDC File [/home/dipen/Kintex7/BasictTest/BasictTest.srcs/sources_1/bd/design_1/ip/design_1_rst_mig_7series_0_133M_1_2/design_1_rst_mig_7series_0_133M_1_2_board.xdc] for cell 'design_1_i/rst_mig_7series_0_133M_1/U0'
Finished Parsing XDC File [/home/dipen/Kintex7/BasictTest/BasictTest.srcs/sources_1/bd/design_1/ip/design_1_rst_mig_7series_0_133M_1_2/design_1_rst_mig_7series_0_133M_1_2_board.xdc] for cell 'design_1_i/rst_mig_7series_0_133M_1/U0'
Parsing XDC File [/home/dipen/Kintex7/BasictTest/BasictTest.srcs/sources_1/bd/design_1/ip/design_1_rst_mig_7series_0_133M_1_2/design_1_rst_mig_7series_0_133M_1_2.xdc] for cell 'design_1_i/rst_mig_7series_0_133M_1/U0'
Finished Parsing XDC File [/home/dipen/Kintex7/BasictTest/BasictTest.srcs/sources_1/bd/design_1/ip/design_1_rst_mig_7series_0_133M_1_2/design_1_rst_mig_7series_0_133M_1_2.xdc] for cell 'design_1_i/rst_mig_7series_0_133M_1/U0'
Parsing XDC File [/home/dipen/Kintex7/BasictTest/BasictTest.srcs/constrs_1/new/constraints.xdc]
Finished Parsing XDC File [/home/dipen/Kintex7/BasictTest/BasictTest.srcs/constrs_1/new/constraints.xdc]
Sourcing Tcl File [/tools/Xilinx/Vivado/2020.1/data/ip/xpm/xpm_cdc/tcl/xpm_cdc_gray.tcl] for cell 'design_1_i/smartconnect_0/inst/m03_nodes/m03_ar_node/inst/inst_mi_handler/gen_normal_area.inst_fifo_node_payld/gen_xpm_memory_fifo.inst_fifo/gen_async_clocks.inst_cdc_addrb_to_wr_clk'
Finished Sourcing Tcl File [/tools/Xilinx/Vivado/2020.1/data/ip/xpm/xpm_cdc/tcl/xpm_cdc_gray.tcl] for cell 'design_1_i/smartconnect_0/inst/m03_nodes/m03_ar_node/inst/inst_mi_handler/gen_normal_area.inst_fifo_node_payld/gen_xpm_memory_fifo.inst_fifo/gen_async_clocks.inst_cdc_addrb_to_wr_clk'
Sourcing Tcl File [/tools/Xilinx/Vivado/2020.1/data/ip/xpm/xpm_cdc/tcl/xpm_cdc_gray.tcl] for cell 'design_1_i/smartconnect_0/inst/m03_nodes/m03_r_node/inst/inst_mi_handler/gen_normal_area.inst_fifo_node_payld/gen_xpm_memory_fifo.inst_fifo/gen_async_clocks.inst_cdc_addra_to_rd_clk'
Finished Sourcing Tcl File [/tools/Xilinx/Vivado/2020.1/data/ip/xpm/xpm_cdc/tcl/xpm_cdc_gray.tcl] for cell 'design_1_i/smartconnect_0/inst/m03_nodes/m03_r_node/inst/inst_mi_handler/gen_normal_area.inst_fifo_node_payld/gen_xpm_memory_fifo.inst_fifo/gen_async_clocks.inst_cdc_addra_to_rd_clk'
Sourcing Tcl File [/tools/Xilinx/Vivado/2020.1/data/ip/xpm/xpm_cdc/tcl/xpm_cdc_gray.tcl] for cell 'design_1_i/smartconnect_0/inst/m03_nodes/m03_r_node/inst/inst_mi_handler/gen_normal_area.inst_fifo_node_payld/gen_xpm_memory_fifo.inst_fifo/gen_async_clocks.inst_cdc_addrb_to_wr_clk'
Finished Sourcing Tcl File [/tools/Xilinx/Vivado/2020.1/data/ip/xpm/xpm_cdc/tcl/xpm_cdc_gray.tcl] for cell 'design_1_i/smartconnect_0/inst/m03_nodes/m03_r_node/inst/inst_mi_handler/gen_normal_area.inst_fifo_node_payld/gen_xpm_memory_fifo.inst_fifo/gen_async_clocks.inst_cdc_addrb_to_wr_clk'
Sourcing Tcl File [/tools/Xilinx/Vivado/2020.1/data/ip/xpm/xpm_cdc/tcl/xpm_cdc_gray.tcl] for cell 'design_1_i/smartconnect_0/inst/m03_nodes/m03_r_node/inst/inst_mi_handler/gen_normal_area.gen_fifo_req.inst_fifo_req/gen_xpm_memory_fifo.inst_fifo/gen_async_clocks.inst_cdc_addra_to_rd_clk'
Finished Sourcing Tcl File [/tools/Xilinx/Vivado/2020.1/data/ip/xpm/xpm_cdc/tcl/xpm_cdc_gray.tcl] for cell 'design_1_i/smartconnect_0/inst/m03_nodes/m03_r_node/inst/inst_mi_handler/gen_normal_area.gen_fifo_req.inst_fifo_req/gen_xpm_memory_fifo.inst_fifo/gen_async_clocks.inst_cdc_addra_to_rd_clk'
Sourcing Tcl File [/tools/Xilinx/Vivado/2020.1/data/ip/xpm/xpm_cdc/tcl/xpm_cdc_gray.tcl] for cell 'design_1_i/smartconnect_0/inst/m03_nodes/m03_r_node/inst/inst_mi_handler/gen_normal_area.gen_fifo_req.inst_fifo_req/gen_xpm_memory_fifo.inst_fifo/gen_async_clocks.inst_cdc_addrb_to_wr_clk'
Finished Sourcing Tcl File [/tools/Xilinx/Vivado/2020.1/data/ip/xpm/xpm_cdc/tcl/xpm_cdc_gray.tcl] for cell 'design_1_i/smartconnect_0/inst/m03_nodes/m03_r_node/inst/inst_mi_handler/gen_normal_area.gen_fifo_req.inst_fifo_req/gen_xpm_memory_fifo.inst_fifo/gen_async_clocks.inst_cdc_addrb_to_wr_clk'
Sourcing Tcl File [/tools/Xilinx/Vivado/2020.1/data/ip/xpm/xpm_cdc/tcl/xpm_cdc_gray.tcl] for cell 'design_1_i/smartconnect_0/inst/m03_nodes/m03_b_node/inst/inst_mi_handler/gen_normal_area.inst_fifo_node_payld/gen_xpm_memory_fifo.inst_fifo/gen_async_clocks.inst_cdc_addra_to_rd_clk'
Finished Sourcing Tcl File [/tools/Xilinx/Vivado/2020.1/data/ip/xpm/xpm_cdc/tcl/xpm_cdc_gray.tcl] for cell 'design_1_i/smartconnect_0/inst/m03_nodes/m03_b_node/inst/inst_mi_handler/gen_normal_area.inst_fifo_node_payld/gen_xpm_memory_fifo.inst_fifo/gen_async_clocks.inst_cdc_addra_to_rd_clk'
Sourcing Tcl File [/tools/Xilinx/Vivado/2020.1/data/ip/xpm/xpm_cdc/tcl/xpm_cdc_gray.tcl] for cell 'design_1_i/smartconnect_0/inst/m03_nodes/m03_b_node/inst/inst_mi_handler/gen_normal_area.inst_fifo_node_payld/gen_xpm_memory_fifo.inst_fifo/gen_async_clocks.inst_cdc_addrb_to_wr_clk'
Finished Sourcing Tcl File [/tools/Xilinx/Vivado/2020.1/data/ip/xpm/xpm_cdc/tcl/xpm_cdc_gray.tcl] for cell 'design_1_i/smartconnect_0/inst/m03_nodes/m03_b_node/inst/inst_mi_handler/gen_normal_area.inst_fifo_node_payld/gen_xpm_memory_fifo.inst_fifo/gen_async_clocks.inst_cdc_addrb_to_wr_clk'
Sourcing Tcl File [/tools/Xilinx/Vivado/2020.1/data/ip/xpm/xpm_cdc/tcl/xpm_cdc_gray.tcl] for cell 'design_1_i/smartconnect_0/inst/m03_nodes/m03_b_node/inst/inst_mi_handler/gen_normal_area.gen_fifo_req.inst_fifo_req/gen_xpm_memory_fifo.inst_fifo/gen_async_clocks.inst_cdc_addra_to_rd_clk'
Finished Sourcing Tcl File [/tools/Xilinx/Vivado/2020.1/data/ip/xpm/xpm_cdc/tcl/xpm_cdc_gray.tcl] for cell 'design_1_i/smartconnect_0/inst/m03_nodes/m03_b_node/inst/inst_mi_handler/gen_normal_area.gen_fifo_req.inst_fifo_req/gen_xpm_memory_fifo.inst_fifo/gen_async_clocks.inst_cdc_addra_to_rd_clk'
Sourcing Tcl File [/tools/Xilinx/Vivado/2020.1/data/ip/xpm/xpm_cdc/tcl/xpm_cdc_gray.tcl] for cell 'design_1_i/smartconnect_0/inst/m03_nodes/m03_b_node/inst/inst_mi_handler/gen_normal_area.gen_fifo_req.inst_fifo_req/gen_xpm_memory_fifo.inst_fifo/gen_async_clocks.inst_cdc_addrb_to_wr_clk'
Finished Sourcing Tcl File [/tools/Xilinx/Vivado/2020.1/data/ip/xpm/xpm_cdc/tcl/xpm_cdc_gray.tcl] for cell 'design_1_i/smartconnect_0/inst/m03_nodes/m03_b_node/inst/inst_mi_handler/gen_normal_area.gen_fifo_req.inst_fifo_req/gen_xpm_memory_fifo.inst_fifo/gen_async_clocks.inst_cdc_addrb_to_wr_clk'
Sourcing Tcl File [/tools/Xilinx/Vivado/2020.1/data/ip/xpm/xpm_cdc/tcl/xpm_cdc_gray.tcl] for cell 'design_1_i/smartconnect_0/inst/m03_nodes/m03_aw_node/inst/inst_mi_handler/gen_normal_area.inst_fifo_node_payld/gen_xpm_memory_fifo.inst_fifo/gen_async_clocks.inst_cdc_addra_to_rd_clk'
Finished Sourcing Tcl File [/tools/Xilinx/Vivado/2020.1/data/ip/xpm/xpm_cdc/tcl/xpm_cdc_gray.tcl] for cell 'design_1_i/smartconnect_0/inst/m03_nodes/m03_aw_node/inst/inst_mi_handler/gen_normal_area.inst_fifo_node_payld/gen_xpm_memory_fifo.inst_fifo/gen_async_clocks.inst_cdc_addra_to_rd_clk'
Sourcing Tcl File [/tools/Xilinx/Vivado/2020.1/data/ip/xpm/xpm_cdc/tcl/xpm_cdc_gray.tcl] for cell 'design_1_i/smartconnect_0/inst/m03_nodes/m03_aw_node/inst/inst_mi_handler/gen_normal_area.inst_fifo_node_payld/gen_xpm_memory_fifo.inst_fifo/gen_async_clocks.inst_cdc_addrb_to_wr_clk'
Finished Sourcing Tcl File [/tools/Xilinx/Vivado/2020.1/data/ip/xpm/xpm_cdc/tcl/xpm_cdc_gray.tcl] for cell 'design_1_i/smartconnect_0/inst/m03_nodes/m03_aw_node/inst/inst_mi_handler/gen_normal_area.inst_fifo_node_payld/gen_xpm_memory_fifo.inst_fifo/gen_async_clocks.inst_cdc_addrb_to_wr_clk'
Sourcing Tcl File [/tools/Xilinx/Vivado/2020.1/data/ip/xpm/xpm_cdc/tcl/xpm_cdc_gray.tcl] for cell 'design_1_i/smartconnect_0/inst/m03_nodes/m03_ar_node/inst/inst_mi_handler/gen_normal_area.inst_fifo_node_payld/gen_xpm_memory_fifo.inst_fifo/gen_async_clocks.inst_cdc_addra_to_rd_clk'
Finished Sourcing Tcl File [/tools/Xilinx/Vivado/2020.1/data/ip/xpm/xpm_cdc/tcl/xpm_cdc_gray.tcl] for cell 'design_1_i/smartconnect_0/inst/m03_nodes/m03_ar_node/inst/inst_mi_handler/gen_normal_area.inst_fifo_node_payld/gen_xpm_memory_fifo.inst_fifo/gen_async_clocks.inst_cdc_addra_to_rd_clk'
Sourcing Tcl File [/tools/Xilinx/Vivado/2020.1/data/ip/xpm/xpm_cdc/tcl/xpm_cdc_gray.tcl] for cell 'design_1_i/smartconnect_0/inst/m05_nodes/m05_w_node/inst/inst_mi_handler/gen_normal_area.inst_fifo_node_payld/gen_xpm_memory_fifo.inst_fifo/gen_async_clocks.inst_cdc_addra_to_rd_clk'
Finished Sourcing Tcl File [/tools/Xilinx/Vivado/2020.1/data/ip/xpm/xpm_cdc/tcl/xpm_cdc_gray.tcl] for cell 'design_1_i/smartconnect_0/inst/m05_nodes/m05_w_node/inst/inst_mi_handler/gen_normal_area.inst_fifo_node_payld/gen_xpm_memory_fifo.inst_fifo/gen_async_clocks.inst_cdc_addra_to_rd_clk'
Sourcing Tcl File [/tools/Xilinx/Vivado/2020.1/data/ip/xpm/xpm_cdc/tcl/xpm_cdc_gray.tcl] for cell 'design_1_i/smartconnect_0/inst/m05_nodes/m05_w_node/inst/inst_mi_handler/gen_normal_area.inst_fifo_node_payld/gen_xpm_memory_fifo.inst_fifo/gen_async_clocks.inst_cdc_addrb_to_wr_clk'
Finished Sourcing Tcl File [/tools/Xilinx/Vivado/2020.1/data/ip/xpm/xpm_cdc/tcl/xpm_cdc_gray.tcl] for cell 'design_1_i/smartconnect_0/inst/m05_nodes/m05_w_node/inst/inst_mi_handler/gen_normal_area.inst_fifo_node_payld/gen_xpm_memory_fifo.inst_fifo/gen_async_clocks.inst_cdc_addrb_to_wr_clk'
Sourcing Tcl File [/tools/Xilinx/Vivado/2020.1/data/ip/xpm/xpm_cdc/tcl/xpm_cdc_gray.tcl] for cell 'design_1_i/smartconnect_0/inst/m05_nodes/m05_r_node/inst/inst_mi_handler/gen_normal_area.inst_fifo_node_payld/gen_xpm_memory_fifo.inst_fifo/gen_async_clocks.inst_cdc_addra_to_rd_clk'
Finished Sourcing Tcl File [/tools/Xilinx/Vivado/2020.1/data/ip/xpm/xpm_cdc/tcl/xpm_cdc_gray.tcl] for cell 'design_1_i/smartconnect_0/inst/m05_nodes/m05_r_node/inst/inst_mi_handler/gen_normal_area.inst_fifo_node_payld/gen_xpm_memory_fifo.inst_fifo/gen_async_clocks.inst_cdc_addra_to_rd_clk'
Sourcing Tcl File [/tools/Xilinx/Vivado/2020.1/data/ip/xpm/xpm_cdc/tcl/xpm_cdc_gray.tcl] for cell 'design_1_i/smartconnect_0/inst/m05_nodes/m05_r_node/inst/inst_mi_handler/gen_normal_area.inst_fifo_node_payld/gen_xpm_memory_fifo.inst_fifo/gen_async_clocks.inst_cdc_addrb_to_wr_clk'
Finished Sourcing Tcl File [/tools/Xilinx/Vivado/2020.1/data/ip/xpm/xpm_cdc/tcl/xpm_cdc_gray.tcl] for cell 'design_1_i/smartconnect_0/inst/m05_nodes/m05_r_node/inst/inst_mi_handler/gen_normal_area.inst_fifo_node_payld/gen_xpm_memory_fifo.inst_fifo/gen_async_clocks.inst_cdc_addrb_to_wr_clk'
Sourcing Tcl File [/tools/Xilinx/Vivado/2020.1/data/ip/xpm/xpm_cdc/tcl/xpm_cdc_gray.tcl] for cell 'design_1_i/smartconnect_0/inst/m05_nodes/m05_r_node/inst/inst_mi_handler/gen_normal_area.gen_fifo_req.inst_fifo_req/gen_xpm_memory_fifo.inst_fifo/gen_async_clocks.inst_cdc_addra_to_rd_clk'
Finished Sourcing Tcl File [/tools/Xilinx/Vivado/2020.1/data/ip/xpm/xpm_cdc/tcl/xpm_cdc_gray.tcl] for cell 'design_1_i/smartconnect_0/inst/m05_nodes/m05_r_node/inst/inst_mi_handler/gen_normal_area.gen_fifo_req.inst_fifo_req/gen_xpm_memory_fifo.inst_fifo/gen_async_clocks.inst_cdc_addra_to_rd_clk'
Sourcing Tcl File [/tools/Xilinx/Vivado/2020.1/data/ip/xpm/xpm_cdc/tcl/xpm_cdc_gray.tcl] for cell 'design_1_i/smartconnect_0/inst/m05_nodes/m05_r_node/inst/inst_mi_handler/gen_normal_area.gen_fifo_req.inst_fifo_req/gen_xpm_memory_fifo.inst_fifo/gen_async_clocks.inst_cdc_addrb_to_wr_clk'
Finished Sourcing Tcl File [/tools/Xilinx/Vivado/2020.1/data/ip/xpm/xpm_cdc/tcl/xpm_cdc_gray.tcl] for cell 'design_1_i/smartconnect_0/inst/m05_nodes/m05_r_node/inst/inst_mi_handler/gen_normal_area.gen_fifo_req.inst_fifo_req/gen_xpm_memory_fifo.inst_fifo/gen_async_clocks.inst_cdc_addrb_to_wr_clk'
Sourcing Tcl File [/tools/Xilinx/Vivado/2020.1/data/ip/xpm/xpm_cdc/tcl/xpm_cdc_gray.tcl] for cell 'design_1_i/smartconnect_0/inst/m05_nodes/m05_b_node/inst/inst_mi_handler/gen_normal_area.inst_fifo_node_payld/gen_xpm_memory_fifo.inst_fifo/gen_async_clocks.inst_cdc_addra_to_rd_clk'
Finished Sourcing Tcl File [/tools/Xilinx/Vivado/2020.1/data/ip/xpm/xpm_cdc/tcl/xpm_cdc_gray.tcl] for cell 'design_1_i/smartconnect_0/inst/m05_nodes/m05_b_node/inst/inst_mi_handler/gen_normal_area.inst_fifo_node_payld/gen_xpm_memory_fifo.inst_fifo/gen_async_clocks.inst_cdc_addra_to_rd_clk'
Sourcing Tcl File [/tools/Xilinx/Vivado/2020.1/data/ip/xpm/xpm_cdc/tcl/xpm_cdc_gray.tcl] for cell 'design_1_i/smartconnect_0/inst/m05_nodes/m05_b_node/inst/inst_mi_handler/gen_normal_area.inst_fifo_node_payld/gen_xpm_memory_fifo.inst_fifo/gen_async_clocks.inst_cdc_addrb_to_wr_clk'
Finished Sourcing Tcl File [/tools/Xilinx/Vivado/2020.1/data/ip/xpm/xpm_cdc/tcl/xpm_cdc_gray.tcl] for cell 'design_1_i/smartconnect_0/inst/m05_nodes/m05_b_node/inst/inst_mi_handler/gen_normal_area.inst_fifo_node_payld/gen_xpm_memory_fifo.inst_fifo/gen_async_clocks.inst_cdc_addrb_to_wr_clk'
Sourcing Tcl File [/tools/Xilinx/Vivado/2020.1/data/ip/xpm/xpm_cdc/tcl/xpm_cdc_gray.tcl] for cell 'design_1_i/smartconnect_0/inst/m05_nodes/m05_b_node/inst/inst_mi_handler/gen_normal_area.gen_fifo_req.inst_fifo_req/gen_xpm_memory_fifo.inst_fifo/gen_async_clocks.inst_cdc_addra_to_rd_clk'
Finished Sourcing Tcl File [/tools/Xilinx/Vivado/2020.1/data/ip/xpm/xpm_cdc/tcl/xpm_cdc_gray.tcl] for cell 'design_1_i/smartconnect_0/inst/m05_nodes/m05_b_node/inst/inst_mi_handler/gen_normal_area.gen_fifo_req.inst_fifo_req/gen_xpm_memory_fifo.inst_fifo/gen_async_clocks.inst_cdc_addra_to_rd_clk'
Sourcing Tcl File [/tools/Xilinx/Vivado/2020.1/data/ip/xpm/xpm_cdc/tcl/xpm_cdc_gray.tcl] for cell 'design_1_i/smartconnect_0/inst/m05_nodes/m05_b_node/inst/inst_mi_handler/gen_normal_area.gen_fifo_req.inst_fifo_req/gen_xpm_memory_fifo.inst_fifo/gen_async_clocks.inst_cdc_addrb_to_wr_clk'
Finished Sourcing Tcl File [/tools/Xilinx/Vivado/2020.1/data/ip/xpm/xpm_cdc/tcl/xpm_cdc_gray.tcl] for cell 'design_1_i/smartconnect_0/inst/m05_nodes/m05_b_node/inst/inst_mi_handler/gen_normal_area.gen_fifo_req.inst_fifo_req/gen_xpm_memory_fifo.inst_fifo/gen_async_clocks.inst_cdc_addrb_to_wr_clk'
Sourcing Tcl File [/tools/Xilinx/Vivado/2020.1/data/ip/xpm/xpm_cdc/tcl/xpm_cdc_gray.tcl] for cell 'design_1_i/smartconnect_0/inst/m05_nodes/m05_aw_node/inst/inst_mi_handler/gen_normal_area.inst_fifo_node_payld/gen_xpm_memory_fifo.inst_fifo/gen_async_clocks.inst_cdc_addra_to_rd_clk'
Finished Sourcing Tcl File [/tools/Xilinx/Vivado/2020.1/data/ip/xpm/xpm_cdc/tcl/xpm_cdc_gray.tcl] for cell 'design_1_i/smartconnect_0/inst/m05_nodes/m05_aw_node/inst/inst_mi_handler/gen_normal_area.inst_fifo_node_payld/gen_xpm_memory_fifo.inst_fifo/gen_async_clocks.inst_cdc_addra_to_rd_clk'
Sourcing Tcl File [/tools/Xilinx/Vivado/2020.1/data/ip/xpm/xpm_cdc/tcl/xpm_cdc_gray.tcl] for cell 'design_1_i/smartconnect_0/inst/m05_nodes/m05_aw_node/inst/inst_mi_handler/gen_normal_area.inst_fifo_node_payld/gen_xpm_memory_fifo.inst_fifo/gen_async_clocks.inst_cdc_addrb_to_wr_clk'
Finished Sourcing Tcl File [/tools/Xilinx/Vivado/2020.1/data/ip/xpm/xpm_cdc/tcl/xpm_cdc_gray.tcl] for cell 'design_1_i/smartconnect_0/inst/m05_nodes/m05_aw_node/inst/inst_mi_handler/gen_normal_area.inst_fifo_node_payld/gen_xpm_memory_fifo.inst_fifo/gen_async_clocks.inst_cdc_addrb_to_wr_clk'
Sourcing Tcl File [/tools/Xilinx/Vivado/2020.1/data/ip/xpm/xpm_cdc/tcl/xpm_cdc_gray.tcl] for cell 'design_1_i/smartconnect_0/inst/m05_nodes/m05_ar_node/inst/inst_mi_handler/gen_normal_area.inst_fifo_node_payld/gen_xpm_memory_fifo.inst_fifo/gen_async_clocks.inst_cdc_addra_to_rd_clk'
Finished Sourcing Tcl File [/tools/Xilinx/Vivado/2020.1/data/ip/xpm/xpm_cdc/tcl/xpm_cdc_gray.tcl] for cell 'design_1_i/smartconnect_0/inst/m05_nodes/m05_ar_node/inst/inst_mi_handler/gen_normal_area.inst_fifo_node_payld/gen_xpm_memory_fifo.inst_fifo/gen_async_clocks.inst_cdc_addra_to_rd_clk'
Sourcing Tcl File [/tools/Xilinx/Vivado/2020.1/data/ip/xpm/xpm_cdc/tcl/xpm_cdc_gray.tcl] for cell 'design_1_i/smartconnect_0/inst/m05_nodes/m05_ar_node/inst/inst_mi_handler/gen_normal_area.inst_fifo_node_payld/gen_xpm_memory_fifo.inst_fifo/gen_async_clocks.inst_cdc_addrb_to_wr_clk'
Finished Sourcing Tcl File [/tools/Xilinx/Vivado/2020.1/data/ip/xpm/xpm_cdc/tcl/xpm_cdc_gray.tcl] for cell 'design_1_i/smartconnect_0/inst/m05_nodes/m05_ar_node/inst/inst_mi_handler/gen_normal_area.inst_fifo_node_payld/gen_xpm_memory_fifo.inst_fifo/gen_async_clocks.inst_cdc_addrb_to_wr_clk'
Sourcing Tcl File [/tools/Xilinx/Vivado/2020.1/data/ip/xpm/xpm_cdc/tcl/xpm_cdc_gray.tcl] for cell 'design_1_i/smartconnect_0/inst/m02_nodes/m02_w_node/inst/inst_mi_handler/gen_normal_area.inst_fifo_node_payld/gen_xpm_memory_fifo.inst_fifo/gen_async_clocks.inst_cdc_addra_to_rd_clk'
Finished Sourcing Tcl File [/tools/Xilinx/Vivado/2020.1/data/ip/xpm/xpm_cdc/tcl/xpm_cdc_gray.tcl] for cell 'design_1_i/smartconnect_0/inst/m02_nodes/m02_w_node/inst/inst_mi_handler/gen_normal_area.inst_fifo_node_payld/gen_xpm_memory_fifo.inst_fifo/gen_async_clocks.inst_cdc_addra_to_rd_clk'
Sourcing Tcl File [/tools/Xilinx/Vivado/2020.1/data/ip/xpm/xpm_cdc/tcl/xpm_cdc_gray.tcl] for cell 'design_1_i/smartconnect_0/inst/m02_nodes/m02_w_node/inst/inst_mi_handler/gen_normal_area.inst_fifo_node_payld/gen_xpm_memory_fifo.inst_fifo/gen_async_clocks.inst_cdc_addrb_to_wr_clk'
Finished Sourcing Tcl File [/tools/Xilinx/Vivado/2020.1/data/ip/xpm/xpm_cdc/tcl/xpm_cdc_gray.tcl] for cell 'design_1_i/smartconnect_0/inst/m02_nodes/m02_w_node/inst/inst_mi_handler/gen_normal_area.inst_fifo_node_payld/gen_xpm_memory_fifo.inst_fifo/gen_async_clocks.inst_cdc_addrb_to_wr_clk'
Sourcing Tcl File [/tools/Xilinx/Vivado/2020.1/data/ip/xpm/xpm_cdc/tcl/xpm_cdc_gray.tcl] for cell 'design_1_i/smartconnect_0/inst/m02_nodes/m02_r_node/inst/inst_mi_handler/gen_normal_area.inst_fifo_node_payld/gen_xpm_memory_fifo.inst_fifo/gen_async_clocks.inst_cdc_addra_to_rd_clk'
Finished Sourcing Tcl File [/tools/Xilinx/Vivado/2020.1/data/ip/xpm/xpm_cdc/tcl/xpm_cdc_gray.tcl] for cell 'design_1_i/smartconnect_0/inst/m02_nodes/m02_r_node/inst/inst_mi_handler/gen_normal_area.inst_fifo_node_payld/gen_xpm_memory_fifo.inst_fifo/gen_async_clocks.inst_cdc_addra_to_rd_clk'
Sourcing Tcl File [/tools/Xilinx/Vivado/2020.1/data/ip/xpm/xpm_cdc/tcl/xpm_cdc_gray.tcl] for cell 'design_1_i/smartconnect_0/inst/m02_nodes/m02_r_node/inst/inst_mi_handler/gen_normal_area.inst_fifo_node_payld/gen_xpm_memory_fifo.inst_fifo/gen_async_clocks.inst_cdc_addrb_to_wr_clk'
Finished Sourcing Tcl File [/tools/Xilinx/Vivado/2020.1/data/ip/xpm/xpm_cdc/tcl/xpm_cdc_gray.tcl] for cell 'design_1_i/smartconnect_0/inst/m02_nodes/m02_r_node/inst/inst_mi_handler/gen_normal_area.inst_fifo_node_payld/gen_xpm_memory_fifo.inst_fifo/gen_async_clocks.inst_cdc_addrb_to_wr_clk'
Sourcing Tcl File [/tools/Xilinx/Vivado/2020.1/data/ip/xpm/xpm_cdc/tcl/xpm_cdc_gray.tcl] for cell 'design_1_i/smartconnect_0/inst/m02_nodes/m02_r_node/inst/inst_mi_handler/gen_normal_area.gen_fifo_req.inst_fifo_req/gen_xpm_memory_fifo.inst_fifo/gen_async_clocks.inst_cdc_addra_to_rd_clk'
Finished Sourcing Tcl File [/tools/Xilinx/Vivado/2020.1/data/ip/xpm/xpm_cdc/tcl/xpm_cdc_gray.tcl] for cell 'design_1_i/smartconnect_0/inst/m02_nodes/m02_r_node/inst/inst_mi_handler/gen_normal_area.gen_fifo_req.inst_fifo_req/gen_xpm_memory_fifo.inst_fifo/gen_async_clocks.inst_cdc_addra_to_rd_clk'
Sourcing Tcl File [/tools/Xilinx/Vivado/2020.1/data/ip/xpm/xpm_cdc/tcl/xpm_cdc_gray.tcl] for cell 'design_1_i/smartconnect_0/inst/m02_nodes/m02_r_node/inst/inst_mi_handler/gen_normal_area.gen_fifo_req.inst_fifo_req/gen_xpm_memory_fifo.inst_fifo/gen_async_clocks.inst_cdc_addrb_to_wr_clk'
Finished Sourcing Tcl File [/tools/Xilinx/Vivado/2020.1/data/ip/xpm/xpm_cdc/tcl/xpm_cdc_gray.tcl] for cell 'design_1_i/smartconnect_0/inst/m02_nodes/m02_r_node/inst/inst_mi_handler/gen_normal_area.gen_fifo_req.inst_fifo_req/gen_xpm_memory_fifo.inst_fifo/gen_async_clocks.inst_cdc_addrb_to_wr_clk'
Sourcing Tcl File [/tools/Xilinx/Vivado/2020.1/data/ip/xpm/xpm_cdc/tcl/xpm_cdc_gray.tcl] for cell 'design_1_i/smartconnect_0/inst/m02_nodes/m02_b_node/inst/inst_mi_handler/gen_normal_area.inst_fifo_node_payld/gen_xpm_memory_fifo.inst_fifo/gen_async_clocks.inst_cdc_addra_to_rd_clk'
Finished Sourcing Tcl File [/tools/Xilinx/Vivado/2020.1/data/ip/xpm/xpm_cdc/tcl/xpm_cdc_gray.tcl] for cell 'design_1_i/smartconnect_0/inst/m02_nodes/m02_b_node/inst/inst_mi_handler/gen_normal_area.inst_fifo_node_payld/gen_xpm_memory_fifo.inst_fifo/gen_async_clocks.inst_cdc_addra_to_rd_clk'
Sourcing Tcl File [/tools/Xilinx/Vivado/2020.1/data/ip/xpm/xpm_cdc/tcl/xpm_cdc_gray.tcl] for cell 'design_1_i/smartconnect_0/inst/m02_nodes/m02_b_node/inst/inst_mi_handler/gen_normal_area.inst_fifo_node_payld/gen_xpm_memory_fifo.inst_fifo/gen_async_clocks.inst_cdc_addrb_to_wr_clk'
Finished Sourcing Tcl File [/tools/Xilinx/Vivado/2020.1/data/ip/xpm/xpm_cdc/tcl/xpm_cdc_gray.tcl] for cell 'design_1_i/smartconnect_0/inst/m02_nodes/m02_b_node/inst/inst_mi_handler/gen_normal_area.inst_fifo_node_payld/gen_xpm_memory_fifo.inst_fifo/gen_async_clocks.inst_cdc_addrb_to_wr_clk'
Sourcing Tcl File [/tools/Xilinx/Vivado/2020.1/data/ip/xpm/xpm_cdc/tcl/xpm_cdc_gray.tcl] for cell 'design_1_i/smartconnect_0/inst/m02_nodes/m02_b_node/inst/inst_mi_handler/gen_normal_area.gen_fifo_req.inst_fifo_req/gen_xpm_memory_fifo.inst_fifo/gen_async_clocks.inst_cdc_addra_to_rd_clk'
Finished Sourcing Tcl File [/tools/Xilinx/Vivado/2020.1/data/ip/xpm/xpm_cdc/tcl/xpm_cdc_gray.tcl] for cell 'design_1_i/smartconnect_0/inst/m02_nodes/m02_b_node/inst/inst_mi_handler/gen_normal_area.gen_fifo_req.inst_fifo_req/gen_xpm_memory_fifo.inst_fifo/gen_async_clocks.inst_cdc_addra_to_rd_clk'
Sourcing Tcl File [/tools/Xilinx/Vivado/2020.1/data/ip/xpm/xpm_cdc/tcl/xpm_cdc_gray.tcl] for cell 'design_1_i/smartconnect_0/inst/m02_nodes/m02_b_node/inst/inst_mi_handler/gen_normal_area.gen_fifo_req.inst_fifo_req/gen_xpm_memory_fifo.inst_fifo/gen_async_clocks.inst_cdc_addrb_to_wr_clk'
Finished Sourcing Tcl File [/tools/Xilinx/Vivado/2020.1/data/ip/xpm/xpm_cdc/tcl/xpm_cdc_gray.tcl] for cell 'design_1_i/smartconnect_0/inst/m02_nodes/m02_b_node/inst/inst_mi_handler/gen_normal_area.gen_fifo_req.inst_fifo_req/gen_xpm_memory_fifo.inst_fifo/gen_async_clocks.inst_cdc_addrb_to_wr_clk'
Sourcing Tcl File [/tools/Xilinx/Vivado/2020.1/data/ip/xpm/xpm_cdc/tcl/xpm_cdc_gray.tcl] for cell 'design_1_i/smartconnect_0/inst/m02_nodes/m02_aw_node/inst/inst_mi_handler/gen_normal_area.inst_fifo_node_payld/gen_xpm_memory_fifo.inst_fifo/gen_async_clocks.inst_cdc_addra_to_rd_clk'
Finished Sourcing Tcl File [/tools/Xilinx/Vivado/2020.1/data/ip/xpm/xpm_cdc/tcl/xpm_cdc_gray.tcl] for cell 'design_1_i/smartconnect_0/inst/m02_nodes/m02_aw_node/inst/inst_mi_handler/gen_normal_area.inst_fifo_node_payld/gen_xpm_memory_fifo.inst_fifo/gen_async_clocks.inst_cdc_addra_to_rd_clk'
Sourcing Tcl File [/tools/Xilinx/Vivado/2020.1/data/ip/xpm/xpm_cdc/tcl/xpm_cdc_gray.tcl] for cell 'design_1_i/smartconnect_0/inst/m02_nodes/m02_aw_node/inst/inst_mi_handler/gen_normal_area.inst_fifo_node_payld/gen_xpm_memory_fifo.inst_fifo/gen_async_clocks.inst_cdc_addrb_to_wr_clk'
Finished Sourcing Tcl File [/tools/Xilinx/Vivado/2020.1/data/ip/xpm/xpm_cdc/tcl/xpm_cdc_gray.tcl] for cell 'design_1_i/smartconnect_0/inst/m02_nodes/m02_aw_node/inst/inst_mi_handler/gen_normal_area.inst_fifo_node_payld/gen_xpm_memory_fifo.inst_fifo/gen_async_clocks.inst_cdc_addrb_to_wr_clk'
Sourcing Tcl File [/tools/Xilinx/Vivado/2020.1/data/ip/xpm/xpm_cdc/tcl/xpm_cdc_gray.tcl] for cell 'design_1_i/smartconnect_0/inst/m02_nodes/m02_ar_node/inst/inst_mi_handler/gen_normal_area.inst_fifo_node_payld/gen_xpm_memory_fifo.inst_fifo/gen_async_clocks.inst_cdc_addra_to_rd_clk'
Finished Sourcing Tcl File [/tools/Xilinx/Vivado/2020.1/data/ip/xpm/xpm_cdc/tcl/xpm_cdc_gray.tcl] for cell 'design_1_i/smartconnect_0/inst/m02_nodes/m02_ar_node/inst/inst_mi_handler/gen_normal_area.inst_fifo_node_payld/gen_xpm_memory_fifo.inst_fifo/gen_async_clocks.inst_cdc_addra_to_rd_clk'
Sourcing Tcl File [/tools/Xilinx/Vivado/2020.1/data/ip/xpm/xpm_cdc/tcl/xpm_cdc_gray.tcl] for cell 'design_1_i/smartconnect_0/inst/m02_nodes/m02_ar_node/inst/inst_mi_handler/gen_normal_area.inst_fifo_node_payld/gen_xpm_memory_fifo.inst_fifo/gen_async_clocks.inst_cdc_addrb_to_wr_clk'
Finished Sourcing Tcl File [/tools/Xilinx/Vivado/2020.1/data/ip/xpm/xpm_cdc/tcl/xpm_cdc_gray.tcl] for cell 'design_1_i/smartconnect_0/inst/m02_nodes/m02_ar_node/inst/inst_mi_handler/gen_normal_area.inst_fifo_node_payld/gen_xpm_memory_fifo.inst_fifo/gen_async_clocks.inst_cdc_addrb_to_wr_clk'
Sourcing Tcl File [/tools/Xilinx/Vivado/2020.1/data/ip/xpm/xpm_cdc/tcl/xpm_cdc_gray.tcl] for cell 'design_1_i/smartconnect_0/inst/m04_nodes/m04_w_node/inst/inst_mi_handler/gen_normal_area.inst_fifo_node_payld/gen_xpm_memory_fifo.inst_fifo/gen_async_clocks.inst_cdc_addra_to_rd_clk'
Finished Sourcing Tcl File [/tools/Xilinx/Vivado/2020.1/data/ip/xpm/xpm_cdc/tcl/xpm_cdc_gray.tcl] for cell 'design_1_i/smartconnect_0/inst/m04_nodes/m04_w_node/inst/inst_mi_handler/gen_normal_area.inst_fifo_node_payld/gen_xpm_memory_fifo.inst_fifo/gen_async_clocks.inst_cdc_addra_to_rd_clk'
Sourcing Tcl File [/tools/Xilinx/Vivado/2020.1/data/ip/xpm/xpm_cdc/tcl/xpm_cdc_gray.tcl] for cell 'design_1_i/smartconnect_0/inst/m04_nodes/m04_w_node/inst/inst_mi_handler/gen_normal_area.inst_fifo_node_payld/gen_xpm_memory_fifo.inst_fifo/gen_async_clocks.inst_cdc_addrb_to_wr_clk'
Finished Sourcing Tcl File [/tools/Xilinx/Vivado/2020.1/data/ip/xpm/xpm_cdc/tcl/xpm_cdc_gray.tcl] for cell 'design_1_i/smartconnect_0/inst/m04_nodes/m04_w_node/inst/inst_mi_handler/gen_normal_area.inst_fifo_node_payld/gen_xpm_memory_fifo.inst_fifo/gen_async_clocks.inst_cdc_addrb_to_wr_clk'
Sourcing Tcl File [/tools/Xilinx/Vivado/2020.1/data/ip/xpm/xpm_cdc/tcl/xpm_cdc_gray.tcl] for cell 'design_1_i/smartconnect_0/inst/m04_nodes/m04_r_node/inst/inst_mi_handler/gen_normal_area.inst_fifo_node_payld/gen_xpm_memory_fifo.inst_fifo/gen_async_clocks.inst_cdc_addra_to_rd_clk'
Finished Sourcing Tcl File [/tools/Xilinx/Vivado/2020.1/data/ip/xpm/xpm_cdc/tcl/xpm_cdc_gray.tcl] for cell 'design_1_i/smartconnect_0/inst/m04_nodes/m04_r_node/inst/inst_mi_handler/gen_normal_area.inst_fifo_node_payld/gen_xpm_memory_fifo.inst_fifo/gen_async_clocks.inst_cdc_addra_to_rd_clk'
Sourcing Tcl File [/tools/Xilinx/Vivado/2020.1/data/ip/xpm/xpm_cdc/tcl/xpm_cdc_gray.tcl] for cell 'design_1_i/smartconnect_0/inst/m04_nodes/m04_r_node/inst/inst_mi_handler/gen_normal_area.inst_fifo_node_payld/gen_xpm_memory_fifo.inst_fifo/gen_async_clocks.inst_cdc_addrb_to_wr_clk'
Finished Sourcing Tcl File [/tools/Xilinx/Vivado/2020.1/data/ip/xpm/xpm_cdc/tcl/xpm_cdc_gray.tcl] for cell 'design_1_i/smartconnect_0/inst/m04_nodes/m04_r_node/inst/inst_mi_handler/gen_normal_area.inst_fifo_node_payld/gen_xpm_memory_fifo.inst_fifo/gen_async_clocks.inst_cdc_addrb_to_wr_clk'
Sourcing Tcl File [/tools/Xilinx/Vivado/2020.1/data/ip/xpm/xpm_cdc/tcl/xpm_cdc_gray.tcl] for cell 'design_1_i/smartconnect_0/inst/m04_nodes/m04_r_node/inst/inst_mi_handler/gen_normal_area.gen_fifo_req.inst_fifo_req/gen_xpm_memory_fifo.inst_fifo/gen_async_clocks.inst_cdc_addra_to_rd_clk'
Finished Sourcing Tcl File [/tools/Xilinx/Vivado/2020.1/data/ip/xpm/xpm_cdc/tcl/xpm_cdc_gray.tcl] for cell 'design_1_i/smartconnect_0/inst/m04_nodes/m04_r_node/inst/inst_mi_handler/gen_normal_area.gen_fifo_req.inst_fifo_req/gen_xpm_memory_fifo.inst_fifo/gen_async_clocks.inst_cdc_addra_to_rd_clk'
Sourcing Tcl File [/tools/Xilinx/Vivado/2020.1/data/ip/xpm/xpm_cdc/tcl/xpm_cdc_gray.tcl] for cell 'design_1_i/smartconnect_0/inst/m04_nodes/m04_r_node/inst/inst_mi_handler/gen_normal_area.gen_fifo_req.inst_fifo_req/gen_xpm_memory_fifo.inst_fifo/gen_async_clocks.inst_cdc_addrb_to_wr_clk'
Finished Sourcing Tcl File [/tools/Xilinx/Vivado/2020.1/data/ip/xpm/xpm_cdc/tcl/xpm_cdc_gray.tcl] for cell 'design_1_i/smartconnect_0/inst/m04_nodes/m04_r_node/inst/inst_mi_handler/gen_normal_area.gen_fifo_req.inst_fifo_req/gen_xpm_memory_fifo.inst_fifo/gen_async_clocks.inst_cdc_addrb_to_wr_clk'
Sourcing Tcl File [/tools/Xilinx/Vivado/2020.1/data/ip/xpm/xpm_cdc/tcl/xpm_cdc_gray.tcl] for cell 'design_1_i/smartconnect_0/inst/m04_nodes/m04_b_node/inst/inst_mi_handler/gen_normal_area.inst_fifo_node_payld/gen_xpm_memory_fifo.inst_fifo/gen_async_clocks.inst_cdc_addra_to_rd_clk'
Finished Sourcing Tcl File [/tools/Xilinx/Vivado/2020.1/data/ip/xpm/xpm_cdc/tcl/xpm_cdc_gray.tcl] for cell 'design_1_i/smartconnect_0/inst/m04_nodes/m04_b_node/inst/inst_mi_handler/gen_normal_area.inst_fifo_node_payld/gen_xpm_memory_fifo.inst_fifo/gen_async_clocks.inst_cdc_addra_to_rd_clk'
Sourcing Tcl File [/tools/Xilinx/Vivado/2020.1/data/ip/xpm/xpm_cdc/tcl/xpm_cdc_gray.tcl] for cell 'design_1_i/smartconnect_0/inst/m04_nodes/m04_b_node/inst/inst_mi_handler/gen_normal_area.inst_fifo_node_payld/gen_xpm_memory_fifo.inst_fifo/gen_async_clocks.inst_cdc_addrb_to_wr_clk'
Finished Sourcing Tcl File [/tools/Xilinx/Vivado/2020.1/data/ip/xpm/xpm_cdc/tcl/xpm_cdc_gray.tcl] for cell 'design_1_i/smartconnect_0/inst/m04_nodes/m04_b_node/inst/inst_mi_handler/gen_normal_area.inst_fifo_node_payld/gen_xpm_memory_fifo.inst_fifo/gen_async_clocks.inst_cdc_addrb_to_wr_clk'
Sourcing Tcl File [/tools/Xilinx/Vivado/2020.1/data/ip/xpm/xpm_cdc/tcl/xpm_cdc_gray.tcl] for cell 'design_1_i/smartconnect_0/inst/m04_nodes/m04_b_node/inst/inst_mi_handler/gen_normal_area.gen_fifo_req.inst_fifo_req/gen_xpm_memory_fifo.inst_fifo/gen_async_clocks.inst_cdc_addra_to_rd_clk'
Finished Sourcing Tcl File [/tools/Xilinx/Vivado/2020.1/data/ip/xpm/xpm_cdc/tcl/xpm_cdc_gray.tcl] for cell 'design_1_i/smartconnect_0/inst/m04_nodes/m04_b_node/inst/inst_mi_handler/gen_normal_area.gen_fifo_req.inst_fifo_req/gen_xpm_memory_fifo.inst_fifo/gen_async_clocks.inst_cdc_addra_to_rd_clk'
Sourcing Tcl File [/tools/Xilinx/Vivado/2020.1/data/ip/xpm/xpm_cdc/tcl/xpm_cdc_gray.tcl] for cell 'design_1_i/smartconnect_0/inst/m04_nodes/m04_b_node/inst/inst_mi_handler/gen_normal_area.gen_fifo_req.inst_fifo_req/gen_xpm_memory_fifo.inst_fifo/gen_async_clocks.inst_cdc_addrb_to_wr_clk'
Finished Sourcing Tcl File [/tools/Xilinx/Vivado/2020.1/data/ip/xpm/xpm_cdc/tcl/xpm_cdc_gray.tcl] for cell 'design_1_i/smartconnect_0/inst/m04_nodes/m04_b_node/inst/inst_mi_handler/gen_normal_area.gen_fifo_req.inst_fifo_req/gen_xpm_memory_fifo.inst_fifo/gen_async_clocks.inst_cdc_addrb_to_wr_clk'
Sourcing Tcl File [/tools/Xilinx/Vivado/2020.1/data/ip/xpm/xpm_cdc/tcl/xpm_cdc_gray.tcl] for cell 'design_1_i/smartconnect_0/inst/m04_nodes/m04_aw_node/inst/inst_mi_handler/gen_normal_area.inst_fifo_node_payld/gen_xpm_memory_fifo.inst_fifo/gen_async_clocks.inst_cdc_addra_to_rd_clk'
Finished Sourcing Tcl File [/tools/Xilinx/Vivado/2020.1/data/ip/xpm/xpm_cdc/tcl/xpm_cdc_gray.tcl] for cell 'design_1_i/smartconnect_0/inst/m04_nodes/m04_aw_node/inst/inst_mi_handler/gen_normal_area.inst_fifo_node_payld/gen_xpm_memory_fifo.inst_fifo/gen_async_clocks.inst_cdc_addra_to_rd_clk'
Sourcing Tcl File [/tools/Xilinx/Vivado/2020.1/data/ip/xpm/xpm_cdc/tcl/xpm_cdc_gray.tcl] for cell 'design_1_i/smartconnect_0/inst/m04_nodes/m04_aw_node/inst/inst_mi_handler/gen_normal_area.inst_fifo_node_payld/gen_xpm_memory_fifo.inst_fifo/gen_async_clocks.inst_cdc_addrb_to_wr_clk'
Finished Sourcing Tcl File [/tools/Xilinx/Vivado/2020.1/data/ip/xpm/xpm_cdc/tcl/xpm_cdc_gray.tcl] for cell 'design_1_i/smartconnect_0/inst/m04_nodes/m04_aw_node/inst/inst_mi_handler/gen_normal_area.inst_fifo_node_payld/gen_xpm_memory_fifo.inst_fifo/gen_async_clocks.inst_cdc_addrb_to_wr_clk'
Sourcing Tcl File [/tools/Xilinx/Vivado/2020.1/data/ip/xpm/xpm_cdc/tcl/xpm_cdc_gray.tcl] for cell 'design_1_i/smartconnect_0/inst/m04_nodes/m04_ar_node/inst/inst_mi_handler/gen_normal_area.inst_fifo_node_payld/gen_xpm_memory_fifo.inst_fifo/gen_async_clocks.inst_cdc_addra_to_rd_clk'
Finished Sourcing Tcl File [/tools/Xilinx/Vivado/2020.1/data/ip/xpm/xpm_cdc/tcl/xpm_cdc_gray.tcl] for cell 'design_1_i/smartconnect_0/inst/m04_nodes/m04_ar_node/inst/inst_mi_handler/gen_normal_area.inst_fifo_node_payld/gen_xpm_memory_fifo.inst_fifo/gen_async_clocks.inst_cdc_addra_to_rd_clk'
Sourcing Tcl File [/tools/Xilinx/Vivado/2020.1/data/ip/xpm/xpm_cdc/tcl/xpm_cdc_gray.tcl] for cell 'design_1_i/smartconnect_0/inst/m04_nodes/m04_ar_node/inst/inst_mi_handler/gen_normal_area.inst_fifo_node_payld/gen_xpm_memory_fifo.inst_fifo/gen_async_clocks.inst_cdc_addrb_to_wr_clk'
Finished Sourcing Tcl File [/tools/Xilinx/Vivado/2020.1/data/ip/xpm/xpm_cdc/tcl/xpm_cdc_gray.tcl] for cell 'design_1_i/smartconnect_0/inst/m04_nodes/m04_ar_node/inst/inst_mi_handler/gen_normal_area.inst_fifo_node_payld/gen_xpm_memory_fifo.inst_fifo/gen_async_clocks.inst_cdc_addrb_to_wr_clk'
Sourcing Tcl File [/tools/Xilinx/Vivado/2020.1/data/ip/xpm/xpm_cdc/tcl/xpm_cdc_gray.tcl] for cell 'design_1_i/smartconnect_0/inst/m03_nodes/m03_w_node/inst/inst_mi_handler/gen_normal_area.inst_fifo_node_payld/gen_xpm_memory_fifo.inst_fifo/gen_async_clocks.inst_cdc_addra_to_rd_clk'
Finished Sourcing Tcl File [/tools/Xilinx/Vivado/2020.1/data/ip/xpm/xpm_cdc/tcl/xpm_cdc_gray.tcl] for cell 'design_1_i/smartconnect_0/inst/m03_nodes/m03_w_node/inst/inst_mi_handler/gen_normal_area.inst_fifo_node_payld/gen_xpm_memory_fifo.inst_fifo/gen_async_clocks.inst_cdc_addra_to_rd_clk'
Sourcing Tcl File [/tools/Xilinx/Vivado/2020.1/data/ip/xpm/xpm_cdc/tcl/xpm_cdc_gray.tcl] for cell 'design_1_i/smartconnect_0/inst/m03_nodes/m03_w_node/inst/inst_mi_handler/gen_normal_area.inst_fifo_node_payld/gen_xpm_memory_fifo.inst_fifo/gen_async_clocks.inst_cdc_addrb_to_wr_clk'
Finished Sourcing Tcl File [/tools/Xilinx/Vivado/2020.1/data/ip/xpm/xpm_cdc/tcl/xpm_cdc_gray.tcl] for cell 'design_1_i/smartconnect_0/inst/m03_nodes/m03_w_node/inst/inst_mi_handler/gen_normal_area.inst_fifo_node_payld/gen_xpm_memory_fifo.inst_fifo/gen_async_clocks.inst_cdc_addrb_to_wr_clk'
Sourcing Tcl File [/tools/Xilinx/Vivado/2020.1/data/ip/xpm/xpm_cdc/tcl/xpm_cdc_single.tcl] for cell 'design_1_i/xdma_0/inst/udma_wrapper/dma_top/base/IRQ_INST/usr_irq_xpm_cdc'
Finished Sourcing Tcl File [/tools/Xilinx/Vivado/2020.1/data/ip/xpm/xpm_cdc/tcl/xpm_cdc_single.tcl] for cell 'design_1_i/xdma_0/inst/udma_wrapper/dma_top/base/IRQ_INST/usr_irq_xpm_cdc'
Sourcing Tcl File [/tools/Xilinx/Vivado/2020.1/data/ip/xpm/xpm_cdc/tcl/xpm_cdc_single.tcl] for cell 'design_1_i/xdma_0/inst/design_1_xdma_0_2_pcie2_to_pcie3_wrapper_i/pcie2_ip_i/U0/inst/pl_received_hot_rst_cdc'
Finished Sourcing Tcl File [/tools/Xilinx/Vivado/2020.1/data/ip/xpm/xpm_cdc/tcl/xpm_cdc_single.tcl] for cell 'design_1_i/xdma_0/inst/design_1_xdma_0_2_pcie2_to_pcie3_wrapper_i/pcie2_ip_i/U0/inst/pl_received_hot_rst_cdc'
Sourcing Tcl File [/tools/Xilinx/Vivado/2020.1/data/ip/xpm/xpm_cdc/tcl/xpm_cdc_single.tcl] for cell 'design_1_i/xdma_0/inst/design_1_xdma_0_2_pcie2_to_pcie3_wrapper_i/pcie2_ip_i/U0/inst/pl_phy_lnk_up_cdc'
Finished Sourcing Tcl File [/tools/Xilinx/Vivado/2020.1/data/ip/xpm/xpm_cdc/tcl/xpm_cdc_single.tcl] for cell 'design_1_i/xdma_0/inst/design_1_xdma_0_2_pcie2_to_pcie3_wrapper_i/pcie2_ip_i/U0/inst/pl_phy_lnk_up_cdc'
Sourcing Tcl File [/tools/Xilinx/Vivado/2020.1/data/ip/xpm/xpm_cdc/tcl/xpm_cdc_sync_rst.tcl] for cell 'design_1_i/axis_data_fifo_0/inst/gen_fifo.xpm_fifo_axis_inst/gaxis_rst_sync.xpm_cdc_sync_rst_inst'
Finished Sourcing Tcl File [/tools/Xilinx/Vivado/2020.1/data/ip/xpm/xpm_cdc/tcl/xpm_cdc_sync_rst.tcl] for cell 'design_1_i/axis_data_fifo_0/inst/gen_fifo.xpm_fifo_axis_inst/gaxis_rst_sync.xpm_cdc_sync_rst_inst'
Sourcing Tcl File [/tools/Xilinx/Vivado/2020.1/data/ip/xpm/xpm_fifo/tcl/xpm_fifo_rst_axis.tcl] for cell 'design_1_i/axis_data_fifo_0/inst/gen_fifo.xpm_fifo_axis_inst'
Finished Sourcing Tcl File [/tools/Xilinx/Vivado/2020.1/data/ip/xpm/xpm_fifo/tcl/xpm_fifo_rst_axis.tcl] for cell 'design_1_i/axis_data_fifo_0/inst/gen_fifo.xpm_fifo_axis_inst'
Sourcing Tcl File [/tools/Xilinx/Vivado/2020.1/data/ip/xpm/xpm_memory/tcl/xpm_memory_xdc.tcl] for cell 'design_1_i/smartconnect_0/inst/m01_nodes/m01_ar_node/inst/inst_mi_handler/gen_normal_area.gen_node_prog_full.inst_node_prog_full/gen_xpm_memory_fifo.inst_fifo/gen_mem_rep[0].inst_xpm_memory'
Finished Sourcing Tcl File [/tools/Xilinx/Vivado/2020.1/data/ip/xpm/xpm_memory/tcl/xpm_memory_xdc.tcl] for cell 'design_1_i/smartconnect_0/inst/m01_nodes/m01_ar_node/inst/inst_mi_handler/gen_normal_area.gen_node_prog_full.inst_node_prog_full/gen_xpm_memory_fifo.inst_fifo/gen_mem_rep[0].inst_xpm_memory'
Sourcing Tcl File [/tools/Xilinx/Vivado/2020.1/data/ip/xpm/xpm_memory/tcl/xpm_memory_xdc.tcl] for cell 'design_1_i/smartconnect_0/inst/s00_nodes/s00_r_node/inst/inst_mi_handler/gen_normal_area.gen_node_prog_full.inst_node_prog_full/gen_xpm_memory_fifo.inst_fifo/gen_mem_rep[0].inst_xpm_memory'
Finished Sourcing Tcl File [/tools/Xilinx/Vivado/2020.1/data/ip/xpm/xpm_memory/tcl/xpm_memory_xdc.tcl] for cell 'design_1_i/smartconnect_0/inst/s00_nodes/s00_r_node/inst/inst_mi_handler/gen_normal_area.gen_node_prog_full.inst_node_prog_full/gen_xpm_memory_fifo.inst_fifo/gen_mem_rep[0].inst_xpm_memory'
Sourcing Tcl File [/tools/Xilinx/Vivado/2020.1/data/ip/xpm/xpm_memory/tcl/xpm_memory_xdc.tcl] for cell 'design_1_i/smartconnect_0/inst/s00_nodes/s00_b_node/inst/inst_mi_handler/gen_normal_area.gen_node_prog_full.inst_node_prog_full/gen_xpm_memory_fifo.inst_fifo/gen_mem_rep[0].inst_xpm_memory'
Finished Sourcing Tcl File [/tools/Xilinx/Vivado/2020.1/data/ip/xpm/xpm_memory/tcl/xpm_memory_xdc.tcl] for cell 'design_1_i/smartconnect_0/inst/s00_nodes/s00_b_node/inst/inst_mi_handler/gen_normal_area.gen_node_prog_full.inst_node_prog_full/gen_xpm_memory_fifo.inst_fifo/gen_mem_rep[0].inst_xpm_memory'
Sourcing Tcl File [/tools/Xilinx/Vivado/2020.1/data/ip/xpm/xpm_memory/tcl/xpm_memory_xdc.tcl] for cell 'design_1_i/smartconnect_0/inst/s01_nodes/s01_r_node/inst/inst_mi_handler/gen_normal_area.gen_node_prog_full.inst_node_prog_full/gen_xpm_memory_fifo.inst_fifo/gen_mem_rep[0].inst_xpm_memory'
Finished Sourcing Tcl File [/tools/Xilinx/Vivado/2020.1/data/ip/xpm/xpm_memory/tcl/xpm_memory_xdc.tcl] for cell 'design_1_i/smartconnect_0/inst/s01_nodes/s01_r_node/inst/inst_mi_handler/gen_normal_area.gen_node_prog_full.inst_node_prog_full/gen_xpm_memory_fifo.inst_fifo/gen_mem_rep[0].inst_xpm_memory'
Sourcing Tcl File [/tools/Xilinx/Vivado/2020.1/data/ip/xpm/xpm_memory/tcl/xpm_memory_xdc.tcl] for cell 'design_1_i/smartconnect_0/inst/s01_nodes/s01_b_node/inst/inst_mi_handler/gen_normal_area.gen_node_prog_full.inst_node_prog_full/gen_xpm_memory_fifo.inst_fifo/gen_mem_rep[0].inst_xpm_memory'
Finished Sourcing Tcl File [/tools/Xilinx/Vivado/2020.1/data/ip/xpm/xpm_memory/tcl/xpm_memory_xdc.tcl] for cell 'design_1_i/smartconnect_0/inst/s01_nodes/s01_b_node/inst/inst_mi_handler/gen_normal_area.gen_node_prog_full.inst_node_prog_full/gen_xpm_memory_fifo.inst_fifo/gen_mem_rep[0].inst_xpm_memory'
Sourcing Tcl File [/tools/Xilinx/Vivado/2020.1/data/ip/xpm/xpm_memory/tcl/xpm_memory_xdc.tcl] for cell 'design_1_i/smartconnect_0/inst/m00_nodes/m00_w_node/inst/inst_mi_handler/gen_normal_area.gen_node_prog_full.inst_node_prog_full/gen_xpm_memory_fifo.inst_fifo/gen_mem_rep[0].inst_xpm_memory'
Finished Sourcing Tcl File [/tools/Xilinx/Vivado/2020.1/data/ip/xpm/xpm_memory/tcl/xpm_memory_xdc.tcl] for cell 'design_1_i/smartconnect_0/inst/m00_nodes/m00_w_node/inst/inst_mi_handler/gen_normal_area.gen_node_prog_full.inst_node_prog_full/gen_xpm_memory_fifo.inst_fifo/gen_mem_rep[0].inst_xpm_memory'
Sourcing Tcl File [/tools/Xilinx/Vivado/2020.1/data/ip/xpm/xpm_memory/tcl/xpm_memory_xdc.tcl] for cell 'design_1_i/smartconnect_0/inst/m00_nodes/m00_aw_node/inst/inst_mi_handler/gen_normal_area.gen_node_prog_full.inst_node_prog_full/gen_xpm_memory_fifo.inst_fifo/gen_mem_rep[0].inst_xpm_memory'
Finished Sourcing Tcl File [/tools/Xilinx/Vivado/2020.1/data/ip/xpm/xpm_memory/tcl/xpm_memory_xdc.tcl] for cell 'design_1_i/smartconnect_0/inst/m00_nodes/m00_aw_node/inst/inst_mi_handler/gen_normal_area.gen_node_prog_full.inst_node_prog_full/gen_xpm_memory_fifo.inst_fifo/gen_mem_rep[0].inst_xpm_memory'
Sourcing Tcl File [/tools/Xilinx/Vivado/2020.1/data/ip/xpm/xpm_memory/tcl/xpm_memory_xdc.tcl] for cell 'design_1_i/smartconnect_0/inst/m00_nodes/m00_ar_node/inst/inst_mi_handler/gen_normal_area.gen_node_prog_full.inst_node_prog_full/gen_xpm_memory_fifo.inst_fifo/gen_mem_rep[0].inst_xpm_memory'
Finished Sourcing Tcl File [/tools/Xilinx/Vivado/2020.1/data/ip/xpm/xpm_memory/tcl/xpm_memory_xdc.tcl] for cell 'design_1_i/smartconnect_0/inst/m00_nodes/m00_ar_node/inst/inst_mi_handler/gen_normal_area.gen_node_prog_full.inst_node_prog_full/gen_xpm_memory_fifo.inst_fifo/gen_mem_rep[0].inst_xpm_memory'
Sourcing Tcl File [/tools/Xilinx/Vivado/2020.1/data/ip/xpm/xpm_memory/tcl/xpm_memory_xdc.tcl] for cell 'design_1_i/smartconnect_0/inst/m01_nodes/m01_w_node/inst/inst_mi_handler/gen_normal_area.gen_node_prog_full.inst_node_prog_full/gen_xpm_memory_fifo.inst_fifo/gen_mem_rep[0].inst_xpm_memory'
Finished Sourcing Tcl File [/tools/Xilinx/Vivado/2020.1/data/ip/xpm/xpm_memory/tcl/xpm_memory_xdc.tcl] for cell 'design_1_i/smartconnect_0/inst/m01_nodes/m01_w_node/inst/inst_mi_handler/gen_normal_area.gen_node_prog_full.inst_node_prog_full/gen_xpm_memory_fifo.inst_fifo/gen_mem_rep[0].inst_xpm_memory'
Sourcing Tcl File [/tools/Xilinx/Vivado/2020.1/data/ip/xpm/xpm_memory/tcl/xpm_memory_xdc.tcl] for cell 'design_1_i/smartconnect_0/inst/m01_nodes/m01_aw_node/inst/inst_mi_handler/gen_normal_area.gen_node_prog_full.inst_node_prog_full/gen_xpm_memory_fifo.inst_fifo/gen_mem_rep[0].inst_xpm_memory'
Finished Sourcing Tcl File [/tools/Xilinx/Vivado/2020.1/data/ip/xpm/xpm_memory/tcl/xpm_memory_xdc.tcl] for cell 'design_1_i/smartconnect_0/inst/m01_nodes/m01_aw_node/inst/inst_mi_handler/gen_normal_area.gen_node_prog_full.inst_node_prog_full/gen_xpm_memory_fifo.inst_fifo/gen_mem_rep[0].inst_xpm_memory'
Sourcing Tcl File [/tools/Xilinx/Vivado/2020.1/data/ip/xpm/xpm_memory/tcl/xpm_memory_xdc.tcl] for cell 'design_1_i/smartconnect_0/inst/m01_nodes/m01_ar_node/inst/inst_mi_handler/gen_normal_area.inst_fifo_node_payld/gen_xpm_memory_fifo.inst_fifo/gen_mem_rep[0].inst_xpm_memory'
Finished Sourcing Tcl File [/tools/Xilinx/Vivado/2020.1/data/ip/xpm/xpm_memory/tcl/xpm_memory_xdc.tcl] for cell 'design_1_i/smartconnect_0/inst/m01_nodes/m01_ar_node/inst/inst_mi_handler/gen_normal_area.inst_fifo_node_payld/gen_xpm_memory_fifo.inst_fifo/gen_mem_rep[0].inst_xpm_memory'
Sourcing Tcl File [/tools/Xilinx/Vivado/2020.1/data/ip/xpm/xpm_memory/tcl/xpm_memory_xdc.tcl] for cell 'design_1_i/smartconnect_0/inst/m00_nodes/m00_aw_node/inst/inst_mi_handler/gen_normal_area.inst_fifo_node_payld/gen_xpm_memory_fifo.inst_fifo/gen_mem_rep[0].inst_xpm_memory'
Finished Sourcing Tcl File [/tools/Xilinx/Vivado/2020.1/data/ip/xpm/xpm_memory/tcl/xpm_memory_xdc.tcl] for cell 'design_1_i/smartconnect_0/inst/m00_nodes/m00_aw_node/inst/inst_mi_handler/gen_normal_area.inst_fifo_node_payld/gen_xpm_memory_fifo.inst_fifo/gen_mem_rep[0].inst_xpm_memory'
Sourcing Tcl File [/tools/Xilinx/Vivado/2020.1/data/ip/xpm/xpm_memory/tcl/xpm_memory_xdc.tcl] for cell 'design_1_i/smartconnect_0/inst/m00_nodes/m00_ar_node/inst/inst_mi_handler/gen_normal_area.inst_fifo_node_payld/gen_xpm_memory_fifo.inst_fifo/gen_mem_rep[0].inst_xpm_memory'
Finished Sourcing Tcl File [/tools/Xilinx/Vivado/2020.1/data/ip/xpm/xpm_memory/tcl/xpm_memory_xdc.tcl] for cell 'design_1_i/smartconnect_0/inst/m00_nodes/m00_ar_node/inst/inst_mi_handler/gen_normal_area.inst_fifo_node_payld/gen_xpm_memory_fifo.inst_fifo/gen_mem_rep[0].inst_xpm_memory'
Sourcing Tcl File [/tools/Xilinx/Vivado/2020.1/data/ip/xpm/xpm_memory/tcl/xpm_memory_xdc.tcl] for cell 'design_1_i/smartconnect_0/inst/m01_nodes/m01_aw_node/inst/inst_mi_handler/gen_normal_area.inst_fifo_node_payld/gen_xpm_memory_fifo.inst_fifo/gen_mem_rep[0].inst_xpm_memory'
Finished Sourcing Tcl File [/tools/Xilinx/Vivado/2020.1/data/ip/xpm/xpm_memory/tcl/xpm_memory_xdc.tcl] for cell 'design_1_i/smartconnect_0/inst/m01_nodes/m01_aw_node/inst/inst_mi_handler/gen_normal_area.inst_fifo_node_payld/gen_xpm_memory_fifo.inst_fifo/gen_mem_rep[0].inst_xpm_memory'
Sourcing Tcl File [/tools/Xilinx/Vivado/2020.1/data/ip/xpm/xpm_memory/tcl/xpm_memory_xdc.tcl] for cell 'design_1_i/smartconnect_0/inst/m01_nodes/m01_b_node/inst/inst_mi_handler/gen_normal_area.gen_fifo_req.inst_fifo_req/gen_xpm_memory_fifo.inst_fifo/gen_mem_rep[0].inst_xpm_memory'
Finished Sourcing Tcl File [/tools/Xilinx/Vivado/2020.1/data/ip/xpm/xpm_memory/tcl/xpm_memory_xdc.tcl] for cell 'design_1_i/smartconnect_0/inst/m01_nodes/m01_b_node/inst/inst_mi_handler/gen_normal_area.gen_fifo_req.inst_fifo_req/gen_xpm_memory_fifo.inst_fifo/gen_mem_rep[0].inst_xpm_memory'
Sourcing Tcl File [/tools/Xilinx/Vivado/2020.1/data/ip/xpm/xpm_memory/tcl/xpm_memory_xdc.tcl] for cell 'design_1_i/smartconnect_0/inst/m03_nodes/m03_b_node/inst/inst_mi_handler/gen_normal_area.inst_fifo_node_payld/gen_xpm_memory_fifo.inst_fifo/gen_mem_rep[0].inst_xpm_memory'
Finished Sourcing Tcl File [/tools/Xilinx/Vivado/2020.1/data/ip/xpm/xpm_memory/tcl/xpm_memory_xdc.tcl] for cell 'design_1_i/smartconnect_0/inst/m03_nodes/m03_b_node/inst/inst_mi_handler/gen_normal_area.inst_fifo_node_payld/gen_xpm_memory_fifo.inst_fifo/gen_mem_rep[0].inst_xpm_memory'
Sourcing Tcl File [/tools/Xilinx/Vivado/2020.1/data/ip/xpm/xpm_memory/tcl/xpm_memory_xdc.tcl] for cell 'design_1_i/smartconnect_0/inst/m05_nodes/m05_b_node/inst/inst_mi_handler/gen_normal_area.inst_fifo_node_payld/gen_xpm_memory_fifo.inst_fifo/gen_mem_rep[0].inst_xpm_memory'
Finished Sourcing Tcl File [/tools/Xilinx/Vivado/2020.1/data/ip/xpm/xpm_memory/tcl/xpm_memory_xdc.tcl] for cell 'design_1_i/smartconnect_0/inst/m05_nodes/m05_b_node/inst/inst_mi_handler/gen_normal_area.inst_fifo_node_payld/gen_xpm_memory_fifo.inst_fifo/gen_mem_rep[0].inst_xpm_memory'
Sourcing Tcl File [/tools/Xilinx/Vivado/2020.1/data/ip/xpm/xpm_memory/tcl/xpm_memory_xdc.tcl] for cell 'design_1_i/smartconnect_0/inst/m02_nodes/m02_b_node/inst/inst_mi_handler/gen_normal_area.inst_fifo_node_payld/gen_xpm_memory_fifo.inst_fifo/gen_mem_rep[0].inst_xpm_memory'
Finished Sourcing Tcl File [/tools/Xilinx/Vivado/2020.1/data/ip/xpm/xpm_memory/tcl/xpm_memory_xdc.tcl] for cell 'design_1_i/smartconnect_0/inst/m02_nodes/m02_b_node/inst/inst_mi_handler/gen_normal_area.inst_fifo_node_payld/gen_xpm_memory_fifo.inst_fifo/gen_mem_rep[0].inst_xpm_memory'
Sourcing Tcl File [/tools/Xilinx/Vivado/2020.1/data/ip/xpm/xpm_memory/tcl/xpm_memory_xdc.tcl] for cell 'design_1_i/smartconnect_0/inst/m04_nodes/m04_b_node/inst/inst_mi_handler/gen_normal_area.inst_fifo_node_payld/gen_xpm_memory_fifo.inst_fifo/gen_mem_rep[0].inst_xpm_memory'
Finished Sourcing Tcl File [/tools/Xilinx/Vivado/2020.1/data/ip/xpm/xpm_memory/tcl/xpm_memory_xdc.tcl] for cell 'design_1_i/smartconnect_0/inst/m04_nodes/m04_b_node/inst/inst_mi_handler/gen_normal_area.inst_fifo_node_payld/gen_xpm_memory_fifo.inst_fifo/gen_mem_rep[0].inst_xpm_memory'
Sourcing Tcl File [/tools/Xilinx/Vivado/2020.1/data/ip/xpm/xpm_memory/tcl/xpm_memory_xdc.tcl] for cell 'design_1_i/smartconnect_0/inst/m03_nodes/m03_r_node/inst/inst_mi_handler/gen_normal_area.inst_fifo_node_payld/gen_xpm_memory_fifo.inst_fifo/gen_mem_rep[1].inst_xpm_memory'
Finished Sourcing Tcl File [/tools/Xilinx/Vivado/2020.1/data/ip/xpm/xpm_memory/tcl/xpm_memory_xdc.tcl] for cell 'design_1_i/smartconnect_0/inst/m03_nodes/m03_r_node/inst/inst_mi_handler/gen_normal_area.inst_fifo_node_payld/gen_xpm_memory_fifo.inst_fifo/gen_mem_rep[1].inst_xpm_memory'
Sourcing Tcl File [/tools/Xilinx/Vivado/2020.1/data/ip/xpm/xpm_memory/tcl/xpm_memory_xdc.tcl] for cell 'design_1_i/smartconnect_0/inst/m05_nodes/m05_r_node/inst/inst_mi_handler/gen_normal_area.inst_fifo_node_payld/gen_xpm_memory_fifo.inst_fifo/gen_mem_rep[0].inst_xpm_memory'
Finished Sourcing Tcl File [/tools/Xilinx/Vivado/2020.1/data/ip/xpm/xpm_memory/tcl/xpm_memory_xdc.tcl] for cell 'design_1_i/smartconnect_0/inst/m05_nodes/m05_r_node/inst/inst_mi_handler/gen_normal_area.inst_fifo_node_payld/gen_xpm_memory_fifo.inst_fifo/gen_mem_rep[0].inst_xpm_memory'
Sourcing Tcl File [/tools/Xilinx/Vivado/2020.1/data/ip/xpm/xpm_memory/tcl/xpm_memory_xdc.tcl] for cell 'design_1_i/smartconnect_0/inst/m05_nodes/m05_r_node/inst/inst_mi_handler/gen_normal_area.inst_fifo_node_payld/gen_xpm_memory_fifo.inst_fifo/gen_mem_rep[1].inst_xpm_memory'
Finished Sourcing Tcl File [/tools/Xilinx/Vivado/2020.1/data/ip/xpm/xpm_memory/tcl/xpm_memory_xdc.tcl] for cell 'design_1_i/smartconnect_0/inst/m05_nodes/m05_r_node/inst/inst_mi_handler/gen_normal_area.inst_fifo_node_payld/gen_xpm_memory_fifo.inst_fifo/gen_mem_rep[1].inst_xpm_memory'
Sourcing Tcl File [/tools/Xilinx/Vivado/2020.1/data/ip/xpm/xpm_memory/tcl/xpm_memory_xdc.tcl] for cell 'design_1_i/smartconnect_0/inst/m02_nodes/m02_r_node/inst/inst_mi_handler/gen_normal_area.inst_fifo_node_payld/gen_xpm_memory_fifo.inst_fifo/gen_mem_rep[0].inst_xpm_memory'
Finished Sourcing Tcl File [/tools/Xilinx/Vivado/2020.1/data/ip/xpm/xpm_memory/tcl/xpm_memory_xdc.tcl] for cell 'design_1_i/smartconnect_0/inst/m02_nodes/m02_r_node/inst/inst_mi_handler/gen_normal_area.inst_fifo_node_payld/gen_xpm_memory_fifo.inst_fifo/gen_mem_rep[0].inst_xpm_memory'
Sourcing Tcl File [/tools/Xilinx/Vivado/2020.1/data/ip/xpm/xpm_memory/tcl/xpm_memory_xdc.tcl] for cell 'design_1_i/smartconnect_0/inst/m02_nodes/m02_r_node/inst/inst_mi_handler/gen_normal_area.inst_fifo_node_payld/gen_xpm_memory_fifo.inst_fifo/gen_mem_rep[1].inst_xpm_memory'
Finished Sourcing Tcl File [/tools/Xilinx/Vivado/2020.1/data/ip/xpm/xpm_memory/tcl/xpm_memory_xdc.tcl] for cell 'design_1_i/smartconnect_0/inst/m02_nodes/m02_r_node/inst/inst_mi_handler/gen_normal_area.inst_fifo_node_payld/gen_xpm_memory_fifo.inst_fifo/gen_mem_rep[1].inst_xpm_memory'
Sourcing Tcl File [/tools/Xilinx/Vivado/2020.1/data/ip/xpm/xpm_memory/tcl/xpm_memory_xdc.tcl] for cell 'design_1_i/smartconnect_0/inst/m04_nodes/m04_r_node/inst/inst_mi_handler/gen_normal_area.inst_fifo_node_payld/gen_xpm_memory_fifo.inst_fifo/gen_mem_rep[0].inst_xpm_memory'
Finished Sourcing Tcl File [/tools/Xilinx/Vivado/2020.1/data/ip/xpm/xpm_memory/tcl/xpm_memory_xdc.tcl] for cell 'design_1_i/smartconnect_0/inst/m04_nodes/m04_r_node/inst/inst_mi_handler/gen_normal_area.inst_fifo_node_payld/gen_xpm_memory_fifo.inst_fifo/gen_mem_rep[0].inst_xpm_memory'
Sourcing Tcl File [/tools/Xilinx/Vivado/2020.1/data/ip/xpm/xpm_memory/tcl/xpm_memory_xdc.tcl] for cell 'design_1_i/smartconnect_0/inst/m04_nodes/m04_r_node/inst/inst_mi_handler/gen_normal_area.inst_fifo_node_payld/gen_xpm_memory_fifo.inst_fifo/gen_mem_rep[1].inst_xpm_memory'
Finished Sourcing Tcl File [/tools/Xilinx/Vivado/2020.1/data/ip/xpm/xpm_memory/tcl/xpm_memory_xdc.tcl] for cell 'design_1_i/smartconnect_0/inst/m04_nodes/m04_r_node/inst/inst_mi_handler/gen_normal_area.inst_fifo_node_payld/gen_xpm_memory_fifo.inst_fifo/gen_mem_rep[1].inst_xpm_memory'
Sourcing Tcl File [/tools/Xilinx/Vivado/2020.1/data/ip/xpm/xpm_memory/tcl/xpm_memory_xdc.tcl] for cell 'design_1_i/smartconnect_0/inst/m03_nodes/m03_r_node/inst/inst_mi_handler/gen_normal_area.inst_fifo_node_payld/gen_xpm_memory_fifo.inst_fifo/gen_mem_rep[0].inst_xpm_memory'
Finished Sourcing Tcl File [/tools/Xilinx/Vivado/2020.1/data/ip/xpm/xpm_memory/tcl/xpm_memory_xdc.tcl] for cell 'design_1_i/smartconnect_0/inst/m03_nodes/m03_r_node/inst/inst_mi_handler/gen_normal_area.inst_fifo_node_payld/gen_xpm_memory_fifo.inst_fifo/gen_mem_rep[0].inst_xpm_memory'
Sourcing Tcl File [/tools/Xilinx/Vivado/2020.1/data/ip/xpm/xpm_memory/tcl/xpm_memory_xdc.tcl] for cell 'design_1_i/smartconnect_0/inst/m03_nodes/m03_r_node/inst/inst_mi_handler/gen_normal_area.inst_fifo_node_payld/gen_xpm_memory_fifo.inst_fifo/gen_mem_rep[2].inst_xpm_memory'
Finished Sourcing Tcl File [/tools/Xilinx/Vivado/2020.1/data/ip/xpm/xpm_memory/tcl/xpm_memory_xdc.tcl] for cell 'design_1_i/smartconnect_0/inst/m03_nodes/m03_r_node/inst/inst_mi_handler/gen_normal_area.inst_fifo_node_payld/gen_xpm_memory_fifo.inst_fifo/gen_mem_rep[2].inst_xpm_memory'
Sourcing Tcl File [/tools/Xilinx/Vivado/2020.1/data/ip/xpm/xpm_memory/tcl/xpm_memory_xdc.tcl] for cell 'design_1_i/smartconnect_0/inst/m05_nodes/m05_r_node/inst/inst_mi_handler/gen_normal_area.inst_fifo_node_payld/gen_xpm_memory_fifo.inst_fifo/gen_mem_rep[2].inst_xpm_memory'
Finished Sourcing Tcl File [/tools/Xilinx/Vivado/2020.1/data/ip/xpm/xpm_memory/tcl/xpm_memory_xdc.tcl] for cell 'design_1_i/smartconnect_0/inst/m05_nodes/m05_r_node/inst/inst_mi_handler/gen_normal_area.inst_fifo_node_payld/gen_xpm_memory_fifo.inst_fifo/gen_mem_rep[2].inst_xpm_memory'
Sourcing Tcl File [/tools/Xilinx/Vivado/2020.1/data/ip/xpm/xpm_memory/tcl/xpm_memory_xdc.tcl] for cell 'design_1_i/smartconnect_0/inst/m02_nodes/m02_r_node/inst/inst_mi_handler/gen_normal_area.inst_fifo_node_payld/gen_xpm_memory_fifo.inst_fifo/gen_mem_rep[2].inst_xpm_memory'
Finished Sourcing Tcl File [/tools/Xilinx/Vivado/2020.1/data/ip/xpm/xpm_memory/tcl/xpm_memory_xdc.tcl] for cell 'design_1_i/smartconnect_0/inst/m02_nodes/m02_r_node/inst/inst_mi_handler/gen_normal_area.inst_fifo_node_payld/gen_xpm_memory_fifo.inst_fifo/gen_mem_rep[2].inst_xpm_memory'
Sourcing Tcl File [/tools/Xilinx/Vivado/2020.1/data/ip/xpm/xpm_memory/tcl/xpm_memory_xdc.tcl] for cell 'design_1_i/smartconnect_0/inst/m04_nodes/m04_r_node/inst/inst_mi_handler/gen_normal_area.inst_fifo_node_payld/gen_xpm_memory_fifo.inst_fifo/gen_mem_rep[2].inst_xpm_memory'
Finished Sourcing Tcl File [/tools/Xilinx/Vivado/2020.1/data/ip/xpm/xpm_memory/tcl/xpm_memory_xdc.tcl] for cell 'design_1_i/smartconnect_0/inst/m04_nodes/m04_r_node/inst/inst_mi_handler/gen_normal_area.inst_fifo_node_payld/gen_xpm_memory_fifo.inst_fifo/gen_mem_rep[2].inst_xpm_memory'
Sourcing Tcl File [/tools/Xilinx/Vivado/2020.1/data/ip/xpm/xpm_memory/tcl/xpm_memory_xdc.tcl] for cell 'design_1_i/smartconnect_0/inst/m04_nodes/m04_w_node/inst/inst_mi_handler/gen_normal_area.inst_fifo_node_payld/gen_xpm_memory_fifo.inst_fifo/gen_mem_rep[2].inst_xpm_memory'
Finished Sourcing Tcl File [/tools/Xilinx/Vivado/2020.1/data/ip/xpm/xpm_memory/tcl/xpm_memory_xdc.tcl] for cell 'design_1_i/smartconnect_0/inst/m04_nodes/m04_w_node/inst/inst_mi_handler/gen_normal_area.inst_fifo_node_payld/gen_xpm_memory_fifo.inst_fifo/gen_mem_rep[2].inst_xpm_memory'
Sourcing Tcl File [/tools/Xilinx/Vivado/2020.1/data/ip/xpm/xpm_memory/tcl/xpm_memory_xdc.tcl] for cell 'design_1_i/smartconnect_0/inst/m02_nodes/m02_w_node/inst/inst_mi_handler/gen_normal_area.inst_fifo_node_payld/gen_xpm_memory_fifo.inst_fifo/gen_mem_rep[0].inst_xpm_memory'
Finished Sourcing Tcl File [/tools/Xilinx/Vivado/2020.1/data/ip/xpm/xpm_memory/tcl/xpm_memory_xdc.tcl] for cell 'design_1_i/smartconnect_0/inst/m02_nodes/m02_w_node/inst/inst_mi_handler/gen_normal_area.inst_fifo_node_payld/gen_xpm_memory_fifo.inst_fifo/gen_mem_rep[0].inst_xpm_memory'
Sourcing Tcl File [/tools/Xilinx/Vivado/2020.1/data/ip/xpm/xpm_memory/tcl/xpm_memory_xdc.tcl] for cell 'design_1_i/smartconnect_0/inst/m02_nodes/m02_w_node/inst/inst_mi_handler/gen_normal_area.inst_fifo_node_payld/gen_xpm_memory_fifo.inst_fifo/gen_mem_rep[1].inst_xpm_memory'
Finished Sourcing Tcl File [/tools/Xilinx/Vivado/2020.1/data/ip/xpm/xpm_memory/tcl/xpm_memory_xdc.tcl] for cell 'design_1_i/smartconnect_0/inst/m02_nodes/m02_w_node/inst/inst_mi_handler/gen_normal_area.inst_fifo_node_payld/gen_xpm_memory_fifo.inst_fifo/gen_mem_rep[1].inst_xpm_memory'
Sourcing Tcl File [/tools/Xilinx/Vivado/2020.1/data/ip/xpm/xpm_memory/tcl/xpm_memory_xdc.tcl] for cell 'design_1_i/smartconnect_0/inst/m02_nodes/m02_w_node/inst/inst_mi_handler/gen_normal_area.inst_fifo_node_payld/gen_xpm_memory_fifo.inst_fifo/gen_mem_rep[2].inst_xpm_memory'
Finished Sourcing Tcl File [/tools/Xilinx/Vivado/2020.1/data/ip/xpm/xpm_memory/tcl/xpm_memory_xdc.tcl] for cell 'design_1_i/smartconnect_0/inst/m02_nodes/m02_w_node/inst/inst_mi_handler/gen_normal_area.inst_fifo_node_payld/gen_xpm_memory_fifo.inst_fifo/gen_mem_rep[2].inst_xpm_memory'
Sourcing Tcl File [/tools/Xilinx/Vivado/2020.1/data/ip/xpm/xpm_memory/tcl/xpm_memory_xdc.tcl] for cell 'design_1_i/smartconnect_0/inst/m04_nodes/m04_w_node/inst/inst_mi_handler/gen_normal_area.inst_fifo_node_payld/gen_xpm_memory_fifo.inst_fifo/gen_mem_rep[0].inst_xpm_memory'
Finished Sourcing Tcl File [/tools/Xilinx/Vivado/2020.1/data/ip/xpm/xpm_memory/tcl/xpm_memory_xdc.tcl] for cell 'design_1_i/smartconnect_0/inst/m04_nodes/m04_w_node/inst/inst_mi_handler/gen_normal_area.inst_fifo_node_payld/gen_xpm_memory_fifo.inst_fifo/gen_mem_rep[0].inst_xpm_memory'
Sourcing Tcl File [/tools/Xilinx/Vivado/2020.1/data/ip/xpm/xpm_memory/tcl/xpm_memory_xdc.tcl] for cell 'design_1_i/smartconnect_0/inst/m04_nodes/m04_w_node/inst/inst_mi_handler/gen_normal_area.inst_fifo_node_payld/gen_xpm_memory_fifo.inst_fifo/gen_mem_rep[1].inst_xpm_memory'
Finished Sourcing Tcl File [/tools/Xilinx/Vivado/2020.1/data/ip/xpm/xpm_memory/tcl/xpm_memory_xdc.tcl] for cell 'design_1_i/smartconnect_0/inst/m04_nodes/m04_w_node/inst/inst_mi_handler/gen_normal_area.inst_fifo_node_payld/gen_xpm_memory_fifo.inst_fifo/gen_mem_rep[1].inst_xpm_memory'
Sourcing Tcl File [/tools/Xilinx/Vivado/2020.1/data/ip/xpm/xpm_memory/tcl/xpm_memory_xdc.tcl] for cell 'design_1_i/smartconnect_0/inst/m03_nodes/m03_w_node/inst/inst_mi_handler/gen_normal_area.inst_fifo_node_payld/gen_xpm_memory_fifo.inst_fifo/gen_mem_rep[3].inst_xpm_memory'
Finished Sourcing Tcl File [/tools/Xilinx/Vivado/2020.1/data/ip/xpm/xpm_memory/tcl/xpm_memory_xdc.tcl] for cell 'design_1_i/smartconnect_0/inst/m03_nodes/m03_w_node/inst/inst_mi_handler/gen_normal_area.inst_fifo_node_payld/gen_xpm_memory_fifo.inst_fifo/gen_mem_rep[3].inst_xpm_memory'
Sourcing Tcl File [/tools/Xilinx/Vivado/2020.1/data/ip/xpm/xpm_memory/tcl/xpm_memory_xdc.tcl] for cell 'design_1_i/smartconnect_0/inst/m05_nodes/m05_w_node/inst/inst_mi_handler/gen_normal_area.inst_fifo_node_payld/gen_xpm_memory_fifo.inst_fifo/gen_mem_rep[3].inst_xpm_memory'
Finished Sourcing Tcl File [/tools/Xilinx/Vivado/2020.1/data/ip/xpm/xpm_memory/tcl/xpm_memory_xdc.tcl] for cell 'design_1_i/smartconnect_0/inst/m05_nodes/m05_w_node/inst/inst_mi_handler/gen_normal_area.inst_fifo_node_payld/gen_xpm_memory_fifo.inst_fifo/gen_mem_rep[3].inst_xpm_memory'
Sourcing Tcl File [/tools/Xilinx/Vivado/2020.1/data/ip/xpm/xpm_memory/tcl/xpm_memory_xdc.tcl] for cell 'design_1_i/smartconnect_0/inst/m02_nodes/m02_w_node/inst/inst_mi_handler/gen_normal_area.inst_fifo_node_payld/gen_xpm_memory_fifo.inst_fifo/gen_mem_rep[3].inst_xpm_memory'
Finished Sourcing Tcl File [/tools/Xilinx/Vivado/2020.1/data/ip/xpm/xpm_memory/tcl/xpm_memory_xdc.tcl] for cell 'design_1_i/smartconnect_0/inst/m02_nodes/m02_w_node/inst/inst_mi_handler/gen_normal_area.inst_fifo_node_payld/gen_xpm_memory_fifo.inst_fifo/gen_mem_rep[3].inst_xpm_memory'
Sourcing Tcl File [/tools/Xilinx/Vivado/2020.1/data/ip/xpm/xpm_memory/tcl/xpm_memory_xdc.tcl] for cell 'design_1_i/smartconnect_0/inst/m04_nodes/m04_w_node/inst/inst_mi_handler/gen_normal_area.inst_fifo_node_payld/gen_xpm_memory_fifo.inst_fifo/gen_mem_rep[3].inst_xpm_memory'
Finished Sourcing Tcl File [/tools/Xilinx/Vivado/2020.1/data/ip/xpm/xpm_memory/tcl/xpm_memory_xdc.tcl] for cell 'design_1_i/smartconnect_0/inst/m04_nodes/m04_w_node/inst/inst_mi_handler/gen_normal_area.inst_fifo_node_payld/gen_xpm_memory_fifo.inst_fifo/gen_mem_rep[3].inst_xpm_memory'
Sourcing Tcl File [/tools/Xilinx/Vivado/2020.1/data/ip/xpm/xpm_memory/tcl/xpm_memory_xdc.tcl] for cell 'design_1_i/smartconnect_0/inst/m03_nodes/m03_w_node/inst/inst_mi_handler/gen_normal_area.inst_fifo_node_payld/gen_xpm_memory_fifo.inst_fifo/gen_mem_rep[2].inst_xpm_memory'
Finished Sourcing Tcl File [/tools/Xilinx/Vivado/2020.1/data/ip/xpm/xpm_memory/tcl/xpm_memory_xdc.tcl] for cell 'design_1_i/smartconnect_0/inst/m03_nodes/m03_w_node/inst/inst_mi_handler/gen_normal_area.inst_fifo_node_payld/gen_xpm_memory_fifo.inst_fifo/gen_mem_rep[2].inst_xpm_memory'
Sourcing Tcl File [/tools/Xilinx/Vivado/2020.1/data/ip/xpm/xpm_memory/tcl/xpm_memory_xdc.tcl] for cell 'design_1_i/smartconnect_0/inst/m05_nodes/m05_w_node/inst/inst_mi_handler/gen_normal_area.inst_fifo_node_payld/gen_xpm_memory_fifo.inst_fifo/gen_mem_rep[0].inst_xpm_memory'
Finished Sourcing Tcl File [/tools/Xilinx/Vivado/2020.1/data/ip/xpm/xpm_memory/tcl/xpm_memory_xdc.tcl] for cell 'design_1_i/smartconnect_0/inst/m05_nodes/m05_w_node/inst/inst_mi_handler/gen_normal_area.inst_fifo_node_payld/gen_xpm_memory_fifo.inst_fifo/gen_mem_rep[0].inst_xpm_memory'
Sourcing Tcl File [/tools/Xilinx/Vivado/2020.1/data/ip/xpm/xpm_memory/tcl/xpm_memory_xdc.tcl] for cell 'design_1_i/smartconnect_0/inst/m05_nodes/m05_w_node/inst/inst_mi_handler/gen_normal_area.inst_fifo_node_payld/gen_xpm_memory_fifo.inst_fifo/gen_mem_rep[1].inst_xpm_memory'
Finished Sourcing Tcl File [/tools/Xilinx/Vivado/2020.1/data/ip/xpm/xpm_memory/tcl/xpm_memory_xdc.tcl] for cell 'design_1_i/smartconnect_0/inst/m05_nodes/m05_w_node/inst/inst_mi_handler/gen_normal_area.inst_fifo_node_payld/gen_xpm_memory_fifo.inst_fifo/gen_mem_rep[1].inst_xpm_memory'
Sourcing Tcl File [/tools/Xilinx/Vivado/2020.1/data/ip/xpm/xpm_memory/tcl/xpm_memory_xdc.tcl] for cell 'design_1_i/smartconnect_0/inst/m05_nodes/m05_w_node/inst/inst_mi_handler/gen_normal_area.inst_fifo_node_payld/gen_xpm_memory_fifo.inst_fifo/gen_mem_rep[2].inst_xpm_memory'
Finished Sourcing Tcl File [/tools/Xilinx/Vivado/2020.1/data/ip/xpm/xpm_memory/tcl/xpm_memory_xdc.tcl] for cell 'design_1_i/smartconnect_0/inst/m05_nodes/m05_w_node/inst/inst_mi_handler/gen_normal_area.inst_fifo_node_payld/gen_xpm_memory_fifo.inst_fifo/gen_mem_rep[2].inst_xpm_memory'
Sourcing Tcl File [/tools/Xilinx/Vivado/2020.1/data/ip/xpm/xpm_memory/tcl/xpm_memory_xdc.tcl] for cell 'design_1_i/smartconnect_0/inst/m03_nodes/m03_w_node/inst/inst_mi_handler/gen_normal_area.inst_fifo_node_payld/gen_xpm_memory_fifo.inst_fifo/gen_mem_rep[0].inst_xpm_memory'
Finished Sourcing Tcl File [/tools/Xilinx/Vivado/2020.1/data/ip/xpm/xpm_memory/tcl/xpm_memory_xdc.tcl] for cell 'design_1_i/smartconnect_0/inst/m03_nodes/m03_w_node/inst/inst_mi_handler/gen_normal_area.inst_fifo_node_payld/gen_xpm_memory_fifo.inst_fifo/gen_mem_rep[0].inst_xpm_memory'
Sourcing Tcl File [/tools/Xilinx/Vivado/2020.1/data/ip/xpm/xpm_memory/tcl/xpm_memory_xdc.tcl] for cell 'design_1_i/smartconnect_0/inst/m03_nodes/m03_w_node/inst/inst_mi_handler/gen_normal_area.inst_fifo_node_payld/gen_xpm_memory_fifo.inst_fifo/gen_mem_rep[1].inst_xpm_memory'
Finished Sourcing Tcl File [/tools/Xilinx/Vivado/2020.1/data/ip/xpm/xpm_memory/tcl/xpm_memory_xdc.tcl] for cell 'design_1_i/smartconnect_0/inst/m03_nodes/m03_w_node/inst/inst_mi_handler/gen_normal_area.inst_fifo_node_payld/gen_xpm_memory_fifo.inst_fifo/gen_mem_rep[1].inst_xpm_memory'
Sourcing Tcl File [/tools/Xilinx/Vivado/2020.1/data/ip/xpm/xpm_memory/tcl/xpm_memory_xdc.tcl] for cell 'design_1_i/smartconnect_0/inst/s01_nodes/s01_ar_node/inst/inst_mi_handler/gen_normal_area.gen_fifo_req.inst_fifo_req/gen_xpm_memory_fifo.inst_fifo/gen_mem_rep[0].inst_xpm_memory'
Finished Sourcing Tcl File [/tools/Xilinx/Vivado/2020.1/data/ip/xpm/xpm_memory/tcl/xpm_memory_xdc.tcl] for cell 'design_1_i/smartconnect_0/inst/s01_nodes/s01_ar_node/inst/inst_mi_handler/gen_normal_area.gen_fifo_req.inst_fifo_req/gen_xpm_memory_fifo.inst_fifo/gen_mem_rep[0].inst_xpm_memory'
Sourcing Tcl File [/tools/Xilinx/Vivado/2020.1/data/ip/xpm/xpm_memory/tcl/xpm_memory_xdc.tcl] for cell 'design_1_i/smartconnect_0/inst/s00_nodes/s00_w_node/inst/inst_mi_handler/gen_normal_area.gen_fifo_req.inst_fifo_req/gen_xpm_memory_fifo.inst_fifo/gen_mem_rep[0].inst_xpm_memory'
Finished Sourcing Tcl File [/tools/Xilinx/Vivado/2020.1/data/ip/xpm/xpm_memory/tcl/xpm_memory_xdc.tcl] for cell 'design_1_i/smartconnect_0/inst/s00_nodes/s00_w_node/inst/inst_mi_handler/gen_normal_area.gen_fifo_req.inst_fifo_req/gen_xpm_memory_fifo.inst_fifo/gen_mem_rep[0].inst_xpm_memory'
Sourcing Tcl File [/tools/Xilinx/Vivado/2020.1/data/ip/xpm/xpm_memory/tcl/xpm_memory_xdc.tcl] for cell 'design_1_i/smartconnect_0/inst/s00_nodes/s00_ar_node/inst/inst_mi_handler/gen_normal_area.gen_fifo_req.inst_fifo_req/gen_xpm_memory_fifo.inst_fifo/gen_mem_rep[0].inst_xpm_memory'
Finished Sourcing Tcl File [/tools/Xilinx/Vivado/2020.1/data/ip/xpm/xpm_memory/tcl/xpm_memory_xdc.tcl] for cell 'design_1_i/smartconnect_0/inst/s00_nodes/s00_ar_node/inst/inst_mi_handler/gen_normal_area.gen_fifo_req.inst_fifo_req/gen_xpm_memory_fifo.inst_fifo/gen_mem_rep[0].inst_xpm_memory'
Sourcing Tcl File [/tools/Xilinx/Vivado/2020.1/data/ip/xpm/xpm_memory/tcl/xpm_memory_xdc.tcl] for cell 'design_1_i/smartconnect_0/inst/s00_nodes/s00_aw_node/inst/inst_mi_handler/gen_normal_area.gen_fifo_req.inst_fifo_req/gen_xpm_memory_fifo.inst_fifo/gen_mem_rep[0].inst_xpm_memory'
Finished Sourcing Tcl File [/tools/Xilinx/Vivado/2020.1/data/ip/xpm/xpm_memory/tcl/xpm_memory_xdc.tcl] for cell 'design_1_i/smartconnect_0/inst/s00_nodes/s00_aw_node/inst/inst_mi_handler/gen_normal_area.gen_fifo_req.inst_fifo_req/gen_xpm_memory_fifo.inst_fifo/gen_mem_rep[0].inst_xpm_memory'
Sourcing Tcl File [/tools/Xilinx/Vivado/2020.1/data/ip/xpm/xpm_memory/tcl/xpm_memory_xdc.tcl] for cell 'design_1_i/smartconnect_0/inst/s01_nodes/s01_w_node/inst/inst_mi_handler/gen_normal_area.gen_fifo_req.inst_fifo_req/gen_xpm_memory_fifo.inst_fifo/gen_mem_rep[0].inst_xpm_memory'
Finished Sourcing Tcl File [/tools/Xilinx/Vivado/2020.1/data/ip/xpm/xpm_memory/tcl/xpm_memory_xdc.tcl] for cell 'design_1_i/smartconnect_0/inst/s01_nodes/s01_w_node/inst/inst_mi_handler/gen_normal_area.gen_fifo_req.inst_fifo_req/gen_xpm_memory_fifo.inst_fifo/gen_mem_rep[0].inst_xpm_memory'
Sourcing Tcl File [/tools/Xilinx/Vivado/2020.1/data/ip/xpm/xpm_memory/tcl/xpm_memory_xdc.tcl] for cell 'design_1_i/smartconnect_0/inst/s01_nodes/s01_aw_node/inst/inst_mi_handler/gen_normal_area.gen_fifo_req.inst_fifo_req/gen_xpm_memory_fifo.inst_fifo/gen_mem_rep[0].inst_xpm_memory'
Finished Sourcing Tcl File [/tools/Xilinx/Vivado/2020.1/data/ip/xpm/xpm_memory/tcl/xpm_memory_xdc.tcl] for cell 'design_1_i/smartconnect_0/inst/s01_nodes/s01_aw_node/inst/inst_mi_handler/gen_normal_area.gen_fifo_req.inst_fifo_req/gen_xpm_memory_fifo.inst_fifo/gen_mem_rep[0].inst_xpm_memory'
Sourcing Tcl File [/tools/Xilinx/Vivado/2020.1/data/ip/xpm/xpm_memory/tcl/xpm_memory_xdc.tcl] for cell 'design_1_i/smartconnect_0/inst/s01_nodes/s01_b_node/inst/inst_mi_handler/gen_normal_area.inst_fifo_node_payld/gen_xpm_memory_fifo.inst_fifo/gen_mem_rep[0].inst_xpm_memory'
Finished Sourcing Tcl File [/tools/Xilinx/Vivado/2020.1/data/ip/xpm/xpm_memory/tcl/xpm_memory_xdc.tcl] for cell 'design_1_i/smartconnect_0/inst/s01_nodes/s01_b_node/inst/inst_mi_handler/gen_normal_area.inst_fifo_node_payld/gen_xpm_memory_fifo.inst_fifo/gen_mem_rep[0].inst_xpm_memory'
Sourcing Tcl File [/tools/Xilinx/Vivado/2020.1/data/ip/xpm/xpm_memory/tcl/xpm_memory_xdc.tcl] for cell 'design_1_i/smartconnect_0/inst/s00_nodes/s00_b_node/inst/inst_mi_handler/gen_normal_area.inst_fifo_node_payld/gen_xpm_memory_fifo.inst_fifo/gen_mem_rep[0].inst_xpm_memory'
Finished Sourcing Tcl File [/tools/Xilinx/Vivado/2020.1/data/ip/xpm/xpm_memory/tcl/xpm_memory_xdc.tcl] for cell 'design_1_i/smartconnect_0/inst/s00_nodes/s00_b_node/inst/inst_mi_handler/gen_normal_area.inst_fifo_node_payld/gen_xpm_memory_fifo.inst_fifo/gen_mem_rep[0].inst_xpm_memory'
Sourcing Tcl File [/tools/Xilinx/Vivado/2020.1/data/ip/xpm/xpm_memory/tcl/xpm_memory_xdc.tcl] for cell 'design_1_i/smartconnect_0/inst/s00_nodes/s00_r_node/inst/inst_mi_handler/gen_normal_area.inst_fifo_node_payld/gen_xpm_memory_fifo.inst_fifo/gen_mem_rep[1].inst_xpm_memory'
Finished Sourcing Tcl File [/tools/Xilinx/Vivado/2020.1/data/ip/xpm/xpm_memory/tcl/xpm_memory_xdc.tcl] for cell 'design_1_i/smartconnect_0/inst/s00_nodes/s00_r_node/inst/inst_mi_handler/gen_normal_area.inst_fifo_node_payld/gen_xpm_memory_fifo.inst_fifo/gen_mem_rep[1].inst_xpm_memory'
Sourcing Tcl File [/tools/Xilinx/Vivado/2020.1/data/ip/xpm/xpm_memory/tcl/xpm_memory_xdc.tcl] for cell 'design_1_i/smartconnect_0/inst/s00_nodes/s00_r_node/inst/inst_mi_handler/gen_normal_area.inst_fifo_node_payld/gen_xpm_memory_fifo.inst_fifo/gen_mem_rep[0].inst_xpm_memory'
Finished Sourcing Tcl File [/tools/Xilinx/Vivado/2020.1/data/ip/xpm/xpm_memory/tcl/xpm_memory_xdc.tcl] for cell 'design_1_i/smartconnect_0/inst/s00_nodes/s00_r_node/inst/inst_mi_handler/gen_normal_area.inst_fifo_node_payld/gen_xpm_memory_fifo.inst_fifo/gen_mem_rep[0].inst_xpm_memory'
Sourcing Tcl File [/tools/Xilinx/Vivado/2020.1/data/ip/xpm/xpm_memory/tcl/xpm_memory_xdc.tcl] for cell 'design_1_i/smartconnect_0/inst/s00_nodes/s00_r_node/inst/inst_mi_handler/gen_normal_area.inst_fifo_node_payld/gen_xpm_memory_fifo.inst_fifo/gen_mem_rep[2].inst_xpm_memory'
Finished Sourcing Tcl File [/tools/Xilinx/Vivado/2020.1/data/ip/xpm/xpm_memory/tcl/xpm_memory_xdc.tcl] for cell 'design_1_i/smartconnect_0/inst/s00_nodes/s00_r_node/inst/inst_mi_handler/gen_normal_area.inst_fifo_node_payld/gen_xpm_memory_fifo.inst_fifo/gen_mem_rep[2].inst_xpm_memory'
Sourcing Tcl File [/tools/Xilinx/Vivado/2020.1/data/ip/xpm/xpm_memory/tcl/xpm_memory_xdc.tcl] for cell 'design_1_i/smartconnect_0/inst/m00_nodes/m00_r_node/inst/inst_mi_handler/gen_normal_area.gen_fifo_req.inst_fifo_req/gen_xpm_memory_fifo.inst_fifo/gen_mem_rep[0].inst_xpm_memory'
Finished Sourcing Tcl File [/tools/Xilinx/Vivado/2020.1/data/ip/xpm/xpm_memory/tcl/xpm_memory_xdc.tcl] for cell 'design_1_i/smartconnect_0/inst/m00_nodes/m00_r_node/inst/inst_mi_handler/gen_normal_area.gen_fifo_req.inst_fifo_req/gen_xpm_memory_fifo.inst_fifo/gen_mem_rep[0].inst_xpm_memory'
Sourcing Tcl File [/tools/Xilinx/Vivado/2020.1/data/ip/xpm/xpm_memory/tcl/xpm_memory_xdc.tcl] for cell 'design_1_i/smartconnect_0/inst/m00_nodes/m00_b_node/inst/inst_mi_handler/gen_normal_area.gen_fifo_req.inst_fifo_req/gen_xpm_memory_fifo.inst_fifo/gen_mem_rep[0].inst_xpm_memory'
Finished Sourcing Tcl File [/tools/Xilinx/Vivado/2020.1/data/ip/xpm/xpm_memory/tcl/xpm_memory_xdc.tcl] for cell 'design_1_i/smartconnect_0/inst/m00_nodes/m00_b_node/inst/inst_mi_handler/gen_normal_area.gen_fifo_req.inst_fifo_req/gen_xpm_memory_fifo.inst_fifo/gen_mem_rep[0].inst_xpm_memory'
Sourcing Tcl File [/tools/Xilinx/Vivado/2020.1/data/ip/xpm/xpm_memory/tcl/xpm_memory_xdc.tcl] for cell 'design_1_i/smartconnect_0/inst/m01_nodes/m01_r_node/inst/inst_mi_handler/gen_normal_area.gen_fifo_req.inst_fifo_req/gen_xpm_memory_fifo.inst_fifo/gen_mem_rep[0].inst_xpm_memory'
Finished Sourcing Tcl File [/tools/Xilinx/Vivado/2020.1/data/ip/xpm/xpm_memory/tcl/xpm_memory_xdc.tcl] for cell 'design_1_i/smartconnect_0/inst/m01_nodes/m01_r_node/inst/inst_mi_handler/gen_normal_area.gen_fifo_req.inst_fifo_req/gen_xpm_memory_fifo.inst_fifo/gen_mem_rep[0].inst_xpm_memory'
Sourcing Tcl File [/tools/Xilinx/Vivado/2020.1/data/ip/xpm/xpm_memory/tcl/xpm_memory_xdc.tcl] for cell 'design_1_i/smartconnect_0/inst/m01_nodes/m01_b_node/inst/inst_mi_handler/gen_normal_area.inst_fifo_node_payld/gen_xpm_memory_fifo.inst_fifo/gen_mem_rep[0].inst_xpm_memory'
Finished Sourcing Tcl File [/tools/Xilinx/Vivado/2020.1/data/ip/xpm/xpm_memory/tcl/xpm_memory_xdc.tcl] for cell 'design_1_i/smartconnect_0/inst/m01_nodes/m01_b_node/inst/inst_mi_handler/gen_normal_area.inst_fifo_node_payld/gen_xpm_memory_fifo.inst_fifo/gen_mem_rep[0].inst_xpm_memory'
Sourcing Tcl File [/tools/Xilinx/Vivado/2020.1/data/ip/xpm/xpm_memory/tcl/xpm_memory_xdc.tcl] for cell 'design_1_i/smartconnect_0/inst/s01_nodes/s01_w_node/inst/inst_mi_handler/gen_normal_area.inst_fifo_node_payld/gen_xpm_memory_fifo.inst_fifo/gen_mem_rep[2].inst_xpm_memory'
Finished Sourcing Tcl File [/tools/Xilinx/Vivado/2020.1/data/ip/xpm/xpm_memory/tcl/xpm_memory_xdc.tcl] for cell 'design_1_i/smartconnect_0/inst/s01_nodes/s01_w_node/inst/inst_mi_handler/gen_normal_area.inst_fifo_node_payld/gen_xpm_memory_fifo.inst_fifo/gen_mem_rep[2].inst_xpm_memory'
Sourcing Tcl File [/tools/Xilinx/Vivado/2020.1/data/ip/xpm/xpm_memory/tcl/xpm_memory_xdc.tcl] for cell 'design_1_i/smartconnect_0/inst/s00_nodes/s00_w_node/inst/inst_mi_handler/gen_normal_area.inst_fifo_node_payld/gen_xpm_memory_fifo.inst_fifo/gen_mem_rep[0].inst_xpm_memory'
Finished Sourcing Tcl File [/tools/Xilinx/Vivado/2020.1/data/ip/xpm/xpm_memory/tcl/xpm_memory_xdc.tcl] for cell 'design_1_i/smartconnect_0/inst/s00_nodes/s00_w_node/inst/inst_mi_handler/gen_normal_area.inst_fifo_node_payld/gen_xpm_memory_fifo.inst_fifo/gen_mem_rep[0].inst_xpm_memory'
Sourcing Tcl File [/tools/Xilinx/Vivado/2020.1/data/ip/xpm/xpm_memory/tcl/xpm_memory_xdc.tcl] for cell 'design_1_i/smartconnect_0/inst/s00_nodes/s00_w_node/inst/inst_mi_handler/gen_normal_area.inst_fifo_node_payld/gen_xpm_memory_fifo.inst_fifo/gen_mem_rep[1].inst_xpm_memory'
Finished Sourcing Tcl File [/tools/Xilinx/Vivado/2020.1/data/ip/xpm/xpm_memory/tcl/xpm_memory_xdc.tcl] for cell 'design_1_i/smartconnect_0/inst/s00_nodes/s00_w_node/inst/inst_mi_handler/gen_normal_area.inst_fifo_node_payld/gen_xpm_memory_fifo.inst_fifo/gen_mem_rep[1].inst_xpm_memory'
Sourcing Tcl File [/tools/Xilinx/Vivado/2020.1/data/ip/xpm/xpm_memory/tcl/xpm_memory_xdc.tcl] for cell 'design_1_i/smartconnect_0/inst/s00_nodes/s00_w_node/inst/inst_mi_handler/gen_normal_area.inst_fifo_node_payld/gen_xpm_memory_fifo.inst_fifo/gen_mem_rep[2].inst_xpm_memory'
Finished Sourcing Tcl File [/tools/Xilinx/Vivado/2020.1/data/ip/xpm/xpm_memory/tcl/xpm_memory_xdc.tcl] for cell 'design_1_i/smartconnect_0/inst/s00_nodes/s00_w_node/inst/inst_mi_handler/gen_normal_area.inst_fifo_node_payld/gen_xpm_memory_fifo.inst_fifo/gen_mem_rep[2].inst_xpm_memory'
Sourcing Tcl File [/tools/Xilinx/Vivado/2020.1/data/ip/xpm/xpm_memory/tcl/xpm_memory_xdc.tcl] for cell 'design_1_i/smartconnect_0/inst/s01_nodes/s01_w_node/inst/inst_mi_handler/gen_normal_area.inst_fifo_node_payld/gen_xpm_memory_fifo.inst_fifo/gen_mem_rep[0].inst_xpm_memory'
Finished Sourcing Tcl File [/tools/Xilinx/Vivado/2020.1/data/ip/xpm/xpm_memory/tcl/xpm_memory_xdc.tcl] for cell 'design_1_i/smartconnect_0/inst/s01_nodes/s01_w_node/inst/inst_mi_handler/gen_normal_area.inst_fifo_node_payld/gen_xpm_memory_fifo.inst_fifo/gen_mem_rep[0].inst_xpm_memory'
Sourcing Tcl File [/tools/Xilinx/Vivado/2020.1/data/ip/xpm/xpm_memory/tcl/xpm_memory_xdc.tcl] for cell 'design_1_i/smartconnect_0/inst/s01_nodes/s01_w_node/inst/inst_mi_handler/gen_normal_area.inst_fifo_node_payld/gen_xpm_memory_fifo.inst_fifo/gen_mem_rep[1].inst_xpm_memory'
Finished Sourcing Tcl File [/tools/Xilinx/Vivado/2020.1/data/ip/xpm/xpm_memory/tcl/xpm_memory_xdc.tcl] for cell 'design_1_i/smartconnect_0/inst/s01_nodes/s01_w_node/inst/inst_mi_handler/gen_normal_area.inst_fifo_node_payld/gen_xpm_memory_fifo.inst_fifo/gen_mem_rep[1].inst_xpm_memory'
Sourcing Tcl File [/tools/Xilinx/Vivado/2020.1/data/ip/xpm/xpm_memory/tcl/xpm_memory_xdc.tcl] for cell 'design_1_i/smartconnect_0/inst/s01_nodes/s01_r_node/inst/inst_mi_handler/gen_normal_area.inst_fifo_node_payld/gen_xpm_memory_fifo.inst_fifo/gen_mem_rep[2].inst_xpm_memory'
Finished Sourcing Tcl File [/tools/Xilinx/Vivado/2020.1/data/ip/xpm/xpm_memory/tcl/xpm_memory_xdc.tcl] for cell 'design_1_i/smartconnect_0/inst/s01_nodes/s01_r_node/inst/inst_mi_handler/gen_normal_area.inst_fifo_node_payld/gen_xpm_memory_fifo.inst_fifo/gen_mem_rep[2].inst_xpm_memory'
Sourcing Tcl File [/tools/Xilinx/Vivado/2020.1/data/ip/xpm/xpm_memory/tcl/xpm_memory_xdc.tcl] for cell 'design_1_i/smartconnect_0/inst/s01_nodes/s01_r_node/inst/inst_mi_handler/gen_normal_area.inst_fifo_node_payld/gen_xpm_memory_fifo.inst_fifo/gen_mem_rep[0].inst_xpm_memory'
Finished Sourcing Tcl File [/tools/Xilinx/Vivado/2020.1/data/ip/xpm/xpm_memory/tcl/xpm_memory_xdc.tcl] for cell 'design_1_i/smartconnect_0/inst/s01_nodes/s01_r_node/inst/inst_mi_handler/gen_normal_area.inst_fifo_node_payld/gen_xpm_memory_fifo.inst_fifo/gen_mem_rep[0].inst_xpm_memory'
Sourcing Tcl File [/tools/Xilinx/Vivado/2020.1/data/ip/xpm/xpm_memory/tcl/xpm_memory_xdc.tcl] for cell 'design_1_i/smartconnect_0/inst/s01_nodes/s01_r_node/inst/inst_mi_handler/gen_normal_area.inst_fifo_node_payld/gen_xpm_memory_fifo.inst_fifo/gen_mem_rep[1].inst_xpm_memory'
Finished Sourcing Tcl File [/tools/Xilinx/Vivado/2020.1/data/ip/xpm/xpm_memory/tcl/xpm_memory_xdc.tcl] for cell 'design_1_i/smartconnect_0/inst/s01_nodes/s01_r_node/inst/inst_mi_handler/gen_normal_area.inst_fifo_node_payld/gen_xpm_memory_fifo.inst_fifo/gen_mem_rep[1].inst_xpm_memory'
Sourcing Tcl File [/tools/Xilinx/Vivado/2020.1/data/ip/xpm/xpm_memory/tcl/xpm_memory_xdc.tcl] for cell 'design_1_i/smartconnect_0/inst/m00_nodes/m00_b_node/inst/inst_mi_handler/gen_normal_area.inst_fifo_node_payld/gen_xpm_memory_fifo.inst_fifo/gen_mem_rep[0].inst_xpm_memory'
Finished Sourcing Tcl File [/tools/Xilinx/Vivado/2020.1/data/ip/xpm/xpm_memory/tcl/xpm_memory_xdc.tcl] for cell 'design_1_i/smartconnect_0/inst/m00_nodes/m00_b_node/inst/inst_mi_handler/gen_normal_area.inst_fifo_node_payld/gen_xpm_memory_fifo.inst_fifo/gen_mem_rep[0].inst_xpm_memory'
Sourcing Tcl File [/tools/Xilinx/Vivado/2020.1/data/ip/xpm/xpm_memory/tcl/xpm_memory_xdc.tcl] for cell 'design_1_i/smartconnect_0/inst/m01_nodes/m01_r_node/inst/inst_mi_handler/gen_normal_area.inst_fifo_node_payld/gen_xpm_memory_fifo.inst_fifo/gen_mem_rep[1].inst_xpm_memory'
Finished Sourcing Tcl File [/tools/Xilinx/Vivado/2020.1/data/ip/xpm/xpm_memory/tcl/xpm_memory_xdc.tcl] for cell 'design_1_i/smartconnect_0/inst/m01_nodes/m01_r_node/inst/inst_mi_handler/gen_normal_area.inst_fifo_node_payld/gen_xpm_memory_fifo.inst_fifo/gen_mem_rep[1].inst_xpm_memory'
Sourcing Tcl File [/tools/Xilinx/Vivado/2020.1/data/ip/xpm/xpm_memory/tcl/xpm_memory_xdc.tcl] for cell 'design_1_i/smartconnect_0/inst/m00_nodes/m00_r_node/inst/inst_mi_handler/gen_normal_area.inst_fifo_node_payld/gen_xpm_memory_fifo.inst_fifo/gen_mem_rep[0].inst_xpm_memory'
Finished Sourcing Tcl File [/tools/Xilinx/Vivado/2020.1/data/ip/xpm/xpm_memory/tcl/xpm_memory_xdc.tcl] for cell 'design_1_i/smartconnect_0/inst/m00_nodes/m00_r_node/inst/inst_mi_handler/gen_normal_area.inst_fifo_node_payld/gen_xpm_memory_fifo.inst_fifo/gen_mem_rep[0].inst_xpm_memory'
Sourcing Tcl File [/tools/Xilinx/Vivado/2020.1/data/ip/xpm/xpm_memory/tcl/xpm_memory_xdc.tcl] for cell 'design_1_i/smartconnect_0/inst/m00_nodes/m00_r_node/inst/inst_mi_handler/gen_normal_area.inst_fifo_node_payld/gen_xpm_memory_fifo.inst_fifo/gen_mem_rep[1].inst_xpm_memory'
Finished Sourcing Tcl File [/tools/Xilinx/Vivado/2020.1/data/ip/xpm/xpm_memory/tcl/xpm_memory_xdc.tcl] for cell 'design_1_i/smartconnect_0/inst/m00_nodes/m00_r_node/inst/inst_mi_handler/gen_normal_area.inst_fifo_node_payld/gen_xpm_memory_fifo.inst_fifo/gen_mem_rep[1].inst_xpm_memory'
Sourcing Tcl File [/tools/Xilinx/Vivado/2020.1/data/ip/xpm/xpm_memory/tcl/xpm_memory_xdc.tcl] for cell 'design_1_i/smartconnect_0/inst/m01_nodes/m01_r_node/inst/inst_mi_handler/gen_normal_area.inst_fifo_node_payld/gen_xpm_memory_fifo.inst_fifo/gen_mem_rep[0].inst_xpm_memory'
Finished Sourcing Tcl File [/tools/Xilinx/Vivado/2020.1/data/ip/xpm/xpm_memory/tcl/xpm_memory_xdc.tcl] for cell 'design_1_i/smartconnect_0/inst/m01_nodes/m01_r_node/inst/inst_mi_handler/gen_normal_area.inst_fifo_node_payld/gen_xpm_memory_fifo.inst_fifo/gen_mem_rep[0].inst_xpm_memory'
Sourcing Tcl File [/tools/Xilinx/Vivado/2020.1/data/ip/xpm/xpm_memory/tcl/xpm_memory_xdc.tcl] for cell 'design_1_i/smartconnect_0/inst/m01_nodes/m01_r_node/inst/inst_mi_handler/gen_normal_area.inst_fifo_node_payld/gen_xpm_memory_fifo.inst_fifo/gen_mem_rep[2].inst_xpm_memory'
Finished Sourcing Tcl File [/tools/Xilinx/Vivado/2020.1/data/ip/xpm/xpm_memory/tcl/xpm_memory_xdc.tcl] for cell 'design_1_i/smartconnect_0/inst/m01_nodes/m01_r_node/inst/inst_mi_handler/gen_normal_area.inst_fifo_node_payld/gen_xpm_memory_fifo.inst_fifo/gen_mem_rep[2].inst_xpm_memory'
Sourcing Tcl File [/tools/Xilinx/Vivado/2020.1/data/ip/xpm/xpm_memory/tcl/xpm_memory_xdc.tcl] for cell 'design_1_i/smartconnect_0/inst/s00_nodes/s00_ar_node/inst/inst_mi_handler/gen_normal_area.inst_fifo_node_payld/gen_xpm_memory_fifo.inst_fifo/gen_mem_rep[0].inst_xpm_memory'
Finished Sourcing Tcl File [/tools/Xilinx/Vivado/2020.1/data/ip/xpm/xpm_memory/tcl/xpm_memory_xdc.tcl] for cell 'design_1_i/smartconnect_0/inst/s00_nodes/s00_ar_node/inst/inst_mi_handler/gen_normal_area.inst_fifo_node_payld/gen_xpm_memory_fifo.inst_fifo/gen_mem_rep[0].inst_xpm_memory'
Sourcing Tcl File [/tools/Xilinx/Vivado/2020.1/data/ip/xpm/xpm_memory/tcl/xpm_memory_xdc.tcl] for cell 'design_1_i/smartconnect_0/inst/s00_nodes/s00_aw_node/inst/inst_mi_handler/gen_normal_area.inst_fifo_node_payld/gen_xpm_memory_fifo.inst_fifo/gen_mem_rep[0].inst_xpm_memory'
Finished Sourcing Tcl File [/tools/Xilinx/Vivado/2020.1/data/ip/xpm/xpm_memory/tcl/xpm_memory_xdc.tcl] for cell 'design_1_i/smartconnect_0/inst/s00_nodes/s00_aw_node/inst/inst_mi_handler/gen_normal_area.inst_fifo_node_payld/gen_xpm_memory_fifo.inst_fifo/gen_mem_rep[0].inst_xpm_memory'
Sourcing Tcl File [/tools/Xilinx/Vivado/2020.1/data/ip/xpm/xpm_memory/tcl/xpm_memory_xdc.tcl] for cell 'design_1_i/smartconnect_0/inst/s01_nodes/s01_aw_node/inst/inst_mi_handler/gen_normal_area.inst_fifo_node_payld/gen_xpm_memory_fifo.inst_fifo/gen_mem_rep[0].inst_xpm_memory'
Finished Sourcing Tcl File [/tools/Xilinx/Vivado/2020.1/data/ip/xpm/xpm_memory/tcl/xpm_memory_xdc.tcl] for cell 'design_1_i/smartconnect_0/inst/s01_nodes/s01_aw_node/inst/inst_mi_handler/gen_normal_area.inst_fifo_node_payld/gen_xpm_memory_fifo.inst_fifo/gen_mem_rep[0].inst_xpm_memory'
Sourcing Tcl File [/tools/Xilinx/Vivado/2020.1/data/ip/xpm/xpm_memory/tcl/xpm_memory_xdc.tcl] for cell 'design_1_i/smartconnect_0/inst/s01_nodes/s01_ar_node/inst/inst_mi_handler/gen_normal_area.inst_fifo_node_payld/gen_xpm_memory_fifo.inst_fifo/gen_mem_rep[0].inst_xpm_memory'
Finished Sourcing Tcl File [/tools/Xilinx/Vivado/2020.1/data/ip/xpm/xpm_memory/tcl/xpm_memory_xdc.tcl] for cell 'design_1_i/smartconnect_0/inst/s01_nodes/s01_ar_node/inst/inst_mi_handler/gen_normal_area.inst_fifo_node_payld/gen_xpm_memory_fifo.inst_fifo/gen_mem_rep[0].inst_xpm_memory'
Sourcing Tcl File [/tools/Xilinx/Vivado/2020.1/data/ip/xpm/xpm_memory/tcl/xpm_memory_xdc.tcl] for cell 'design_1_i/smartconnect_0/inst/m00_nodes/m00_r_node/inst/inst_mi_handler/gen_normal_area.inst_fifo_node_payld/gen_xpm_memory_fifo.inst_fifo/gen_mem_rep[2].inst_xpm_memory'
Finished Sourcing Tcl File [/tools/Xilinx/Vivado/2020.1/data/ip/xpm/xpm_memory/tcl/xpm_memory_xdc.tcl] for cell 'design_1_i/smartconnect_0/inst/m00_nodes/m00_r_node/inst/inst_mi_handler/gen_normal_area.inst_fifo_node_payld/gen_xpm_memory_fifo.inst_fifo/gen_mem_rep[2].inst_xpm_memory'
Sourcing Tcl File [/tools/Xilinx/Vivado/2020.1/data/ip/xpm/xpm_memory/tcl/xpm_memory_xdc.tcl] for cell 'design_1_i/smartconnect_0/inst/m01_nodes/m01_w_node/inst/inst_si_handler/gen_si_handler.gen_request_fifos.gen_req_fifo[0].inst_req_fifo/gen_xpm_memory_fifo.inst_fifo/gen_mem_rep[0].inst_xpm_memory'
Finished Sourcing Tcl File [/tools/Xilinx/Vivado/2020.1/data/ip/xpm/xpm_memory/tcl/xpm_memory_xdc.tcl] for cell 'design_1_i/smartconnect_0/inst/m01_nodes/m01_w_node/inst/inst_si_handler/gen_si_handler.gen_request_fifos.gen_req_fifo[0].inst_req_fifo/gen_xpm_memory_fifo.inst_fifo/gen_mem_rep[0].inst_xpm_memory'
Sourcing Tcl File [/tools/Xilinx/Vivado/2020.1/data/ip/xpm/xpm_memory/tcl/xpm_memory_xdc.tcl] for cell 'design_1_i/smartconnect_0/inst/m05_nodes/m05_w_node/inst/inst_si_handler/gen_si_handler.gen_request_fifos.gen_req_fifo[1].inst_req_fifo/gen_xpm_memory_fifo.inst_fifo/gen_mem_rep[0].inst_xpm_memory'
Finished Sourcing Tcl File [/tools/Xilinx/Vivado/2020.1/data/ip/xpm/xpm_memory/tcl/xpm_memory_xdc.tcl] for cell 'design_1_i/smartconnect_0/inst/m05_nodes/m05_w_node/inst/inst_si_handler/gen_si_handler.gen_request_fifos.gen_req_fifo[1].inst_req_fifo/gen_xpm_memory_fifo.inst_fifo/gen_mem_rep[0].inst_xpm_memory'
Sourcing Tcl File [/tools/Xilinx/Vivado/2020.1/data/ip/xpm/xpm_memory/tcl/xpm_memory_xdc.tcl] for cell 'design_1_i/smartconnect_0/inst/m05_nodes/m05_w_node/inst/inst_si_handler/gen_si_handler.gen_request_fifos.gen_req_fifo[0].inst_req_fifo/gen_xpm_memory_fifo.inst_fifo/gen_mem_rep[0].inst_xpm_memory'
Finished Sourcing Tcl File [/tools/Xilinx/Vivado/2020.1/data/ip/xpm/xpm_memory/tcl/xpm_memory_xdc.tcl] for cell 'design_1_i/smartconnect_0/inst/m05_nodes/m05_w_node/inst/inst_si_handler/gen_si_handler.gen_request_fifos.gen_req_fifo[0].inst_req_fifo/gen_xpm_memory_fifo.inst_fifo/gen_mem_rep[0].inst_xpm_memory'
Sourcing Tcl File [/tools/Xilinx/Vivado/2020.1/data/ip/xpm/xpm_memory/tcl/xpm_memory_xdc.tcl] for cell 'design_1_i/smartconnect_0/inst/m02_nodes/m02_w_node/inst/inst_si_handler/gen_si_handler.gen_request_fifos.gen_req_fifo[1].inst_req_fifo/gen_xpm_memory_fifo.inst_fifo/gen_mem_rep[0].inst_xpm_memory'
Finished Sourcing Tcl File [/tools/Xilinx/Vivado/2020.1/data/ip/xpm/xpm_memory/tcl/xpm_memory_xdc.tcl] for cell 'design_1_i/smartconnect_0/inst/m02_nodes/m02_w_node/inst/inst_si_handler/gen_si_handler.gen_request_fifos.gen_req_fifo[1].inst_req_fifo/gen_xpm_memory_fifo.inst_fifo/gen_mem_rep[0].inst_xpm_memory'
Sourcing Tcl File [/tools/Xilinx/Vivado/2020.1/data/ip/xpm/xpm_memory/tcl/xpm_memory_xdc.tcl] for cell 'design_1_i/smartconnect_0/inst/m02_nodes/m02_w_node/inst/inst_si_handler/gen_si_handler.gen_request_fifos.gen_req_fifo[0].inst_req_fifo/gen_xpm_memory_fifo.inst_fifo/gen_mem_rep[0].inst_xpm_memory'
Finished Sourcing Tcl File [/tools/Xilinx/Vivado/2020.1/data/ip/xpm/xpm_memory/tcl/xpm_memory_xdc.tcl] for cell 'design_1_i/smartconnect_0/inst/m02_nodes/m02_w_node/inst/inst_si_handler/gen_si_handler.gen_request_fifos.gen_req_fifo[0].inst_req_fifo/gen_xpm_memory_fifo.inst_fifo/gen_mem_rep[0].inst_xpm_memory'
Sourcing Tcl File [/tools/Xilinx/Vivado/2020.1/data/ip/xpm/xpm_memory/tcl/xpm_memory_xdc.tcl] for cell 'design_1_i/smartconnect_0/inst/m04_nodes/m04_w_node/inst/inst_si_handler/gen_si_handler.gen_request_fifos.gen_req_fifo[1].inst_req_fifo/gen_xpm_memory_fifo.inst_fifo/gen_mem_rep[0].inst_xpm_memory'
Finished Sourcing Tcl File [/tools/Xilinx/Vivado/2020.1/data/ip/xpm/xpm_memory/tcl/xpm_memory_xdc.tcl] for cell 'design_1_i/smartconnect_0/inst/m04_nodes/m04_w_node/inst/inst_si_handler/gen_si_handler.gen_request_fifos.gen_req_fifo[1].inst_req_fifo/gen_xpm_memory_fifo.inst_fifo/gen_mem_rep[0].inst_xpm_memory'
Sourcing Tcl File [/tools/Xilinx/Vivado/2020.1/data/ip/xpm/xpm_memory/tcl/xpm_memory_xdc.tcl] for cell 'design_1_i/smartconnect_0/inst/m04_nodes/m04_w_node/inst/inst_si_handler/gen_si_handler.gen_request_fifos.gen_req_fifo[0].inst_req_fifo/gen_xpm_memory_fifo.inst_fifo/gen_mem_rep[0].inst_xpm_memory'
Finished Sourcing Tcl File [/tools/Xilinx/Vivado/2020.1/data/ip/xpm/xpm_memory/tcl/xpm_memory_xdc.tcl] for cell 'design_1_i/smartconnect_0/inst/m04_nodes/m04_w_node/inst/inst_si_handler/gen_si_handler.gen_request_fifos.gen_req_fifo[0].inst_req_fifo/gen_xpm_memory_fifo.inst_fifo/gen_mem_rep[0].inst_xpm_memory'
Sourcing Tcl File [/tools/Xilinx/Vivado/2020.1/data/ip/xpm/xpm_memory/tcl/xpm_memory_xdc.tcl] for cell 'design_1_i/smartconnect_0/inst/m03_nodes/m03_w_node/inst/inst_si_handler/gen_si_handler.gen_request_fifos.gen_req_fifo[1].inst_req_fifo/gen_xpm_memory_fifo.inst_fifo/gen_mem_rep[0].inst_xpm_memory'
Finished Sourcing Tcl File [/tools/Xilinx/Vivado/2020.1/data/ip/xpm/xpm_memory/tcl/xpm_memory_xdc.tcl] for cell 'design_1_i/smartconnect_0/inst/m03_nodes/m03_w_node/inst/inst_si_handler/gen_si_handler.gen_request_fifos.gen_req_fifo[1].inst_req_fifo/gen_xpm_memory_fifo.inst_fifo/gen_mem_rep[0].inst_xpm_memory'
Sourcing Tcl File [/tools/Xilinx/Vivado/2020.1/data/ip/xpm/xpm_memory/tcl/xpm_memory_xdc.tcl] for cell 'design_1_i/smartconnect_0/inst/m03_nodes/m03_w_node/inst/inst_si_handler/gen_si_handler.gen_request_fifos.gen_req_fifo[0].inst_req_fifo/gen_xpm_memory_fifo.inst_fifo/gen_mem_rep[0].inst_xpm_memory'
Finished Sourcing Tcl File [/tools/Xilinx/Vivado/2020.1/data/ip/xpm/xpm_memory/tcl/xpm_memory_xdc.tcl] for cell 'design_1_i/smartconnect_0/inst/m03_nodes/m03_w_node/inst/inst_si_handler/gen_si_handler.gen_request_fifos.gen_req_fifo[0].inst_req_fifo/gen_xpm_memory_fifo.inst_fifo/gen_mem_rep[0].inst_xpm_memory'
Sourcing Tcl File [/tools/Xilinx/Vivado/2020.1/data/ip/xpm/xpm_memory/tcl/xpm_memory_xdc.tcl] for cell 'design_1_i/smartconnect_0/inst/m00_nodes/m00_w_node/inst/inst_si_handler/gen_si_handler.gen_request_fifos.gen_req_fifo[1].inst_req_fifo/gen_xpm_memory_fifo.inst_fifo/gen_mem_rep[0].inst_xpm_memory'
Finished Sourcing Tcl File [/tools/Xilinx/Vivado/2020.1/data/ip/xpm/xpm_memory/tcl/xpm_memory_xdc.tcl] for cell 'design_1_i/smartconnect_0/inst/m00_nodes/m00_w_node/inst/inst_si_handler/gen_si_handler.gen_request_fifos.gen_req_fifo[1].inst_req_fifo/gen_xpm_memory_fifo.inst_fifo/gen_mem_rep[0].inst_xpm_memory'
Sourcing Tcl File [/tools/Xilinx/Vivado/2020.1/data/ip/xpm/xpm_memory/tcl/xpm_memory_xdc.tcl] for cell 'design_1_i/smartconnect_0/inst/m00_nodes/m00_w_node/inst/inst_si_handler/gen_si_handler.gen_request_fifos.gen_req_fifo[0].inst_req_fifo/gen_xpm_memory_fifo.inst_fifo/gen_mem_rep[0].inst_xpm_memory'
Finished Sourcing Tcl File [/tools/Xilinx/Vivado/2020.1/data/ip/xpm/xpm_memory/tcl/xpm_memory_xdc.tcl] for cell 'design_1_i/smartconnect_0/inst/m00_nodes/m00_w_node/inst/inst_si_handler/gen_si_handler.gen_request_fifos.gen_req_fifo[0].inst_req_fifo/gen_xpm_memory_fifo.inst_fifo/gen_mem_rep[0].inst_xpm_memory'
Sourcing Tcl File [/tools/Xilinx/Vivado/2020.1/data/ip/xpm/xpm_memory/tcl/xpm_memory_xdc.tcl] for cell 'design_1_i/smartconnect_0/inst/m01_nodes/m01_w_node/inst/inst_si_handler/gen_si_handler.gen_request_fifos.gen_req_fifo[1].inst_req_fifo/gen_xpm_memory_fifo.inst_fifo/gen_mem_rep[0].inst_xpm_memory'
Finished Sourcing Tcl File [/tools/Xilinx/Vivado/2020.1/data/ip/xpm/xpm_memory/tcl/xpm_memory_xdc.tcl] for cell 'design_1_i/smartconnect_0/inst/m01_nodes/m01_w_node/inst/inst_si_handler/gen_si_handler.gen_request_fifos.gen_req_fifo[1].inst_req_fifo/gen_xpm_memory_fifo.inst_fifo/gen_mem_rep[0].inst_xpm_memory'
Sourcing Tcl File [/tools/Xilinx/Vivado/2020.1/data/ip/xpm/xpm_memory/tcl/xpm_memory_xdc.tcl] for cell 'design_1_i/smartconnect_0/inst/m01_nodes/m01_w_node/inst/inst_mi_handler/gen_normal_area.inst_fifo_node_payld/gen_xpm_memory_fifo.inst_fifo/gen_mem_rep[2].inst_xpm_memory'
Finished Sourcing Tcl File [/tools/Xilinx/Vivado/2020.1/data/ip/xpm/xpm_memory/tcl/xpm_memory_xdc.tcl] for cell 'design_1_i/smartconnect_0/inst/m01_nodes/m01_w_node/inst/inst_mi_handler/gen_normal_area.inst_fifo_node_payld/gen_xpm_memory_fifo.inst_fifo/gen_mem_rep[2].inst_xpm_memory'
Sourcing Tcl File [/tools/Xilinx/Vivado/2020.1/data/ip/xpm/xpm_memory/tcl/xpm_memory_xdc.tcl] for cell 'design_1_i/smartconnect_0/inst/m00_nodes/m00_w_node/inst/inst_mi_handler/gen_normal_area.inst_fifo_node_payld/gen_xpm_memory_fifo.inst_fifo/gen_mem_rep[0].inst_xpm_memory'
Finished Sourcing Tcl File [/tools/Xilinx/Vivado/2020.1/data/ip/xpm/xpm_memory/tcl/xpm_memory_xdc.tcl] for cell 'design_1_i/smartconnect_0/inst/m00_nodes/m00_w_node/inst/inst_mi_handler/gen_normal_area.inst_fifo_node_payld/gen_xpm_memory_fifo.inst_fifo/gen_mem_rep[0].inst_xpm_memory'
Sourcing Tcl File [/tools/Xilinx/Vivado/2020.1/data/ip/xpm/xpm_memory/tcl/xpm_memory_xdc.tcl] for cell 'design_1_i/smartconnect_0/inst/m00_nodes/m00_w_node/inst/inst_mi_handler/gen_normal_area.inst_fifo_node_payld/gen_xpm_memory_fifo.inst_fifo/gen_mem_rep[1].inst_xpm_memory'
Finished Sourcing Tcl File [/tools/Xilinx/Vivado/2020.1/data/ip/xpm/xpm_memory/tcl/xpm_memory_xdc.tcl] for cell 'design_1_i/smartconnect_0/inst/m00_nodes/m00_w_node/inst/inst_mi_handler/gen_normal_area.inst_fifo_node_payld/gen_xpm_memory_fifo.inst_fifo/gen_mem_rep[1].inst_xpm_memory'
Sourcing Tcl File [/tools/Xilinx/Vivado/2020.1/data/ip/xpm/xpm_memory/tcl/xpm_memory_xdc.tcl] for cell 'design_1_i/smartconnect_0/inst/m00_nodes/m00_w_node/inst/inst_mi_handler/gen_normal_area.inst_fifo_node_payld/gen_xpm_memory_fifo.inst_fifo/gen_mem_rep[2].inst_xpm_memory'
Finished Sourcing Tcl File [/tools/Xilinx/Vivado/2020.1/data/ip/xpm/xpm_memory/tcl/xpm_memory_xdc.tcl] for cell 'design_1_i/smartconnect_0/inst/m00_nodes/m00_w_node/inst/inst_mi_handler/gen_normal_area.inst_fifo_node_payld/gen_xpm_memory_fifo.inst_fifo/gen_mem_rep[2].inst_xpm_memory'
Sourcing Tcl File [/tools/Xilinx/Vivado/2020.1/data/ip/xpm/xpm_memory/tcl/xpm_memory_xdc.tcl] for cell 'design_1_i/smartconnect_0/inst/m01_nodes/m01_w_node/inst/inst_mi_handler/gen_normal_area.inst_fifo_node_payld/gen_xpm_memory_fifo.inst_fifo/gen_mem_rep[0].inst_xpm_memory'
Finished Sourcing Tcl File [/tools/Xilinx/Vivado/2020.1/data/ip/xpm/xpm_memory/tcl/xpm_memory_xdc.tcl] for cell 'design_1_i/smartconnect_0/inst/m01_nodes/m01_w_node/inst/inst_mi_handler/gen_normal_area.inst_fifo_node_payld/gen_xpm_memory_fifo.inst_fifo/gen_mem_rep[0].inst_xpm_memory'
Sourcing Tcl File [/tools/Xilinx/Vivado/2020.1/data/ip/xpm/xpm_memory/tcl/xpm_memory_xdc.tcl] for cell 'design_1_i/smartconnect_0/inst/m01_nodes/m01_w_node/inst/inst_mi_handler/gen_normal_area.inst_fifo_node_payld/gen_xpm_memory_fifo.inst_fifo/gen_mem_rep[1].inst_xpm_memory'
Finished Sourcing Tcl File [/tools/Xilinx/Vivado/2020.1/data/ip/xpm/xpm_memory/tcl/xpm_memory_xdc.tcl] for cell 'design_1_i/smartconnect_0/inst/m01_nodes/m01_w_node/inst/inst_mi_handler/gen_normal_area.inst_fifo_node_payld/gen_xpm_memory_fifo.inst_fifo/gen_mem_rep[1].inst_xpm_memory'
Sourcing Tcl File [/tools/Xilinx/Vivado/2020.1/data/ip/xpm/xpm_memory/tcl/xpm_memory_xdc.tcl] for cell 'design_1_i/smartconnect_0/inst/m01_nodes/m01_w_node/inst/inst_mi_handler/gen_normal_area.inst_fifo_node_payld/gen_xpm_memory_fifo.inst_fifo/gen_mem_rep[3].inst_xpm_memory'
Finished Sourcing Tcl File [/tools/Xilinx/Vivado/2020.1/data/ip/xpm/xpm_memory/tcl/xpm_memory_xdc.tcl] for cell 'design_1_i/smartconnect_0/inst/m01_nodes/m01_w_node/inst/inst_mi_handler/gen_normal_area.inst_fifo_node_payld/gen_xpm_memory_fifo.inst_fifo/gen_mem_rep[3].inst_xpm_memory'
Sourcing Tcl File [/tools/Xilinx/Vivado/2020.1/data/ip/xpm/xpm_memory/tcl/xpm_memory_xdc.tcl] for cell 'design_1_i/smartconnect_0/inst/m00_nodes/m00_w_node/inst/inst_mi_handler/gen_normal_area.inst_fifo_node_payld/gen_xpm_memory_fifo.inst_fifo/gen_mem_rep[3].inst_xpm_memory'
Finished Sourcing Tcl File [/tools/Xilinx/Vivado/2020.1/data/ip/xpm/xpm_memory/tcl/xpm_memory_xdc.tcl] for cell 'design_1_i/smartconnect_0/inst/m00_nodes/m00_w_node/inst/inst_mi_handler/gen_normal_area.inst_fifo_node_payld/gen_xpm_memory_fifo.inst_fifo/gen_mem_rep[3].inst_xpm_memory'
Sourcing Tcl File [/tools/Xilinx/Vivado/2020.1/data/ip/xpm/xpm_memory/tcl/xpm_memory_xdc.tcl] for cell 'design_1_i/smartconnect_0/inst/m03_nodes/m03_ar_node/inst/inst_mi_handler/gen_normal_area.inst_fifo_node_payld/gen_xpm_memory_fifo.inst_fifo/gen_mem_rep[0].inst_xpm_memory'
Finished Sourcing Tcl File [/tools/Xilinx/Vivado/2020.1/data/ip/xpm/xpm_memory/tcl/xpm_memory_xdc.tcl] for cell 'design_1_i/smartconnect_0/inst/m03_nodes/m03_ar_node/inst/inst_mi_handler/gen_normal_area.inst_fifo_node_payld/gen_xpm_memory_fifo.inst_fifo/gen_mem_rep[0].inst_xpm_memory'
Sourcing Tcl File [/tools/Xilinx/Vivado/2020.1/data/ip/xpm/xpm_memory/tcl/xpm_memory_xdc.tcl] for cell 'design_1_i/smartconnect_0/inst/m02_nodes/m02_aw_node/inst/inst_mi_handler/gen_normal_area.inst_fifo_node_payld/gen_xpm_memory_fifo.inst_fifo/gen_mem_rep[0].inst_xpm_memory'
Finished Sourcing Tcl File [/tools/Xilinx/Vivado/2020.1/data/ip/xpm/xpm_memory/tcl/xpm_memory_xdc.tcl] for cell 'design_1_i/smartconnect_0/inst/m02_nodes/m02_aw_node/inst/inst_mi_handler/gen_normal_area.inst_fifo_node_payld/gen_xpm_memory_fifo.inst_fifo/gen_mem_rep[0].inst_xpm_memory'
Sourcing Tcl File [/tools/Xilinx/Vivado/2020.1/data/ip/xpm/xpm_memory/tcl/xpm_memory_xdc.tcl] for cell 'design_1_i/smartconnect_0/inst/m02_nodes/m02_ar_node/inst/inst_mi_handler/gen_normal_area.inst_fifo_node_payld/gen_xpm_memory_fifo.inst_fifo/gen_mem_rep[0].inst_xpm_memory'
Finished Sourcing Tcl File [/tools/Xilinx/Vivado/2020.1/data/ip/xpm/xpm_memory/tcl/xpm_memory_xdc.tcl] for cell 'design_1_i/smartconnect_0/inst/m02_nodes/m02_ar_node/inst/inst_mi_handler/gen_normal_area.inst_fifo_node_payld/gen_xpm_memory_fifo.inst_fifo/gen_mem_rep[0].inst_xpm_memory'
Sourcing Tcl File [/tools/Xilinx/Vivado/2020.1/data/ip/xpm/xpm_memory/tcl/xpm_memory_xdc.tcl] for cell 'design_1_i/smartconnect_0/inst/m04_nodes/m04_aw_node/inst/inst_mi_handler/gen_normal_area.inst_fifo_node_payld/gen_xpm_memory_fifo.inst_fifo/gen_mem_rep[0].inst_xpm_memory'
Finished Sourcing Tcl File [/tools/Xilinx/Vivado/2020.1/data/ip/xpm/xpm_memory/tcl/xpm_memory_xdc.tcl] for cell 'design_1_i/smartconnect_0/inst/m04_nodes/m04_aw_node/inst/inst_mi_handler/gen_normal_area.inst_fifo_node_payld/gen_xpm_memory_fifo.inst_fifo/gen_mem_rep[0].inst_xpm_memory'
Sourcing Tcl File [/tools/Xilinx/Vivado/2020.1/data/ip/xpm/xpm_memory/tcl/xpm_memory_xdc.tcl] for cell 'design_1_i/smartconnect_0/inst/m04_nodes/m04_ar_node/inst/inst_mi_handler/gen_normal_area.inst_fifo_node_payld/gen_xpm_memory_fifo.inst_fifo/gen_mem_rep[0].inst_xpm_memory'
Finished Sourcing Tcl File [/tools/Xilinx/Vivado/2020.1/data/ip/xpm/xpm_memory/tcl/xpm_memory_xdc.tcl] for cell 'design_1_i/smartconnect_0/inst/m04_nodes/m04_ar_node/inst/inst_mi_handler/gen_normal_area.inst_fifo_node_payld/gen_xpm_memory_fifo.inst_fifo/gen_mem_rep[0].inst_xpm_memory'
Sourcing Tcl File [/tools/Xilinx/Vivado/2020.1/data/ip/xpm/xpm_memory/tcl/xpm_memory_xdc.tcl] for cell 'design_1_i/smartconnect_0/inst/m03_nodes/m03_aw_node/inst/inst_mi_handler/gen_normal_area.inst_fifo_node_payld/gen_xpm_memory_fifo.inst_fifo/gen_mem_rep[0].inst_xpm_memory'
Finished Sourcing Tcl File [/tools/Xilinx/Vivado/2020.1/data/ip/xpm/xpm_memory/tcl/xpm_memory_xdc.tcl] for cell 'design_1_i/smartconnect_0/inst/m03_nodes/m03_aw_node/inst/inst_mi_handler/gen_normal_area.inst_fifo_node_payld/gen_xpm_memory_fifo.inst_fifo/gen_mem_rep[0].inst_xpm_memory'
Sourcing Tcl File [/tools/Xilinx/Vivado/2020.1/data/ip/xpm/xpm_memory/tcl/xpm_memory_xdc.tcl] for cell 'design_1_i/smartconnect_0/inst/m05_nodes/m05_aw_node/inst/inst_mi_handler/gen_normal_area.inst_fifo_node_payld/gen_xpm_memory_fifo.inst_fifo/gen_mem_rep[0].inst_xpm_memory'
Finished Sourcing Tcl File [/tools/Xilinx/Vivado/2020.1/data/ip/xpm/xpm_memory/tcl/xpm_memory_xdc.tcl] for cell 'design_1_i/smartconnect_0/inst/m05_nodes/m05_aw_node/inst/inst_mi_handler/gen_normal_area.inst_fifo_node_payld/gen_xpm_memory_fifo.inst_fifo/gen_mem_rep[0].inst_xpm_memory'
Sourcing Tcl File [/tools/Xilinx/Vivado/2020.1/data/ip/xpm/xpm_memory/tcl/xpm_memory_xdc.tcl] for cell 'design_1_i/smartconnect_0/inst/m05_nodes/m05_ar_node/inst/inst_mi_handler/gen_normal_area.inst_fifo_node_payld/gen_xpm_memory_fifo.inst_fifo/gen_mem_rep[0].inst_xpm_memory'
Finished Sourcing Tcl File [/tools/Xilinx/Vivado/2020.1/data/ip/xpm/xpm_memory/tcl/xpm_memory_xdc.tcl] for cell 'design_1_i/smartconnect_0/inst/m05_nodes/m05_ar_node/inst/inst_mi_handler/gen_normal_area.inst_fifo_node_payld/gen_xpm_memory_fifo.inst_fifo/gen_mem_rep[0].inst_xpm_memory'
Sourcing Tcl File [/tools/Xilinx/Vivado/2020.1/data/ip/xpm/xpm_memory/tcl/xpm_memory_xdc.tcl] for cell 'design_1_i/smartconnect_0/inst/m03_nodes/m03_b_node/inst/inst_mi_handler/gen_normal_area.gen_fifo_req.inst_fifo_req/gen_xpm_memory_fifo.inst_fifo/gen_mem_rep[0].inst_xpm_memory'
Finished Sourcing Tcl File [/tools/Xilinx/Vivado/2020.1/data/ip/xpm/xpm_memory/tcl/xpm_memory_xdc.tcl] for cell 'design_1_i/smartconnect_0/inst/m03_nodes/m03_b_node/inst/inst_mi_handler/gen_normal_area.gen_fifo_req.inst_fifo_req/gen_xpm_memory_fifo.inst_fifo/gen_mem_rep[0].inst_xpm_memory'
Sourcing Tcl File [/tools/Xilinx/Vivado/2020.1/data/ip/xpm/xpm_memory/tcl/xpm_memory_xdc.tcl] for cell 'design_1_i/smartconnect_0/inst/m02_nodes/m02_b_node/inst/inst_mi_handler/gen_normal_area.gen_fifo_req.inst_fifo_req/gen_xpm_memory_fifo.inst_fifo/gen_mem_rep[0].inst_xpm_memory'
Finished Sourcing Tcl File [/tools/Xilinx/Vivado/2020.1/data/ip/xpm/xpm_memory/tcl/xpm_memory_xdc.tcl] for cell 'design_1_i/smartconnect_0/inst/m02_nodes/m02_b_node/inst/inst_mi_handler/gen_normal_area.gen_fifo_req.inst_fifo_req/gen_xpm_memory_fifo.inst_fifo/gen_mem_rep[0].inst_xpm_memory'
Sourcing Tcl File [/tools/Xilinx/Vivado/2020.1/data/ip/xpm/xpm_memory/tcl/xpm_memory_xdc.tcl] for cell 'design_1_i/smartconnect_0/inst/m04_nodes/m04_r_node/inst/inst_mi_handler/gen_normal_area.gen_fifo_req.inst_fifo_req/gen_xpm_memory_fifo.inst_fifo/gen_mem_rep[0].inst_xpm_memory'
Finished Sourcing Tcl File [/tools/Xilinx/Vivado/2020.1/data/ip/xpm/xpm_memory/tcl/xpm_memory_xdc.tcl] for cell 'design_1_i/smartconnect_0/inst/m04_nodes/m04_r_node/inst/inst_mi_handler/gen_normal_area.gen_fifo_req.inst_fifo_req/gen_xpm_memory_fifo.inst_fifo/gen_mem_rep[0].inst_xpm_memory'
Sourcing Tcl File [/tools/Xilinx/Vivado/2020.1/data/ip/xpm/xpm_memory/tcl/xpm_memory_xdc.tcl] for cell 'design_1_i/smartconnect_0/inst/m04_nodes/m04_b_node/inst/inst_mi_handler/gen_normal_area.gen_fifo_req.inst_fifo_req/gen_xpm_memory_fifo.inst_fifo/gen_mem_rep[0].inst_xpm_memory'
Finished Sourcing Tcl File [/tools/Xilinx/Vivado/2020.1/data/ip/xpm/xpm_memory/tcl/xpm_memory_xdc.tcl] for cell 'design_1_i/smartconnect_0/inst/m04_nodes/m04_b_node/inst/inst_mi_handler/gen_normal_area.gen_fifo_req.inst_fifo_req/gen_xpm_memory_fifo.inst_fifo/gen_mem_rep[0].inst_xpm_memory'
Sourcing Tcl File [/tools/Xilinx/Vivado/2020.1/data/ip/xpm/xpm_memory/tcl/xpm_memory_xdc.tcl] for cell 'design_1_i/smartconnect_0/inst/m03_nodes/m03_r_node/inst/inst_mi_handler/gen_normal_area.gen_fifo_req.inst_fifo_req/gen_xpm_memory_fifo.inst_fifo/gen_mem_rep[0].inst_xpm_memory'
Finished Sourcing Tcl File [/tools/Xilinx/Vivado/2020.1/data/ip/xpm/xpm_memory/tcl/xpm_memory_xdc.tcl] for cell 'design_1_i/smartconnect_0/inst/m03_nodes/m03_r_node/inst/inst_mi_handler/gen_normal_area.gen_fifo_req.inst_fifo_req/gen_xpm_memory_fifo.inst_fifo/gen_mem_rep[0].inst_xpm_memory'
Sourcing Tcl File [/tools/Xilinx/Vivado/2020.1/data/ip/xpm/xpm_memory/tcl/xpm_memory_xdc.tcl] for cell 'design_1_i/smartconnect_0/inst/m05_nodes/m05_r_node/inst/inst_mi_handler/gen_normal_area.gen_fifo_req.inst_fifo_req/gen_xpm_memory_fifo.inst_fifo/gen_mem_rep[0].inst_xpm_memory'
Finished Sourcing Tcl File [/tools/Xilinx/Vivado/2020.1/data/ip/xpm/xpm_memory/tcl/xpm_memory_xdc.tcl] for cell 'design_1_i/smartconnect_0/inst/m05_nodes/m05_r_node/inst/inst_mi_handler/gen_normal_area.gen_fifo_req.inst_fifo_req/gen_xpm_memory_fifo.inst_fifo/gen_mem_rep[0].inst_xpm_memory'
Sourcing Tcl File [/tools/Xilinx/Vivado/2020.1/data/ip/xpm/xpm_memory/tcl/xpm_memory_xdc.tcl] for cell 'design_1_i/smartconnect_0/inst/m05_nodes/m05_b_node/inst/inst_mi_handler/gen_normal_area.gen_fifo_req.inst_fifo_req/gen_xpm_memory_fifo.inst_fifo/gen_mem_rep[0].inst_xpm_memory'
Finished Sourcing Tcl File [/tools/Xilinx/Vivado/2020.1/data/ip/xpm/xpm_memory/tcl/xpm_memory_xdc.tcl] for cell 'design_1_i/smartconnect_0/inst/m05_nodes/m05_b_node/inst/inst_mi_handler/gen_normal_area.gen_fifo_req.inst_fifo_req/gen_xpm_memory_fifo.inst_fifo/gen_mem_rep[0].inst_xpm_memory'
Sourcing Tcl File [/tools/Xilinx/Vivado/2020.1/data/ip/xpm/xpm_memory/tcl/xpm_memory_xdc.tcl] for cell 'design_1_i/smartconnect_0/inst/m02_nodes/m02_r_node/inst/inst_mi_handler/gen_normal_area.gen_fifo_req.inst_fifo_req/gen_xpm_memory_fifo.inst_fifo/gen_mem_rep[0].inst_xpm_memory'
Finished Sourcing Tcl File [/tools/Xilinx/Vivado/2020.1/data/ip/xpm/xpm_memory/tcl/xpm_memory_xdc.tcl] for cell 'design_1_i/smartconnect_0/inst/m02_nodes/m02_r_node/inst/inst_mi_handler/gen_normal_area.gen_fifo_req.inst_fifo_req/gen_xpm_memory_fifo.inst_fifo/gen_mem_rep[0].inst_xpm_memory'
INFO: [Opt 31-138] Pushed 0 inverter(s) to 0 load pin(s).
Netlist sorting complete. Time (s): cpu = 00:00:00.01 ; elapsed = 00:00:00.01 . Memory (MB): peak = 3546.473 ; gain = 0.000 ; free physical = 18115 ; free virtual = 31243
INFO: [Project 1-111] Unisim Transformation Summary:
  A total of 4031 instances were transformed.
  IOBUF => IOBUF (IBUF, OBUFT): 2 instances
  IOBUFDS_DIFF_OUT_INTERMDISABLE => IOBUFDS_DIFF_OUT_INTERMDISABLE (IBUFDS_INTERMDISABLE_INT(x2), INV, OBUFTDS(x2)): 18 instances
  IOBUF_INTERMDISABLE => IOBUF_INTERMDISABLE (IBUF_INTERMDISABLE, OBUFT): 144 instances
  OBUFDS => OBUFDS_DUAL_BUF (INV, OBUFDS(x2)): 2 instances
  RAM16X1D => RAM32X1D (RAMD32(x2)): 62 instances
  RAM16X1S => RAM32X1S (RAMS32): 13 instances
  RAM32M => RAM32M (RAMD32(x6), RAMS32(x2)): 3751 instances
  RAM32X1D => RAM32X1D (RAMD32(x2)): 30 instances
  RAM64X1S => RAM64X1S (RAMS64E): 9 instances

12 Infos, 0 Warnings, 0 Critical Warnings and 0 Errors encountered.
link_design completed successfully
link_design: Time (s): cpu = 00:00:34 ; elapsed = 00:00:32 . Memory (MB): peak = 3546.473 ; gain = 1444.699 ; free physical = 18115 ; free virtual = 31243
Command: opt_design -directive Explore
INFO: [Vivado_Tcl 4-136] Directive used for opt_design is: Explore
Attempting to get a license for feature 'Implementation' and/or device 'xc7k480t'
INFO: [Common 17-349] Got license for feature 'Implementation' and/or device 'xc7k480t'
Running DRC as a precondition to command opt_design

Starting DRC Task
INFO: [DRC 23-27] Running DRC with 8 threads
INFO: [Project 1-461] DRC finished with 0 Errors
INFO: [Project 1-462] Please refer to the DRC report (report_drc) for more information.

Time (s): cpu = 00:00:02 ; elapsed = 00:00:00.92 . Memory (MB): peak = 3618.508 ; gain = 64.031 ; free physical = 18137 ; free virtual = 31265

Starting Cache Timing Information Task
INFO: [Timing 38-35] Done setting XDC timing constraints.
Ending Cache Timing Information Task | Checksum: 1eb646ac1

Time (s): cpu = 00:00:04 ; elapsed = 00:00:02 . Memory (MB): peak = 3618.508 ; gain = 0.000 ; free physical = 18094 ; free virtual = 31220

Starting Logic Optimization Task

Phase 1 Retarget
INFO: [Opt 31-138] Pushed 45 inverter(s) to 345 load pin(s).
INFO: [Opt 31-49] Retargeted 0 cell(s).
Phase 1 Retarget | Checksum: 1b14f976c

Time (s): cpu = 00:00:06 ; elapsed = 00:00:03 . Memory (MB): peak = 3742.164 ; gain = 67.672 ; free physical = 17988 ; free virtual = 31116
INFO: [Opt 31-389] Phase Retarget created 462 cells and removed 1567 cells
INFO: [Opt 31-1021] In phase Retarget, 277 netlist objects are constrained preventing optimization. Please run opt_design with -debug_log to get more detail. 

Phase 2 Constant propagation
INFO: [Opt 31-138] Pushed 1 inverter(s) to 1 load pin(s).
Phase 2 Constant propagation | Checksum: 1c8cd3c37

Time (s): cpu = 00:00:06 ; elapsed = 00:00:04 . Memory (MB): peak = 3742.164 ; gain = 67.672 ; free physical = 18003 ; free virtual = 31131
INFO: [Opt 31-389] Phase Constant propagation created 360 cells and removed 1570 cells
INFO: [Opt 31-1021] In phase Constant propagation, 144 netlist objects are constrained preventing optimization. Please run opt_design with -debug_log to get more detail. 

Phase 3 Sweep
Phase 3 Sweep | Checksum: 215b4281c

Time (s): cpu = 00:00:10 ; elapsed = 00:00:07 . Memory (MB): peak = 3742.164 ; gain = 67.672 ; free physical = 18078 ; free virtual = 31206
INFO: [Opt 31-389] Phase Sweep created 0 cells and removed 12192 cells
INFO: [Opt 31-1021] In phase Sweep, 277 netlist objects are constrained preventing optimization. Please run opt_design with -debug_log to get more detail. 

Phase 4 BUFG optimization
INFO: [Opt 31-193] Inserted 2 BUFG(s) on clock nets
Phase 4 BUFG optimization | Checksum: 1ce51385b

Time (s): cpu = 00:00:12 ; elapsed = 00:00:09 . Memory (MB): peak = 3742.164 ; gain = 67.672 ; free physical = 18090 ; free virtual = 31218
INFO: [Opt 31-662] Phase BUFG optimization created 0 cells of which 0 are BUFGs and removed 0 cells.

Phase 5 Shift Register Optimization
INFO: [Opt 31-1064] SRL Remap converted 0 SRLs to 0 registers and converted 0 registers of register chains to 0 SRLs
Phase 5 Shift Register Optimization | Checksum: 1ce51385b

Time (s): cpu = 00:00:12 ; elapsed = 00:00:09 . Memory (MB): peak = 3742.164 ; gain = 67.672 ; free physical = 18090 ; free virtual = 31218
INFO: [Opt 31-389] Phase Shift Register Optimization created 0 cells and removed 0 cells

Phase 6 Post Processing Netlist
Phase 6 Post Processing Netlist | Checksum: 215b4281c

Time (s): cpu = 00:00:13 ; elapsed = 00:00:10 . Memory (MB): peak = 3742.164 ; gain = 67.672 ; free physical = 18102 ; free virtual = 31230
INFO: [Opt 31-389] Phase Post Processing Netlist created 0 cells and removed 0 cells
INFO: [Opt 31-1021] In phase Post Processing Netlist, 121 netlist objects are constrained preventing optimization. Please run opt_design with -debug_log to get more detail. 
Opt_design Change Summary
=========================


-------------------------------------------------------------------------------------------------------------------------
|  Phase                        |  #Cells created  |  #Cells Removed  |  #Constrained objects preventing optimizations  |
-------------------------------------------------------------------------------------------------------------------------
|  Retarget                     |             462  |            1567  |                                            277  |
|  Constant propagation         |             360  |            1570  |                                            144  |
|  Sweep                        |               0  |           12192  |                                            277  |
|  BUFG optimization            |               0  |               0  |                                              0  |
|  Shift Register Optimization  |               0  |               0  |                                              0  |
|  Post Processing Netlist      |               0  |               0  |                                            121  |
-------------------------------------------------------------------------------------------------------------------------



Starting Connectivity Check Task

Time (s): cpu = 00:00:00.12 ; elapsed = 00:00:00.13 . Memory (MB): peak = 3742.164 ; gain = 0.000 ; free physical = 18112 ; free virtual = 31240
Ending Logic Optimization Task | Checksum: 15b8289d9

Time (s): cpu = 00:00:14 ; elapsed = 00:00:11 . Memory (MB): peak = 3742.164 ; gain = 67.672 ; free physical = 18112 ; free virtual = 31240

Starting Power Optimization Task
INFO: [Pwropt 34-132] Skipping clock gating for clocks with a period < 2.00 ns.
INFO: [Pwropt 34-9] Applying IDT optimizations ...
INFO: [Pwropt 34-10] Applying ODC optimizations ...
INFO: [Timing 38-35] Done setting XDC timing constraints.
Running Vector-less Activity Propagation...

Finished Running Vector-less Activity Propagation


Starting PowerOpt Patch Enables Task
INFO: [Pwropt 34-162] WRITE_MODE attribute of 0 BRAM(s) out of a total of 25 has been updated to save power. Run report_power_opt to get a complete listing of the BRAMs updated.
INFO: [Pwropt 34-201] Structural ODC has moved 0 WE to EN ports
Number of BRAM Ports augmented: 6 newly gated: 21 Total Ports: 50
Ending PowerOpt Patch Enables Task | Checksum: 1bf049bac

Time (s): cpu = 00:00:00.33 ; elapsed = 00:00:00.31 . Memory (MB): peak = 4563.188 ; gain = 0.000 ; free physical = 17872 ; free virtual = 31000
Ending Power Optimization Task | Checksum: 1bf049bac

Time (s): cpu = 00:00:22 ; elapsed = 00:00:07 . Memory (MB): peak = 4563.188 ; gain = 821.023 ; free physical = 17990 ; free virtual = 31118

Starting Final Cleanup Task

Starting Logic Optimization Task
INFO: [Timing 38-35] Done setting XDC timing constraints.
Ending Logic Optimization Task | Checksum: 1f74a930e

Time (s): cpu = 00:00:09 ; elapsed = 00:00:04 . Memory (MB): peak = 4563.188 ; gain = 0.000 ; free physical = 17982 ; free virtual = 31110
Ending Final Cleanup Task | Checksum: 1f74a930e

Time (s): cpu = 00:00:10 ; elapsed = 00:00:05 . Memory (MB): peak = 4563.188 ; gain = 0.000 ; free physical = 17990 ; free virtual = 31118

Starting Netlist Obfuscation Task
Netlist sorting complete. Time (s): cpu = 00:00:00.01 ; elapsed = 00:00:00.01 . Memory (MB): peak = 4563.188 ; gain = 0.000 ; free physical = 17990 ; free virtual = 31118
Ending Netlist Obfuscation Task | Checksum: 1f74a930e

Time (s): cpu = 00:00:00.01 ; elapsed = 00:00:00.01 . Memory (MB): peak = 4563.188 ; gain = 0.000 ; free physical = 17990 ; free virtual = 31118
INFO: [Common 17-83] Releasing license: Implementation
41 Infos, 0 Warnings, 0 Critical Warnings and 0 Errors encountered.
opt_design completed successfully
opt_design: Time (s): cpu = 00:00:53 ; elapsed = 00:00:27 . Memory (MB): peak = 4563.188 ; gain = 1016.715 ; free physical = 17990 ; free virtual = 31118
INFO: [Timing 38-35] Done setting XDC timing constraints.
INFO: [Timing 38-480] Writing timing data to binary archive.
Writing placer database...
Writing XDEF routing.
Writing XDEF routing logical nets.
Writing XDEF routing special nets.
Write XDEF Complete: Time (s): cpu = 00:00:00.22 ; elapsed = 00:00:00.04 . Memory (MB): peak = 4563.188 ; gain = 0.000 ; free physical = 17851 ; free virtual = 30987
INFO: [Common 17-1381] The checkpoint '/home/dipen/Kintex7/BasictTest/BasictTest.runs/impl_1/design_1_wrapper_opt.dcp' has been generated.
write_checkpoint: Time (s): cpu = 00:00:24 ; elapsed = 00:00:17 . Memory (MB): peak = 4563.188 ; gain = 0.000 ; free physical = 17824 ; free virtual = 30990
INFO: [runtcl-4] Executing : report_drc -file design_1_wrapper_drc_opted.rpt -pb design_1_wrapper_drc_opted.pb -rpx design_1_wrapper_drc_opted.rpx
Command: report_drc -file design_1_wrapper_drc_opted.rpt -pb design_1_wrapper_drc_opted.pb -rpx design_1_wrapper_drc_opted.rpx
INFO: [IP_Flow 19-1839] IP Catalog is up to date.
INFO: [DRC 23-27] Running DRC with 8 threads
INFO: [Coretcl 2-168] The results of DRC are in file /home/dipen/Kintex7/BasictTest/BasictTest.runs/impl_1/design_1_wrapper_drc_opted.rpt.
report_drc completed successfully
Command: power_opt_design
Attempting to get a license for feature 'Implementation' and/or device 'xc7k480t'
INFO: [Common 17-349] Got license for feature 'Implementation' and/or device 'xc7k480t'
Begin power optimizations | Checksum: 1f74a930e
WARNING: [Pwropt 34-141] Param pwropt.runOnPwroptedDesign is set. Skipped checking if power_opt_design has been performed earlier.
INFO: [Pwropt 34-50] Optimizing power for module design_1_wrapper ...
INFO: [Pwropt 34-207] Design is in partially-placed state. Running in partially-placed mode.
PSMgr Creation: Time (s): cpu = 00:00:00.25 ; elapsed = 00:00:00.14 . Memory (MB): peak = 4563.188 ; gain = 0.000 ; free physical = 17275 ; free virtual = 30442
Running Vector-less Activity Propagation...
INFO: [Pwropt 34-54] Flop output of design_1_i/xdma_0/inst/design_1_xdma_0_2_pcie2_to_pcie3_wrapper_i/design_1_xdma_0_2_axi_stream_intf_i/design_1_xdma_0_2_rx_demux_i/dma_cpl_fifo_inst/U0/inst_fifo_gen/gaxis_fifo.gaxisf.axisf/grf.rf/gntv_or_sync_fifo.gl0.rd/gr1.gr1_int.rfwft/empty_fwft_fb_o_i_reg does not fanout to any other flop but itself
INFO: [Pwropt 34-54] Flop output of design_1_i/xdma_0/inst/design_1_xdma_0_2_pcie2_to_pcie3_wrapper_i/design_1_xdma_0_2_axi_stream_intf_i/design_1_xdma_0_2_rx_demux_i/dma_cpl_fifo_inst/U0/inst_fifo_gen/gaxis_fifo.gaxisf.axisf/grf.rf/gntv_or_sync_fifo.gl0.rd/gr1.gr1_int.rfwft/gpregsm1.user_valid_reg does not fanout to any other flop but itself
INFO: [Pwropt 34-54] Flop output of design_1_i/xdma_0/inst/design_1_xdma_0_2_pcie2_to_pcie3_wrapper_i/design_1_xdma_0_2_axi_stream_intf_i/design_1_xdma_0_2_rx_demux_i/tgt_brdg_fifo_inst/U0/inst_fifo_gen/gaxis_fifo.gaxisf.axisf/grf.rf/gntv_or_sync_fifo.gl0.rd/gr1.gr1_int.rfwft/empty_fwft_fb_o_i_reg does not fanout to any other flop but itself
INFO: [Pwropt 34-54] Flop output of design_1_i/xdma_0/inst/udma_wrapper/dma_top/base/usr_axilt_slv/DAT_FIFO/WrPtr_reg[0] does not fanout to any other flop but itself
INFO: [Pwropt 34-54] Flop output of design_1_i/xdma_0/inst/udma_wrapper/dma_top/base/usr_axilt_slv/DAT_FIFO/WrPtr_reg[1] does not fanout to any other flop but itself
INFO: [Pwropt 34-54] Flop output of design_1_i/xdma_0/inst/udma_wrapper/dma_top/base/usr_axilt_slv/REQ_FIFO/WrPtr_reg[0] does not fanout to any other flop but itself
INFO: [Pwropt 34-54] Flop output of design_1_i/xdma_0/inst/udma_wrapper/dma_top/base/usr_axilt_slv/REQ_FIFO/WrPtr_reg[1] does not fanout to any other flop but itself
INFO: [Pwropt 34-54] Flop output of design_1_i/xdma_0/inst/udma_wrapper/dma_top/dma_enable.aximm.dma_aximm/axidma_rrq_arb/Fifowhead.fifoInfo/Head_reg[29] does not fanout to any other flop but itself
INFO: [Pwropt 34-54] Flop output of design_1_i/xdma_0/inst/udma_wrapper/dma_top/dma_enable.aximm.dma_aximm/axi4mm_axi_mm_master_wr/wpl_dst_aln_ff_reg[3] does not fanout to any other flop but itself
Found 2365 new always-off flops by back propagation
Pre-processing: Time (s): cpu = 00:00:12 ; elapsed = 00:00:03 . Memory (MB): peak = 4773.227 ; gain = 210.039 ; free physical = 16930 ; free virtual = 30097
INFO: [Pwropt 34-9] Applying IDT optimizations ...

Finished Running Vector-less Activity Propagation
IDT: Time (s): cpu = 00:00:27 ; elapsed = 00:00:07 . Memory (MB): peak = 5172.281 ; gain = 399.055 ; free physical = 16627 ; free virtual = 29794
INFO: [Pwropt 34-10] Applying ODC optimizations ...
INFO: [Pwropt 34-215] Skipped ODC enables for 395 nets in BRAM flops in bus-based analysis.
INFO: [Pwropt 34-214] Skipped ODC enables for 0 nets in BRAM address flops in bus-based analysis.
ODC: Time (s): cpu = 00:00:10 ; elapsed = 00:00:10 . Memory (MB): peak = 5172.281 ; gain = 0.000 ; free physical = 16579 ; free virtual = 29745
Power optimization passes: Time (s): cpu = 00:00:50 ; elapsed = 00:00:20 . Memory (MB): peak = 5172.281 ; gain = 609.094 ; free physical = 16578 ; free virtual = 29745

INFO: [Pwropt 34-77] Creating clock enable groups ...
INFO: [Pwropt 34-96] Including small groups for filtering based on enable probabilities.
 Done
Grouping enables: Time (s): cpu = 00:00:04 ; elapsed = 00:00:06 . Memory (MB): peak = 5172.281 ; gain = 0.000 ; free physical = 17398 ; free virtual = 30565


Starting PowerOpt Patch Enables Task
INFO: [Pwropt 34-26] Patching clock gating enable signals for design design_1_wrapper ...
INFO: [Pwropt 34-162] WRITE_MODE attribute of 0 BRAM(s) out of a total of 25 has been updated to save power. Run report_power_opt to get a complete listing of the BRAMs updated.
INFO: [Pwropt 34-201] Structural ODC has moved 0 WE to EN ports
INFO: [Pwropt 34-100] Patcher adaptive clustering : original ram clusters 27 accepted clusters 27
INFO: [Pwropt 34-100] Patcher adaptive clustering : original flop clusters 4629 accepted clusters 4629

Number of Slice Registers augmented: 2440 newly gated: 5453 Total: 68453
Number of SRLs augmented: 0  newly gated: 4 Total: 1211
Number of BRAM Ports augmented: 15 newly gated: 12 Total Ports: 50
Number of Flops added for Enable Generation: 0

Flops dropped: 1447/13108 RAMS dropped: 0/27 Clusters dropped: 241/4656 Enables dropped: 177
Patching clock gating enables finished successfully.
Ending PowerOpt Patch Enables Task | Checksum: 2118ed051

Time (s): cpu = 00:02:08 ; elapsed = 00:00:52 . Memory (MB): peak = 5172.281 ; gain = 0.000 ; free physical = 17287 ; free virtual = 30449
INFO: [Pwropt 34-30] Power optimization finished successfully.
End power optimizations | Checksum: 2118ed051
Power optimization: Time (s): cpu = 00:03:04 ; elapsed = 00:01:21 . Memory (MB): peak = 5172.281 ; gain = 609.094 ; free physical = 17548 ; free virtual = 30711
INFO: [Pwropt 34-198] Malloced memory gain at end of power optimization: 205532296 bytes

Starting Logic Optimization Task

Phase 1 Retarget
INFO: [Opt 31-138] Pushed 23 inverter(s) to 112 load pin(s).
INFO: [Opt 31-49] Retargeted 0 cell(s).
Phase 1 Retarget | Checksum: 1c6e1e6bc

Time (s): cpu = 00:00:06 ; elapsed = 00:00:03 . Memory (MB): peak = 5172.281 ; gain = 0.000 ; free physical = 17797 ; free virtual = 30960
INFO: [Opt 31-389] Phase Retarget created 2 cells and removed 13 cells
INFO: [Opt 31-1021] In phase Retarget, 274 netlist objects are constrained preventing optimization. Please run opt_design with -debug_log to get more detail. 

Phase 2 BUFG optimization
INFO: [Opt 31-193] Inserted 2 BUFG(s) on clock nets
Phase 2 BUFG optimization | Checksum: 11c226f85

Time (s): cpu = 00:00:07 ; elapsed = 00:00:05 . Memory (MB): peak = 5172.281 ; gain = 0.000 ; free physical = 17805 ; free virtual = 30967
INFO: [Opt 31-662] Phase BUFG optimization created 0 cells of which 0 are BUFGs and removed 0 cells.

Phase 3 Remap
Phase 3 Remap | Checksum: 1efe5435a

Time (s): cpu = 00:00:09 ; elapsed = 00:00:07 . Memory (MB): peak = 5172.281 ; gain = 0.000 ; free physical = 17801 ; free virtual = 30964
INFO: [Opt 31-389] Phase Remap created 753 cells and removed 1274 cells
INFO: [Opt 31-1021] In phase Remap, 27 netlist objects are constrained preventing optimization. Please run opt_design with -debug_log to get more detail. 

Phase 4 Post Processing Netlist
Phase 4 Post Processing Netlist | Checksum: 1ee73f2e5

Time (s): cpu = 00:00:10 ; elapsed = 00:00:07 . Memory (MB): peak = 5172.281 ; gain = 0.000 ; free physical = 17807 ; free virtual = 30970
INFO: [Opt 31-389] Phase Post Processing Netlist created 0 cells and removed 0 cells
INFO: [Opt 31-1021] In phase Post Processing Netlist, 122 netlist objects are constrained preventing optimization. Please run opt_design with -debug_log to get more detail. 
Opt_design Change Summary
=========================


---------------------------------------------------------------------------------------------------------------------
|  Phase                    |  #Cells created  |  #Cells Removed  |  #Constrained objects preventing optimizations  |
---------------------------------------------------------------------------------------------------------------------
|  Retarget                 |               2  |              13  |                                            274  |
|  BUFG optimization        |               0  |               0  |                                              0  |
|  Remap                    |             753  |            1274  |                                             27  |
|  Post Processing Netlist  |               0  |               0  |                                            122  |
---------------------------------------------------------------------------------------------------------------------


Ending Logic Optimization Task | Checksum: 25cef1e2b

Time (s): cpu = 00:00:10 ; elapsed = 00:00:07 . Memory (MB): peak = 5172.281 ; gain = 0.000 ; free physical = 17813 ; free virtual = 30976

Starting Netlist Obfuscation Task
Netlist sorting complete. Time (s): cpu = 00:00:00.01 ; elapsed = 00:00:00.01 . Memory (MB): peak = 5172.281 ; gain = 0.000 ; free physical = 17818 ; free virtual = 30981
Ending Netlist Obfuscation Task | Checksum: 25cef1e2b

Time (s): cpu = 00:00:00.01 ; elapsed = 00:00:00.01 . Memory (MB): peak = 5172.281 ; gain = 0.000 ; free physical = 17818 ; free virtual = 30981
INFO: [Common 17-83] Releasing license: Implementation
84 Infos, 1 Warnings, 0 Critical Warnings and 0 Errors encountered.
power_opt_design completed successfully
power_opt_design: Time (s): cpu = 00:03:14 ; elapsed = 00:01:28 . Memory (MB): peak = 5172.281 ; gain = 609.094 ; free physical = 17818 ; free virtual = 30981
INFO: [Timing 38-35] Done setting XDC timing constraints.
INFO: [Timing 38-480] Writing timing data to binary archive.
Writing placer database...
Writing XDEF routing.
Writing XDEF routing logical nets.
Writing XDEF routing special nets.
Write XDEF Complete: Time (s): cpu = 00:00:00.74 ; elapsed = 00:00:00.17 . Memory (MB): peak = 5172.281 ; gain = 0.000 ; free physical = 17610 ; free virtual = 30807
INFO: [Common 17-1381] The checkpoint '/home/dipen/Kintex7/BasictTest/BasictTest.runs/impl_1/design_1_wrapper_pwropt.dcp' has been generated.
write_checkpoint: Time (s): cpu = 00:00:25 ; elapsed = 00:00:17 . Memory (MB): peak = 5172.281 ; gain = 0.000 ; free physical = 17597 ; free virtual = 30799
Command: place_design -directive Explore
Attempting to get a license for feature 'Implementation' and/or device 'xc7k480t'
INFO: [Common 17-349] Got license for feature 'Implementation' and/or device 'xc7k480t'
INFO: [DRC 23-27] Running DRC with 8 threads
INFO: [Vivado_Tcl 4-198] DRC finished with 0 Errors
INFO: [Vivado_Tcl 4-199] Please refer to the DRC report (report_drc) for more information.
Running DRC as a precondition to command place_design
INFO: [DRC 23-27] Running DRC with 8 threads
WARNING: [DRC CHECK-3] Report rule limit reached: REQP-1839 rule limit reached: 20 violations have been found.
WARNING: [DRC REQP-1839] RAMB36 async control check: The RAMB36E1 design_1_i/xdma_0/inst/design_1_xdma_0_2_pcie2_to_pcie3_wrapper_i/design_1_xdma_0_2_axi_stream_intf_i/design_1_xdma_0_2_rx_demux_i/dma_cpl_fifo_inst/U0/inst_fifo_gen/gaxis_fifo.gaxisf.axisf/grf.rf/gntv_or_sync_fifo.mem/gbm.gbmg.gbmga.ngecc.bmg/inst_blk_mem_gen/gnbram.gnativebmg.native_blk_mem_gen/valid.cstr/ramloop[1].ram.r/prim_noinit.ram/DEVICE_7SERIES.NO_BMM_INFO.SDP.WIDE_PRIM36_NO_ECC.ram has an input control pin design_1_i/xdma_0/inst/design_1_xdma_0_2_pcie2_to_pcie3_wrapper_i/design_1_xdma_0_2_axi_stream_intf_i/design_1_xdma_0_2_rx_demux_i/dma_cpl_fifo_inst/U0/inst_fifo_gen/gaxis_fifo.gaxisf.axisf/grf.rf/gntv_or_sync_fifo.mem/gbm.gbmg.gbmga.ngecc.bmg/inst_blk_mem_gen/gnbram.gnativebmg.native_blk_mem_gen/valid.cstr/ramloop[1].ram.r/prim_noinit.ram/DEVICE_7SERIES.NO_BMM_INFO.SDP.WIDE_PRIM36_NO_ECC.ram/ENARDEN (net: design_1_i/xdma_0/inst/design_1_xdma_0_2_pcie2_to_pcie3_wrapper_i/design_1_xdma_0_2_axi_stream_intf_i/design_1_xdma_0_2_rx_demux_i/dma_cpl_fifo_inst/U0/inst_fifo_gen/gaxis_fifo.gaxisf.axisf/grf.rf/gntv_or_sync_fifo.mem/gbm.gbmg.gbmga.ngecc.bmg/inst_blk_mem_gen/gnbram.gnativebmg.native_blk_mem_gen/valid.cstr/ramloop[1].ram.r/prim_noinit.ram/DEVICE_7SERIES.NO_BMM_INFO.SDP.WIDE_PRIM36_NO_ECC.ram_ENARDEN_cooolgate_en_sig_8) which is driven by a register (design_1_i/xdma_0/inst/design_1_xdma_0_2_pcie2_to_pcie3_wrapper_i/design_1_xdma_0_2_axi_stream_intf_i/design_1_xdma_0_2_rx_demux_i/dma_cpl_fifo_inst/U0/inst_fifo_gen/gaxis_fifo.gaxisf.axisf/grf.rf/gntv_or_sync_fifo.gl0.rd/gr1.gr1_int.rfwft/gfwft_rst_done.fwft_rst_done_reg) that has an active asychronous set or reset. This may cause corruption of the memory contents and/or read values when the set/reset is asserted and is not analyzed by the default static timing analysis. It is suggested to eliminate the use of a set/reset to registers driving this RAMB pin or else use a synchronous reset in which the assertion of the reset is timed by default.
WARNING: [DRC REQP-1839] RAMB36 async control check: The RAMB36E1 design_1_i/xdma_0/inst/design_1_xdma_0_2_pcie2_to_pcie3_wrapper_i/design_1_xdma_0_2_axi_stream_intf_i/design_1_xdma_0_2_rx_demux_i/dma_cpl_fifo_inst/U0/inst_fifo_gen/gaxis_fifo.gaxisf.axisf/grf.rf/gntv_or_sync_fifo.mem/gbm.gbmg.gbmga.ngecc.bmg/inst_blk_mem_gen/gnbram.gnativebmg.native_blk_mem_gen/valid.cstr/ramloop[1].ram.r/prim_noinit.ram/DEVICE_7SERIES.NO_BMM_INFO.SDP.WIDE_PRIM36_NO_ECC.ram has an input control pin design_1_i/xdma_0/inst/design_1_xdma_0_2_pcie2_to_pcie3_wrapper_i/design_1_xdma_0_2_axi_stream_intf_i/design_1_xdma_0_2_rx_demux_i/dma_cpl_fifo_inst/U0/inst_fifo_gen/gaxis_fifo.gaxisf.axisf/grf.rf/gntv_or_sync_fifo.mem/gbm.gbmg.gbmga.ngecc.bmg/inst_blk_mem_gen/gnbram.gnativebmg.native_blk_mem_gen/valid.cstr/ramloop[1].ram.r/prim_noinit.ram/DEVICE_7SERIES.NO_BMM_INFO.SDP.WIDE_PRIM36_NO_ECC.ram/ENARDEN (net: design_1_i/xdma_0/inst/design_1_xdma_0_2_pcie2_to_pcie3_wrapper_i/design_1_xdma_0_2_axi_stream_intf_i/design_1_xdma_0_2_rx_demux_i/dma_cpl_fifo_inst/U0/inst_fifo_gen/gaxis_fifo.gaxisf.axisf/grf.rf/gntv_or_sync_fifo.mem/gbm.gbmg.gbmga.ngecc.bmg/inst_blk_mem_gen/gnbram.gnativebmg.native_blk_mem_gen/valid.cstr/ramloop[1].ram.r/prim_noinit.ram/DEVICE_7SERIES.NO_BMM_INFO.SDP.WIDE_PRIM36_NO_ECC.ram_ENARDEN_cooolgate_en_sig_8) which is driven by a register (design_1_i/xdma_0/inst/design_1_xdma_0_2_pcie2_to_pcie3_wrapper_i/pcie2_ip_i/U0/inst/user_reset_out_reg) that has an active asychronous set or reset. This may cause corruption of the memory contents and/or read values when the set/reset is asserted and is not analyzed by the default static timing analysis. It is suggested to eliminate the use of a set/reset to registers driving this RAMB pin or else use a synchronous reset in which the assertion of the reset is timed by default.
WARNING: [DRC REQP-1839] RAMB36 async control check: The RAMB36E1 design_1_i/xdma_0/inst/ram_top/C2H_PCIE_DSC_CPLD_RAM/the_bram_reg_0 has an input control pin design_1_i/xdma_0/inst/ram_top/C2H_PCIE_DSC_CPLD_RAM/the_bram_reg_0/ENBWREN (net: design_1_i/xdma_0/inst/ram_top/C2H_PCIE_DSC_CPLD_RAM/the_bram_reg_0_ENBWREN_cooolgate_en_sig_50) which is driven by a register (design_1_i/xdma_0/inst/udma_wrapper/dma_top/dma_enable.vul_dma/pcie_dsc_rst_3ff_reg_rep__3) that has an active asychronous set or reset. This may cause corruption of the memory contents and/or read values when the set/reset is asserted and is not analyzed by the default static timing analysis. It is suggested to eliminate the use of a set/reset to registers driving this RAMB pin or else use a synchronous reset in which the assertion of the reset is timed by default.
WARNING: [DRC REQP-1839] RAMB36 async control check: The RAMB36E1 design_1_i/xdma_0/inst/ram_top/C2H_PCIE_DSC_CPLD_RAM/the_bram_reg_0 has an input control pin design_1_i/xdma_0/inst/ram_top/C2H_PCIE_DSC_CPLD_RAM/the_bram_reg_0/ENBWREN (net: design_1_i/xdma_0/inst/ram_top/C2H_PCIE_DSC_CPLD_RAM/the_bram_reg_0_ENBWREN_cooolgate_en_sig_50) which is driven by a register (design_1_i/xdma_0/inst/udma_wrapper/dma_top/dma_enable.vul_dma/pcie_rst_2ff_reg[2]) that has an active asychronous set or reset. This may cause corruption of the memory contents and/or read values when the set/reset is asserted and is not analyzed by the default static timing analysis. It is suggested to eliminate the use of a set/reset to registers driving this RAMB pin or else use a synchronous reset in which the assertion of the reset is timed by default.
WARNING: [DRC REQP-1839] RAMB36 async control check: The RAMB36E1 design_1_i/xdma_0/inst/ram_top/C2H_PCIE_DSC_CPLD_RAM/the_bram_reg_1 has an input control pin design_1_i/xdma_0/inst/ram_top/C2H_PCIE_DSC_CPLD_RAM/the_bram_reg_1/ENBWREN (net: design_1_i/xdma_0/inst/ram_top/C2H_PCIE_DSC_CPLD_RAM/the_bram_reg_1_ENBWREN_cooolgate_en_sig_34) which is driven by a register (design_1_i/xdma_0/inst/udma_wrapper/dma_top/dma_enable.vul_dma/pcie_dsc_rst_3ff_reg_rep__3) that has an active asychronous set or reset. This may cause corruption of the memory contents and/or read values when the set/reset is asserted and is not analyzed by the default static timing analysis. It is suggested to eliminate the use of a set/reset to registers driving this RAMB pin or else use a synchronous reset in which the assertion of the reset is timed by default.
WARNING: [DRC REQP-1839] RAMB36 async control check: The RAMB36E1 design_1_i/xdma_0/inst/ram_top/C2H_PCIE_DSC_CPLD_RAM/the_bram_reg_1 has an input control pin design_1_i/xdma_0/inst/ram_top/C2H_PCIE_DSC_CPLD_RAM/the_bram_reg_1/ENBWREN (net: design_1_i/xdma_0/inst/ram_top/C2H_PCIE_DSC_CPLD_RAM/the_bram_reg_1_ENBWREN_cooolgate_en_sig_34) which is driven by a register (design_1_i/xdma_0/inst/udma_wrapper/dma_top/dma_enable.vul_dma/pcie_rst_2ff_reg[2]) that has an active asychronous set or reset. This may cause corruption of the memory contents and/or read values when the set/reset is asserted and is not analyzed by the default static timing analysis. It is suggested to eliminate the use of a set/reset to registers driving this RAMB pin or else use a synchronous reset in which the assertion of the reset is timed by default.
WARNING: [DRC REQP-1839] RAMB36 async control check: The RAMB36E1 design_1_i/xdma_0/inst/ram_top/MASTER_READ_BRAM/genblk1[0].u_buffermem/U0/inst_blk_mem_gen/gnbram.gnativebmg.native_blk_mem_gen/valid.cstr/ramloop[0].ram.r/prim_noinit.ram/DEVICE_7SERIES.NO_BMM_INFO.SDP.WIDE_PRIM36_NO_ECC.ram has an input control pin design_1_i/xdma_0/inst/ram_top/MASTER_READ_BRAM/genblk1[0].u_buffermem/U0/inst_blk_mem_gen/gnbram.gnativebmg.native_blk_mem_gen/valid.cstr/ramloop[0].ram.r/prim_noinit.ram/DEVICE_7SERIES.NO_BMM_INFO.SDP.WIDE_PRIM36_NO_ECC.ram/ADDRARDADDR[10] (net: design_1_i/xdma_0/inst/ram_top/MASTER_READ_BRAM/genblk1[0].u_buffermem/U0/inst_blk_mem_gen/gnbram.gnativebmg.native_blk_mem_gen/valid.cstr/ramloop[0].ram.r/prim_noinit.ram/addrb[4]) which is driven by a register (design_1_i/xdma_0/inst/design_1_xdma_0_2_pcie2_to_pcie3_wrapper_i/pcie2_ip_i/U0/inst/user_reset_out_reg) that has an active asychronous set or reset. This may cause corruption of the memory contents and/or read values when the set/reset is asserted and is not analyzed by the default static timing analysis. It is suggested to eliminate the use of a set/reset to registers driving this RAMB pin or else use a synchronous reset in which the assertion of the reset is timed by default.
WARNING: [DRC REQP-1839] RAMB36 async control check: The RAMB36E1 design_1_i/xdma_0/inst/ram_top/MASTER_READ_BRAM/genblk1[0].u_buffermem/U0/inst_blk_mem_gen/gnbram.gnativebmg.native_blk_mem_gen/valid.cstr/ramloop[0].ram.r/prim_noinit.ram/DEVICE_7SERIES.NO_BMM_INFO.SDP.WIDE_PRIM36_NO_ECC.ram has an input control pin design_1_i/xdma_0/inst/ram_top/MASTER_READ_BRAM/genblk1[0].u_buffermem/U0/inst_blk_mem_gen/gnbram.gnativebmg.native_blk_mem_gen/valid.cstr/ramloop[0].ram.r/prim_noinit.ram/DEVICE_7SERIES.NO_BMM_INFO.SDP.WIDE_PRIM36_NO_ECC.ram/ADDRARDADDR[11] (net: design_1_i/xdma_0/inst/ram_top/MASTER_READ_BRAM/genblk1[0].u_buffermem/U0/inst_blk_mem_gen/gnbram.gnativebmg.native_blk_mem_gen/valid.cstr/ramloop[0].ram.r/prim_noinit.ram/addrb[5]) which is driven by a register (design_1_i/xdma_0/inst/design_1_xdma_0_2_pcie2_to_pcie3_wrapper_i/pcie2_ip_i/U0/inst/user_reset_out_reg) that has an active asychronous set or reset. This may cause corruption of the memory contents and/or read values when the set/reset is asserted and is not analyzed by the default static timing analysis. It is suggested to eliminate the use of a set/reset to registers driving this RAMB pin or else use a synchronous reset in which the assertion of the reset is timed by default.
WARNING: [DRC REQP-1839] RAMB36 async control check: The RAMB36E1 design_1_i/xdma_0/inst/ram_top/MASTER_READ_BRAM/genblk1[0].u_buffermem/U0/inst_blk_mem_gen/gnbram.gnativebmg.native_blk_mem_gen/valid.cstr/ramloop[0].ram.r/prim_noinit.ram/DEVICE_7SERIES.NO_BMM_INFO.SDP.WIDE_PRIM36_NO_ECC.ram has an input control pin design_1_i/xdma_0/inst/ram_top/MASTER_READ_BRAM/genblk1[0].u_buffermem/U0/inst_blk_mem_gen/gnbram.gnativebmg.native_blk_mem_gen/valid.cstr/ramloop[0].ram.r/prim_noinit.ram/DEVICE_7SERIES.NO_BMM_INFO.SDP.WIDE_PRIM36_NO_ECC.ram/ADDRARDADDR[12] (net: design_1_i/xdma_0/inst/ram_top/MASTER_READ_BRAM/genblk1[0].u_buffermem/U0/inst_blk_mem_gen/gnbram.gnativebmg.native_blk_mem_gen/valid.cstr/ramloop[0].ram.r/prim_noinit.ram/addrb[6]) which is driven by a register (design_1_i/xdma_0/inst/design_1_xdma_0_2_pcie2_to_pcie3_wrapper_i/pcie2_ip_i/U0/inst/user_reset_out_reg) that has an active asychronous set or reset. This may cause corruption of the memory contents and/or read values when the set/reset is asserted and is not analyzed by the default static timing analysis. It is suggested to eliminate the use of a set/reset to registers driving this RAMB pin or else use a synchronous reset in which the assertion of the reset is timed by default.
WARNING: [DRC REQP-1839] RAMB36 async control check: The RAMB36E1 design_1_i/xdma_0/inst/ram_top/MASTER_READ_BRAM/genblk1[0].u_buffermem/U0/inst_blk_mem_gen/gnbram.gnativebmg.native_blk_mem_gen/valid.cstr/ramloop[0].ram.r/prim_noinit.ram/DEVICE_7SERIES.NO_BMM_INFO.SDP.WIDE_PRIM36_NO_ECC.ram has an input control pin design_1_i/xdma_0/inst/ram_top/MASTER_READ_BRAM/genblk1[0].u_buffermem/U0/inst_blk_mem_gen/gnbram.gnativebmg.native_blk_mem_gen/valid.cstr/ramloop[0].ram.r/prim_noinit.ram/DEVICE_7SERIES.NO_BMM_INFO.SDP.WIDE_PRIM36_NO_ECC.ram/ADDRARDADDR[13] (net: design_1_i/xdma_0/inst/ram_top/MASTER_READ_BRAM/genblk1[0].u_buffermem/U0/inst_blk_mem_gen/gnbram.gnativebmg.native_blk_mem_gen/valid.cstr/ramloop[0].ram.r/prim_noinit.ram/addrb[7]) which is driven by a register (design_1_i/xdma_0/inst/design_1_xdma_0_2_pcie2_to_pcie3_wrapper_i/pcie2_ip_i/U0/inst/user_reset_out_reg) that has an active asychronous set or reset. This may cause corruption of the memory contents and/or read values when the set/reset is asserted and is not analyzed by the default static timing analysis. It is suggested to eliminate the use of a set/reset to registers driving this RAMB pin or else use a synchronous reset in which the assertion of the reset is timed by default.
WARNING: [DRC REQP-1839] RAMB36 async control check: The RAMB36E1 design_1_i/xdma_0/inst/ram_top/MASTER_READ_BRAM/genblk1[0].u_buffermem/U0/inst_blk_mem_gen/gnbram.gnativebmg.native_blk_mem_gen/valid.cstr/ramloop[0].ram.r/prim_noinit.ram/DEVICE_7SERIES.NO_BMM_INFO.SDP.WIDE_PRIM36_NO_ECC.ram has an input control pin design_1_i/xdma_0/inst/ram_top/MASTER_READ_BRAM/genblk1[0].u_buffermem/U0/inst_blk_mem_gen/gnbram.gnativebmg.native_blk_mem_gen/valid.cstr/ramloop[0].ram.r/prim_noinit.ram/DEVICE_7SERIES.NO_BMM_INFO.SDP.WIDE_PRIM36_NO_ECC.ram/ADDRARDADDR[14] (net: design_1_i/xdma_0/inst/ram_top/MASTER_READ_BRAM/genblk1[0].u_buffermem/U0/inst_blk_mem_gen/gnbram.gnativebmg.native_blk_mem_gen/valid.cstr/ramloop[0].ram.r/prim_noinit.ram/addrb[8]) which is driven by a register (design_1_i/xdma_0/inst/design_1_xdma_0_2_pcie2_to_pcie3_wrapper_i/pcie2_ip_i/U0/inst/user_reset_out_reg) that has an active asychronous set or reset. This may cause corruption of the memory contents and/or read values when the set/reset is asserted and is not analyzed by the default static timing analysis. It is suggested to eliminate the use of a set/reset to registers driving this RAMB pin or else use a synchronous reset in which the assertion of the reset is timed by default.
WARNING: [DRC REQP-1839] RAMB36 async control check: The RAMB36E1 design_1_i/xdma_0/inst/ram_top/MASTER_READ_BRAM/genblk1[0].u_buffermem/U0/inst_blk_mem_gen/gnbram.gnativebmg.native_blk_mem_gen/valid.cstr/ramloop[0].ram.r/prim_noinit.ram/DEVICE_7SERIES.NO_BMM_INFO.SDP.WIDE_PRIM36_NO_ECC.ram has an input control pin design_1_i/xdma_0/inst/ram_top/MASTER_READ_BRAM/genblk1[0].u_buffermem/U0/inst_blk_mem_gen/gnbram.gnativebmg.native_blk_mem_gen/valid.cstr/ramloop[0].ram.r/prim_noinit.ram/DEVICE_7SERIES.NO_BMM_INFO.SDP.WIDE_PRIM36_NO_ECC.ram/ADDRARDADDR[6] (net: design_1_i/xdma_0/inst/ram_top/MASTER_READ_BRAM/genblk1[0].u_buffermem/U0/inst_blk_mem_gen/gnbram.gnativebmg.native_blk_mem_gen/valid.cstr/ramloop[0].ram.r/prim_noinit.ram/addrb[0]) which is driven by a register (design_1_i/xdma_0/inst/design_1_xdma_0_2_pcie2_to_pcie3_wrapper_i/pcie2_ip_i/U0/inst/user_reset_out_reg) that has an active asychronous set or reset. This may cause corruption of the memory contents and/or read values when the set/reset is asserted and is not analyzed by the default static timing analysis. It is suggested to eliminate the use of a set/reset to registers driving this RAMB pin or else use a synchronous reset in which the assertion of the reset is timed by default.
WARNING: [DRC REQP-1839] RAMB36 async control check: The RAMB36E1 design_1_i/xdma_0/inst/ram_top/MASTER_READ_BRAM/genblk1[0].u_buffermem/U0/inst_blk_mem_gen/gnbram.gnativebmg.native_blk_mem_gen/valid.cstr/ramloop[0].ram.r/prim_noinit.ram/DEVICE_7SERIES.NO_BMM_INFO.SDP.WIDE_PRIM36_NO_ECC.ram has an input control pin design_1_i/xdma_0/inst/ram_top/MASTER_READ_BRAM/genblk1[0].u_buffermem/U0/inst_blk_mem_gen/gnbram.gnativebmg.native_blk_mem_gen/valid.cstr/ramloop[0].ram.r/prim_noinit.ram/DEVICE_7SERIES.NO_BMM_INFO.SDP.WIDE_PRIM36_NO_ECC.ram/ADDRARDADDR[7] (net: design_1_i/xdma_0/inst/ram_top/MASTER_READ_BRAM/genblk1[0].u_buffermem/U0/inst_blk_mem_gen/gnbram.gnativebmg.native_blk_mem_gen/valid.cstr/ramloop[0].ram.r/prim_noinit.ram/addrb[1]) which is driven by a register (design_1_i/xdma_0/inst/design_1_xdma_0_2_pcie2_to_pcie3_wrapper_i/pcie2_ip_i/U0/inst/user_reset_out_reg) that has an active asychronous set or reset. This may cause corruption of the memory contents and/or read values when the set/reset is asserted and is not analyzed by the default static timing analysis. It is suggested to eliminate the use of a set/reset to registers driving this RAMB pin or else use a synchronous reset in which the assertion of the reset is timed by default.
WARNING: [DRC REQP-1839] RAMB36 async control check: The RAMB36E1 design_1_i/xdma_0/inst/ram_top/MASTER_READ_BRAM/genblk1[0].u_buffermem/U0/inst_blk_mem_gen/gnbram.gnativebmg.native_blk_mem_gen/valid.cstr/ramloop[0].ram.r/prim_noinit.ram/DEVICE_7SERIES.NO_BMM_INFO.SDP.WIDE_PRIM36_NO_ECC.ram has an input control pin design_1_i/xdma_0/inst/ram_top/MASTER_READ_BRAM/genblk1[0].u_buffermem/U0/inst_blk_mem_gen/gnbram.gnativebmg.native_blk_mem_gen/valid.cstr/ramloop[0].ram.r/prim_noinit.ram/DEVICE_7SERIES.NO_BMM_INFO.SDP.WIDE_PRIM36_NO_ECC.ram/ADDRARDADDR[8] (net: design_1_i/xdma_0/inst/ram_top/MASTER_READ_BRAM/genblk1[0].u_buffermem/U0/inst_blk_mem_gen/gnbram.gnativebmg.native_blk_mem_gen/valid.cstr/ramloop[0].ram.r/prim_noinit.ram/addrb[2]) which is driven by a register (design_1_i/xdma_0/inst/design_1_xdma_0_2_pcie2_to_pcie3_wrapper_i/pcie2_ip_i/U0/inst/user_reset_out_reg) that has an active asychronous set or reset. This may cause corruption of the memory contents and/or read values when the set/reset is asserted and is not analyzed by the default static timing analysis. It is suggested to eliminate the use of a set/reset to registers driving this RAMB pin or else use a synchronous reset in which the assertion of the reset is timed by default.
WARNING: [DRC REQP-1839] RAMB36 async control check: The RAMB36E1 design_1_i/xdma_0/inst/ram_top/MASTER_READ_BRAM/genblk1[0].u_buffermem/U0/inst_blk_mem_gen/gnbram.gnativebmg.native_blk_mem_gen/valid.cstr/ramloop[0].ram.r/prim_noinit.ram/DEVICE_7SERIES.NO_BMM_INFO.SDP.WIDE_PRIM36_NO_ECC.ram has an input control pin design_1_i/xdma_0/inst/ram_top/MASTER_READ_BRAM/genblk1[0].u_buffermem/U0/inst_blk_mem_gen/gnbram.gnativebmg.native_blk_mem_gen/valid.cstr/ramloop[0].ram.r/prim_noinit.ram/DEVICE_7SERIES.NO_BMM_INFO.SDP.WIDE_PRIM36_NO_ECC.ram/ADDRARDADDR[9] (net: design_1_i/xdma_0/inst/ram_top/MASTER_READ_BRAM/genblk1[0].u_buffermem/U0/inst_blk_mem_gen/gnbram.gnativebmg.native_blk_mem_gen/valid.cstr/ramloop[0].ram.r/prim_noinit.ram/addrb[3]) which is driven by a register (design_1_i/xdma_0/inst/design_1_xdma_0_2_pcie2_to_pcie3_wrapper_i/pcie2_ip_i/U0/inst/user_reset_out_reg) that has an active asychronous set or reset. This may cause corruption of the memory contents and/or read values when the set/reset is asserted and is not analyzed by the default static timing analysis. It is suggested to eliminate the use of a set/reset to registers driving this RAMB pin or else use a synchronous reset in which the assertion of the reset is timed by default.
WARNING: [DRC REQP-1839] RAMB36 async control check: The RAMB36E1 design_1_i/xdma_0/inst/ram_top/MASTER_READ_BRAM/genblk1[0].u_buffermem/U0/inst_blk_mem_gen/gnbram.gnativebmg.native_blk_mem_gen/valid.cstr/ramloop[0].ram.r/prim_noinit.ram/DEVICE_7SERIES.NO_BMM_INFO.SDP.WIDE_PRIM36_NO_ECC.ram has an input control pin design_1_i/xdma_0/inst/ram_top/MASTER_READ_BRAM/genblk1[0].u_buffermem/U0/inst_blk_mem_gen/gnbram.gnativebmg.native_blk_mem_gen/valid.cstr/ramloop[0].ram.r/prim_noinit.ram/DEVICE_7SERIES.NO_BMM_INFO.SDP.WIDE_PRIM36_NO_ECC.ram/ENARDEN (net: design_1_i/xdma_0/inst/ram_top/MASTER_READ_BRAM/genblk1[0].u_buffermem/U0/inst_blk_mem_gen/gnbram.gnativebmg.native_blk_mem_gen/valid.cstr/ramloop[0].ram.r/prim_noinit.ram/DEVICE_7SERIES.NO_BMM_INFO.SDP.WIDE_PRIM36_NO_ECC.ram_ENARDEN_cooolgate_en_sig_58) which is driven by a register (design_1_i/xdma_0/inst/design_1_xdma_0_2_pcie2_to_pcie3_wrapper_i/pcie2_ip_i/U0/inst/user_reset_out_reg) that has an active asychronous set or reset. This may cause corruption of the memory contents and/or read values when the set/reset is asserted and is not analyzed by the default static timing analysis. It is suggested to eliminate the use of a set/reset to registers driving this RAMB pin or else use a synchronous reset in which the assertion of the reset is timed by default.
WARNING: [DRC REQP-1839] RAMB36 async control check: The RAMB36E1 design_1_i/xdma_0/inst/ram_top/MASTER_READ_BRAM/genblk1[0].u_buffermem/U0/inst_blk_mem_gen/gnbram.gnativebmg.native_blk_mem_gen/valid.cstr/ramloop[0].ram.r/prim_noinit.ram/DEVICE_7SERIES.NO_BMM_INFO.SDP.WIDE_PRIM36_NO_ECC.ram has an input control pin design_1_i/xdma_0/inst/ram_top/MASTER_READ_BRAM/genblk1[0].u_buffermem/U0/inst_blk_mem_gen/gnbram.gnativebmg.native_blk_mem_gen/valid.cstr/ramloop[0].ram.r/prim_noinit.ram/DEVICE_7SERIES.NO_BMM_INFO.SDP.WIDE_PRIM36_NO_ECC.ram/ENARDEN (net: design_1_i/xdma_0/inst/ram_top/MASTER_READ_BRAM/genblk1[0].u_buffermem/U0/inst_blk_mem_gen/gnbram.gnativebmg.native_blk_mem_gen/valid.cstr/ramloop[0].ram.r/prim_noinit.ram/DEVICE_7SERIES.NO_BMM_INFO.SDP.WIDE_PRIM36_NO_ECC.ram_ENARDEN_cooolgate_en_sig_58) which is driven by a register (design_1_i/xdma_0/inst/udma_wrapper/dma_top/user_rst_n_2ff_reg[0]) that has an active asychronous set or reset. This may cause corruption of the memory contents and/or read values when the set/reset is asserted and is not analyzed by the default static timing analysis. It is suggested to eliminate the use of a set/reset to registers driving this RAMB pin or else use a synchronous reset in which the assertion of the reset is timed by default.
WARNING: [DRC REQP-1839] RAMB36 async control check: The RAMB36E1 design_1_i/xdma_0/inst/ram_top/MASTER_READ_BRAM/genblk1[0].u_buffermem/U0/inst_blk_mem_gen/gnbram.gnativebmg.native_blk_mem_gen/valid.cstr/ramloop[0].ram.r/prim_noinit.ram/DEVICE_7SERIES.NO_BMM_INFO.SDP.WIDE_PRIM36_NO_ECC.ram has an input control pin design_1_i/xdma_0/inst/ram_top/MASTER_READ_BRAM/genblk1[0].u_buffermem/U0/inst_blk_mem_gen/gnbram.gnativebmg.native_blk_mem_gen/valid.cstr/ramloop[0].ram.r/prim_noinit.ram/DEVICE_7SERIES.NO_BMM_INFO.SDP.WIDE_PRIM36_NO_ECC.ram/ENARDEN (net: design_1_i/xdma_0/inst/ram_top/MASTER_READ_BRAM/genblk1[0].u_buffermem/U0/inst_blk_mem_gen/gnbram.gnativebmg.native_blk_mem_gen/valid.cstr/ramloop[0].ram.r/prim_noinit.ram/DEVICE_7SERIES.NO_BMM_INFO.SDP.WIDE_PRIM36_NO_ECC.ram_ENARDEN_cooolgate_en_sig_58) which is driven by a register (design_1_i/xdma_0/inst/udma_wrapper/dma_top/user_rst_n_3ff_reg[0]) that has an active asychronous set or reset. This may cause corruption of the memory contents and/or read values when the set/reset is asserted and is not analyzed by the default static timing analysis. It is suggested to eliminate the use of a set/reset to registers driving this RAMB pin or else use a synchronous reset in which the assertion of the reset is timed by default.
WARNING: [DRC REQP-1839] RAMB36 async control check: The RAMB36E1 design_1_i/xdma_0/inst/ram_top/gen_c2h_bram.C2H_DAT0_FIFO/genblk1[0].u_buffermem/U0/inst_blk_mem_gen/gnbram.gnativebmg.native_blk_mem_gen/valid.cstr/ramloop[0].ram.r/prim_noinit.ram/DEVICE_7SERIES.NO_BMM_INFO.SDP.WIDE_PRIM36_NO_ECC.ram has an input control pin design_1_i/xdma_0/inst/ram_top/gen_c2h_bram.C2H_DAT0_FIFO/genblk1[0].u_buffermem/U0/inst_blk_mem_gen/gnbram.gnativebmg.native_blk_mem_gen/valid.cstr/ramloop[0].ram.r/prim_noinit.ram/DEVICE_7SERIES.NO_BMM_INFO.SDP.WIDE_PRIM36_NO_ECC.ram/ENARDEN (net: design_1_i/xdma_0/inst/ram_top/gen_c2h_bram.C2H_DAT0_FIFO/genblk1[0].u_buffermem/U0/inst_blk_mem_gen/gnbram.gnativebmg.native_blk_mem_gen/valid.cstr/ramloop[0].ram.r/prim_noinit.ram/DEVICE_7SERIES.NO_BMM_INFO.SDP.WIDE_PRIM36_NO_ECC.ram_ENARDEN_cooolgate_en_sig_59) which is driven by a register (design_1_i/xdma_0/inst/udma_wrapper/dma_top/dma_enable.vul_dma/pcie_c2h_rst_3ff_reg[0]_rep__2) that has an active asychronous set or reset. This may cause corruption of the memory contents and/or read values when the set/reset is asserted and is not analyzed by the default static timing analysis. It is suggested to eliminate the use of a set/reset to registers driving this RAMB pin or else use a synchronous reset in which the assertion of the reset is timed by default.
WARNING: [DRC REQP-1839] RAMB36 async control check: The RAMB36E1 design_1_i/xdma_0/inst/ram_top/gen_c2h_bram.C2H_DAT0_FIFO/genblk1[0].u_buffermem/U0/inst_blk_mem_gen/gnbram.gnativebmg.native_blk_mem_gen/valid.cstr/ramloop[0].ram.r/prim_noinit.ram/DEVICE_7SERIES.NO_BMM_INFO.SDP.WIDE_PRIM36_NO_ECC.ram has an input control pin design_1_i/xdma_0/inst/ram_top/gen_c2h_bram.C2H_DAT0_FIFO/genblk1[0].u_buffermem/U0/inst_blk_mem_gen/gnbram.gnativebmg.native_blk_mem_gen/valid.cstr/ramloop[0].ram.r/prim_noinit.ram/DEVICE_7SERIES.NO_BMM_INFO.SDP.WIDE_PRIM36_NO_ECC.ram/ENARDEN (net: design_1_i/xdma_0/inst/ram_top/gen_c2h_bram.C2H_DAT0_FIFO/genblk1[0].u_buffermem/U0/inst_blk_mem_gen/gnbram.gnativebmg.native_blk_mem_gen/valid.cstr/ramloop[0].ram.r/prim_noinit.ram/DEVICE_7SERIES.NO_BMM_INFO.SDP.WIDE_PRIM36_NO_ECC.ram_ENARDEN_cooolgate_en_sig_59) which is driven by a register (design_1_i/xdma_0/inst/udma_wrapper/dma_top/dma_enable.vul_dma/pcie_rst_2ff_reg[0]) that has an active asychronous set or reset. This may cause corruption of the memory contents and/or read values when the set/reset is asserted and is not analyzed by the default static timing analysis. It is suggested to eliminate the use of a set/reset to registers driving this RAMB pin or else use a synchronous reset in which the assertion of the reset is timed by default.
WARNING: [DRC REQP-1840] RAMB18 async control check: The RAMB18E1 design_1_i/xdma_0/inst/design_1_xdma_0_2_pcie2_to_pcie3_wrapper_i/design_1_xdma_0_2_axi_stream_intf_i/design_1_xdma_0_2_rx_demux_i/dma_cpl_fifo_inst/U0/inst_fifo_gen/gaxis_fifo.gaxisf.axisf/grf.rf/gntv_or_sync_fifo.mem/gbm.gbmg.gbmga.ngecc.bmg/inst_blk_mem_gen/gnbram.gnativebmg.native_blk_mem_gen/valid.cstr/ramloop[0].ram.r/prim_noinit.ram/DEVICE_7SERIES.NO_BMM_INFO.SDP.WIDE_PRIM18.ram has an input control pin design_1_i/xdma_0/inst/design_1_xdma_0_2_pcie2_to_pcie3_wrapper_i/design_1_xdma_0_2_axi_stream_intf_i/design_1_xdma_0_2_rx_demux_i/dma_cpl_fifo_inst/U0/inst_fifo_gen/gaxis_fifo.gaxisf.axisf/grf.rf/gntv_or_sync_fifo.mem/gbm.gbmg.gbmga.ngecc.bmg/inst_blk_mem_gen/gnbram.gnativebmg.native_blk_mem_gen/valid.cstr/ramloop[0].ram.r/prim_noinit.ram/DEVICE_7SERIES.NO_BMM_INFO.SDP.WIDE_PRIM18.ram/ENARDEN (net: design_1_i/xdma_0/inst/design_1_xdma_0_2_pcie2_to_pcie3_wrapper_i/design_1_xdma_0_2_axi_stream_intf_i/design_1_xdma_0_2_rx_demux_i/dma_cpl_fifo_inst/U0/inst_fifo_gen/gaxis_fifo.gaxisf.axisf/grf.rf/gntv_or_sync_fifo.mem/gbm.gbmg.gbmga.ngecc.bmg/inst_blk_mem_gen/gnbram.gnativebmg.native_blk_mem_gen/valid.cstr/ramloop[0].ram.r/prim_noinit.ram/DEVICE_7SERIES.NO_BMM_INFO.SDP.WIDE_PRIM18.ram_ENARDEN_cooolgate_en_sig_7) which is driven by a register (design_1_i/xdma_0/inst/design_1_xdma_0_2_pcie2_to_pcie3_wrapper_i/design_1_xdma_0_2_axi_stream_intf_i/design_1_xdma_0_2_rx_demux_i/dma_cpl_fifo_inst/U0/inst_fifo_gen/gaxis_fifo.gaxisf.axisf/grf.rf/gntv_or_sync_fifo.gl0.rd/gr1.gr1_int.rfwft/gfwft_rst_done.fwft_rst_done_reg) that has an active asychronous set or reset. This may cause corruption of the memory contents and/or read values when the set/reset is asserted and is not analyzed by the default static timing analysis. It is suggested to eliminate the use of a set/reset to registers driving this RAMB pin or else use a synchronous reset in which the assertion of the reset is timed by default.
WARNING: [DRC REQP-1840] RAMB18 async control check: The RAMB18E1 design_1_i/xdma_0/inst/design_1_xdma_0_2_pcie2_to_pcie3_wrapper_i/design_1_xdma_0_2_axi_stream_intf_i/design_1_xdma_0_2_rx_demux_i/dma_cpl_fifo_inst/U0/inst_fifo_gen/gaxis_fifo.gaxisf.axisf/grf.rf/gntv_or_sync_fifo.mem/gbm.gbmg.gbmga.ngecc.bmg/inst_blk_mem_gen/gnbram.gnativebmg.native_blk_mem_gen/valid.cstr/ramloop[0].ram.r/prim_noinit.ram/DEVICE_7SERIES.NO_BMM_INFO.SDP.WIDE_PRIM18.ram has an input control pin design_1_i/xdma_0/inst/design_1_xdma_0_2_pcie2_to_pcie3_wrapper_i/design_1_xdma_0_2_axi_stream_intf_i/design_1_xdma_0_2_rx_demux_i/dma_cpl_fifo_inst/U0/inst_fifo_gen/gaxis_fifo.gaxisf.axisf/grf.rf/gntv_or_sync_fifo.mem/gbm.gbmg.gbmga.ngecc.bmg/inst_blk_mem_gen/gnbram.gnativebmg.native_blk_mem_gen/valid.cstr/ramloop[0].ram.r/prim_noinit.ram/DEVICE_7SERIES.NO_BMM_INFO.SDP.WIDE_PRIM18.ram/ENARDEN (net: design_1_i/xdma_0/inst/design_1_xdma_0_2_pcie2_to_pcie3_wrapper_i/design_1_xdma_0_2_axi_stream_intf_i/design_1_xdma_0_2_rx_demux_i/dma_cpl_fifo_inst/U0/inst_fifo_gen/gaxis_fifo.gaxisf.axisf/grf.rf/gntv_or_sync_fifo.mem/gbm.gbmg.gbmga.ngecc.bmg/inst_blk_mem_gen/gnbram.gnativebmg.native_blk_mem_gen/valid.cstr/ramloop[0].ram.r/prim_noinit.ram/DEVICE_7SERIES.NO_BMM_INFO.SDP.WIDE_PRIM18.ram_ENARDEN_cooolgate_en_sig_7) which is driven by a register (design_1_i/xdma_0/inst/design_1_xdma_0_2_pcie2_to_pcie3_wrapper_i/pcie2_ip_i/U0/inst/user_reset_out_reg) that has an active asychronous set or reset. This may cause corruption of the memory contents and/or read values when the set/reset is asserted and is not analyzed by the default static timing analysis. It is suggested to eliminate the use of a set/reset to registers driving this RAMB pin or else use a synchronous reset in which the assertion of the reset is timed by default.
INFO: [Vivado_Tcl 4-198] DRC finished with 0 Errors, 23 Warnings
INFO: [Vivado_Tcl 4-199] Please refer to the DRC report (report_drc) for more information.

Starting Placer Task
INFO: [Place 46-5] The placer was invoked with the 'Explore' directive.
INFO: [Place 30-611] Multithreading enabled for place_design using a maximum of 8 CPUs

Phase 1 Placer Initialization

Phase 1.1 Placer Initialization Netlist Sorting
Netlist sorting complete. Time (s): cpu = 00:00:00 ; elapsed = 00:00:00.01 . Memory (MB): peak = 5172.281 ; gain = 0.000 ; free physical = 17590 ; free virtual = 30791
Phase 1.1 Placer Initialization Netlist Sorting | Checksum: 1d2c676ff

Time (s): cpu = 00:00:00.03 ; elapsed = 00:00:00.04 . Memory (MB): peak = 5172.281 ; gain = 0.000 ; free physical = 17590 ; free virtual = 30791
INFO: [Opt 31-138] Pushed 0 inverter(s) to 0 load pin(s).
Netlist sorting complete. Time (s): cpu = 00:00:00.01 ; elapsed = 00:00:00.01 . Memory (MB): peak = 5172.281 ; gain = 0.000 ; free physical = 17747 ; free virtual = 30949

Phase 1.2 IO Placement/ Clock Placement/ Build Placer Device
INFO: [Timing 38-35] Done setting XDC timing constraints.
Phase 1.2 IO Placement/ Clock Placement/ Build Placer Device | Checksum: 169ebf967

Time (s): cpu = 00:00:12 ; elapsed = 00:00:07 . Memory (MB): peak = 5172.281 ; gain = 0.000 ; free physical = 17565 ; free virtual = 30767

Phase 1.3 Build Placer Netlist Model
Phase 1.3 Build Placer Netlist Model | Checksum: 2074d65d5

Time (s): cpu = 00:00:31 ; elapsed = 00:00:16 . Memory (MB): peak = 5172.281 ; gain = 0.000 ; free physical = 17051 ; free virtual = 30253

Phase 1.4 Constrain Clocks/Macros
Phase 1.4 Constrain Clocks/Macros | Checksum: 2074d65d5

Time (s): cpu = 00:00:32 ; elapsed = 00:00:16 . Memory (MB): peak = 5172.281 ; gain = 0.000 ; free physical = 17051 ; free virtual = 30253
Phase 1 Placer Initialization | Checksum: 2074d65d5

Time (s): cpu = 00:00:32 ; elapsed = 00:00:17 . Memory (MB): peak = 5172.281 ; gain = 0.000 ; free physical = 17051 ; free virtual = 30253

Phase 2 Global Placement

Phase 2.1 Floorplanning
Phase 2.1 Floorplanning | Checksum: 1e6dc8831

Time (s): cpu = 00:00:39 ; elapsed = 00:00:19 . Memory (MB): peak = 5172.281 ; gain = 0.000 ; free physical = 17062 ; free virtual = 30263

Phase 2.2 Global Placement Core

Phase 2.2.1 Physical Synthesis In Placer
INFO: [Physopt 32-1035] Found 13 LUTNM shape to break, 6027 LUT instances to create LUTNM shape
INFO: [Physopt 32-1044] Break lutnm for timing: one critical 12, two critical 1, total 13, new lutff created 0
INFO: [Physopt 32-775] End 1 Pass. Optimized 2606 nets or cells. Created 13 new cells, deleted 2593 existing cells and moved 0 existing cell
INFO: [Physopt 32-1022] Very high fanout net 'design_1_i/mig_7series_0/u_design_1_mig_7series_0_3_mig/c0_u_memc_ui_top_axi/mem_intfc0/mc0/col_mach0/ADDRD[1]' has -through timing constraint at pin '' or its immediate connected net. To preserve -through timing constraint its fanout number considered in optimization is changed from 1391 to 181 and it is not considered a very high fanout net anymore. Please consider modifying/removing the '-through' timing constraint on the net segment or hierarchy pin.
INFO: [Physopt 32-1022] Very high fanout net 'design_1_i/mig_7series_0/u_design_1_mig_7series_0_3_mig/c0_u_memc_ui_top_axi/mem_intfc0/mc0/col_mach0/ADDRD[2]' has -through timing constraint at pin '' or its immediate connected net. To preserve -through timing constraint its fanout number considered in optimization is changed from 1391 to 181 and it is not considered a very high fanout net anymore. Please consider modifying/removing the '-through' timing constraint on the net segment or hierarchy pin.
INFO: [Physopt 32-1022] Very high fanout net 'design_1_i/mig_7series_0/u_design_1_mig_7series_0_3_mig/c0_u_memc_ui_top_axi/mem_intfc0/mc0/col_mach0/ADDRD[3]' has -through timing constraint at pin '' or its immediate connected net. To preserve -through timing constraint its fanout number considered in optimization is changed from 1391 to 181 and it is not considered a very high fanout net anymore. Please consider modifying/removing the '-through' timing constraint on the net segment or hierarchy pin.
INFO: [Physopt 32-1022] Very high fanout net 'design_1_i/mig_7series_0/u_design_1_mig_7series_0_3_mig/c0_u_memc_ui_top_axi/mem_intfc0/mc0/col_mach0/ADDRD[4]' has -through timing constraint at pin '' or its immediate connected net. To preserve -through timing constraint its fanout number considered in optimization is changed from 1394 to 184 and it is not considered a very high fanout net anymore. Please consider modifying/removing the '-through' timing constraint on the net segment or hierarchy pin.
INFO: [Physopt 32-1022] Very high fanout net 'design_1_i/mig_7series_0/u_design_1_mig_7series_0_3_mig/c1_u_memc_ui_top_axi/mem_intfc0/mc0/col_mach0/ADDRD[1]' has -through timing constraint at pin '' or its immediate connected net. To preserve -through timing constraint its fanout number considered in optimization is changed from 1391 to 181 and it is not considered a very high fanout net anymore. Please consider modifying/removing the '-through' timing constraint on the net segment or hierarchy pin.
INFO: [Physopt 32-1022] Very high fanout net 'design_1_i/mig_7series_0/u_design_1_mig_7series_0_3_mig/c1_u_memc_ui_top_axi/mem_intfc0/mc0/col_mach0/ADDRD[2]' has -through timing constraint at pin '' or its immediate connected net. To preserve -through timing constraint its fanout number considered in optimization is changed from 1391 to 181 and it is not considered a very high fanout net anymore. Please consider modifying/removing the '-through' timing constraint on the net segment or hierarchy pin.
INFO: [Physopt 32-1022] Very high fanout net 'design_1_i/mig_7series_0/u_design_1_mig_7series_0_3_mig/c1_u_memc_ui_top_axi/mem_intfc0/mc0/col_mach0/ADDRD[3]' has -through timing constraint at pin '' or its immediate connected net. To preserve -through timing constraint its fanout number considered in optimization is changed from 1391 to 181 and it is not considered a very high fanout net anymore. Please consider modifying/removing the '-through' timing constraint on the net segment or hierarchy pin.
INFO: [Physopt 32-1022] Very high fanout net 'design_1_i/mig_7series_0/u_design_1_mig_7series_0_3_mig/c1_u_memc_ui_top_axi/mem_intfc0/mc0/col_mach0/ADDRD[4]' has -through timing constraint at pin '' or its immediate connected net. To preserve -through timing constraint its fanout number considered in optimization is changed from 1394 to 184 and it is not considered a very high fanout net anymore. Please consider modifying/removing the '-through' timing constraint on the net segment or hierarchy pin.
INFO: [Physopt 32-76] Pass 1. Identified 5 candidate nets for fanout optimization.
INFO: [Physopt 32-81] Processed net design_1_i/mig_7series_0/u_design_1_mig_7series_0_3_mig/c1_u_memc_ui_top_axi/u_axi_mc/axi_mc_w_channel_0/wready_reg_0. Replicated 11 times.
INFO: [Physopt 32-81] Processed net design_1_i/smartconnect_0/inst/s00_nodes/s00_r_node/inst/inst_si_handler/gen_si_handler.gen_arbiter_rr_normal_area.inst_arbiter/grant_i_reg[5]_0. Replicated 8 times.
INFO: [Physopt 32-81] Processed net design_1_i/mig_7series_0/u_design_1_mig_7series_0_3_mig/c1_u_memc_ui_top_axi/u_ui_top/ui_wr_data0/app_wdf_rdy. Replicated 7 times.
INFO: [Physopt 32-81] Processed net design_1_i/smartconnect_0/inst/s00_nodes/s00_r_node/inst/inst_si_handler/gen_si_handler.gen_arbiter_rr_normal_area.inst_arbiter/grant_i_reg[3]_0. Replicated 5 times.
INFO: [Physopt 32-81] Processed net design_1_i/smartconnect_0/inst/s00_nodes/s00_r_node/inst/inst_si_handler/gen_si_handler.gen_arbiter_rr_normal_area.inst_arbiter/grant_i_reg[1]_0. Replicated 5 times.
INFO: [Physopt 32-232] Optimized 5 nets. Created 36 new instances.
INFO: [Physopt 32-775] End 1 Pass. Optimized 5 nets or cells. Created 36 new cells, deleted 0 existing cell and moved 0 existing cell
Netlist sorting complete. Time (s): cpu = 00:00:00.11 ; elapsed = 00:00:00.11 . Memory (MB): peak = 5172.281 ; gain = 0.000 ; free physical = 17215 ; free virtual = 30416
INFO: [Physopt 32-456] No candidate cells for DSP register optimization found in the design.
INFO: [Physopt 32-775] End 2 Pass. Optimized 0 net or cell. Created 0 new cell, deleted 0 existing cell and moved 0 existing cell
INFO: [Physopt 32-1123] No candidate cells found for Shift Register to Pipeline optimization
INFO: [Physopt 32-775] End 1 Pass. Optimized 0 net or cell. Created 0 new cell, deleted 0 existing cell and moved 0 existing cell
INFO: [Physopt 32-677] No candidate cells for Shift Register optimization found in the design
INFO: [Physopt 32-775] End 1 Pass. Optimized 0 net or cell. Created 0 new cell, deleted 0 existing cell and moved 0 existing cell
INFO: [Physopt 32-526] No candidate cells for BRAM register optimization found in the design
INFO: [Physopt 32-775] End 1 Pass. Optimized 0 net or cell. Created 0 new cell, deleted 0 existing cell and moved 0 existing cell
INFO: [Physopt 32-846] No candidate cells for URAM register optimization found in the design
INFO: [Physopt 32-775] End 2 Pass. Optimized 0 net or cell. Created 0 new cell, deleted 0 existing cell and moved 0 existing cell
INFO: [Physopt 32-949] No candidate nets found for HD net replication
INFO: [Physopt 32-775] End 1 Pass. Optimized 0 net or cell. Created 0 new cell, deleted 0 existing cell and moved 0 existing cell
Netlist sorting complete. Time (s): cpu = 00:00:00.01 ; elapsed = 00:00:00.01 . Memory (MB): peak = 5172.281 ; gain = 0.000 ; free physical = 17217 ; free virtual = 30419

Summary of Physical Synthesis Optimizations
============================================


-----------------------------------------------------------------------------------------------------------------------------------------------------------
|  Optimization                                     |  Added Cells  |  Removed Cells  |  Optimized Cells/Nets  |  Dont Touch  |  Iterations  |  Elapsed   |
-----------------------------------------------------------------------------------------------------------------------------------------------------------
|  LUT Combining                                    |           13  |           2593  |                  2606  |           0  |           1  |  00:00:01  |
|  Very High Fanout                                 |           36  |              0  |                     5  |           0  |           1  |  00:00:01  |
|  DSP Register                                     |            0  |              0  |                     0  |           0  |           1  |  00:00:00  |
|  Shift Register to Pipeline                       |            0  |              0  |                     0  |           0  |           1  |  00:00:00  |
|  Shift Register                                   |            0  |              0  |                     0  |           0  |           1  |  00:00:00  |
|  BRAM Register                                    |            0  |              0  |                     0  |           0  |           1  |  00:00:00  |
|  URAM Register                                    |            0  |              0  |                     0  |           0  |           1  |  00:00:00  |
|  Dynamic/Static Region Interface Net Replication  |            0  |              0  |                     0  |           0  |           1  |  00:00:00  |
|  Total                                            |           49  |           2593  |                  2611  |           0  |           8  |  00:00:03  |
-----------------------------------------------------------------------------------------------------------------------------------------------------------


Phase 2.2.1 Physical Synthesis In Placer | Checksum: 2aa11970c

Time (s): cpu = 00:02:05 ; elapsed = 00:00:52 . Memory (MB): peak = 5172.281 ; gain = 0.000 ; free physical = 17142 ; free virtual = 30344
Phase 2.2 Global Placement Core | Checksum: 147054535

Time (s): cpu = 00:02:10 ; elapsed = 00:00:53 . Memory (MB): peak = 5172.281 ; gain = 0.000 ; free physical = 17130 ; free virtual = 30332
Phase 2 Global Placement | Checksum: 147054535

Time (s): cpu = 00:02:10 ; elapsed = 00:00:53 . Memory (MB): peak = 5172.281 ; gain = 0.000 ; free physical = 17190 ; free virtual = 30392

Phase 3 Detail Placement

Phase 3.1 Commit Multi Column Macros
Phase 3.1 Commit Multi Column Macros | Checksum: 144390628

Time (s): cpu = 00:02:17 ; elapsed = 00:00:55 . Memory (MB): peak = 5172.281 ; gain = 0.000 ; free physical = 17158 ; free virtual = 30360

Phase 3.2 Commit Most Macros & LUTRAMs
Phase 3.2 Commit Most Macros & LUTRAMs | Checksum: 221fc6de8

Time (s): cpu = 00:02:32 ; elapsed = 00:01:01 . Memory (MB): peak = 5172.281 ; gain = 0.000 ; free physical = 17205 ; free virtual = 30407

Phase 3.3 Area Swap Optimization
Phase 3.3 Area Swap Optimization | Checksum: 1c32d2a1d

Time (s): cpu = 00:02:33 ; elapsed = 00:01:02 . Memory (MB): peak = 5172.281 ; gain = 0.000 ; free physical = 17205 ; free virtual = 30407

Phase 3.4 Pipeline Register Optimization
Phase 3.4 Pipeline Register Optimization | Checksum: 1e666e999

Time (s): cpu = 00:02:33 ; elapsed = 00:01:02 . Memory (MB): peak = 5172.281 ; gain = 0.000 ; free physical = 17205 ; free virtual = 30407

Phase 3.5 Fast Optimization
Phase 3.5 Fast Optimization | Checksum: 2345c5618

Time (s): cpu = 00:02:44 ; elapsed = 00:01:05 . Memory (MB): peak = 5172.281 ; gain = 0.000 ; free physical = 17239 ; free virtual = 30441

Phase 3.6 Small Shape Detail Placement
Phase 3.6 Small Shape Detail Placement | Checksum: c9c2ee0e

Time (s): cpu = 00:02:59 ; elapsed = 00:01:18 . Memory (MB): peak = 5172.281 ; gain = 0.000 ; free physical = 17153 ; free virtual = 30355

Phase 3.7 Re-assign LUT pins
Phase 3.7 Re-assign LUT pins | Checksum: 13c14b2cf

Time (s): cpu = 00:03:00 ; elapsed = 00:01:20 . Memory (MB): peak = 5172.281 ; gain = 0.000 ; free physical = 17159 ; free virtual = 30361

Phase 3.8 Pipeline Register Optimization
Phase 3.8 Pipeline Register Optimization | Checksum: 1923a2a23

Time (s): cpu = 00:03:01 ; elapsed = 00:01:20 . Memory (MB): peak = 5172.281 ; gain = 0.000 ; free physical = 17164 ; free virtual = 30366
Phase 3 Detail Placement | Checksum: 1923a2a23

Time (s): cpu = 00:03:01 ; elapsed = 00:01:21 . Memory (MB): peak = 5172.281 ; gain = 0.000 ; free physical = 17164 ; free virtual = 30366

Phase 4 Post Placement Optimization and Clean-Up

Phase 4.1 Post Commit Optimization
INFO: [Timing 38-35] Done setting XDC timing constraints.

Phase 4.1.1 Post Placement Optimization
Post Placement Optimization Initialization | Checksum: f2ef5fe8

Phase 4.1.1.1 BUFG Insertion

Starting Physical Synthesis Task

Phase 1 Physical Synthesis Initialization
INFO: [Physopt 32-721] Multithreading enabled for phys_opt_design using a maximum of 8 CPUs
INFO: [Physopt 32-619] Estimated Timing Summary | WNS=-0.538 | TNS=-12.090 |
Phase 1 Physical Synthesis Initialization | Checksum: 17a858724

Time (s): cpu = 00:00:05 ; elapsed = 00:00:01 . Memory (MB): peak = 5172.281 ; gain = 0.000 ; free physical = 17123 ; free virtual = 30325
INFO: [Place 46-33] Processed net design_1_i/xdma_0/inst/udma_wrapper/dma_top/dma_pcie_req/dma_pcie_rc/u_dma_rc_mem_pfch/SR[0], BUFG insertion was skipped due to placement/routing conflicts.
INFO: [Place 46-56] BUFG insertion identified 1 candidate nets. Inserted BUFG: 0, Replicated BUFG Driver: 0, Skipped due to Placement/Routing Conflicts: 1, Skipped due to Timing Degradation: 0, Skipped due to Illegal Netlist: 0.
Ending Physical Synthesis Task | Checksum: 129b183be

Time (s): cpu = 00:00:06 ; elapsed = 00:00:02 . Memory (MB): peak = 5172.281 ; gain = 0.000 ; free physical = 17122 ; free virtual = 30324
Phase 4.1.1.1 BUFG Insertion | Checksum: f2ef5fe8

Time (s): cpu = 00:03:29 ; elapsed = 00:01:30 . Memory (MB): peak = 5172.281 ; gain = 0.000 ; free physical = 17127 ; free virtual = 30329
INFO: [Place 30-746] Post Placement Timing Summary WNS=-0.011. For the most accurate timing information please run report_timing.
Phase 4.1.1 Post Placement Optimization | Checksum: ded2a580

Time (s): cpu = 00:03:59 ; elapsed = 00:01:47 . Memory (MB): peak = 5172.281 ; gain = 0.000 ; free physical = 16975 ; free virtual = 30204
Phase 4.1 Post Commit Optimization | Checksum: ded2a580

Time (s): cpu = 00:04:00 ; elapsed = 00:01:47 . Memory (MB): peak = 5172.281 ; gain = 0.000 ; free physical = 16916 ; free virtual = 30138

Phase 4.2 Post Placement Cleanup
Phase 4.2 Post Placement Cleanup | Checksum: ded2a580

Time (s): cpu = 00:04:01 ; elapsed = 00:01:48 . Memory (MB): peak = 5172.281 ; gain = 0.000 ; free physical = 16927 ; free virtual = 30150

Phase 4.3 Placer Reporting
Phase 4.3 Placer Reporting | Checksum: ded2a580

Time (s): cpu = 00:04:01 ; elapsed = 00:01:48 . Memory (MB): peak = 5172.281 ; gain = 0.000 ; free physical = 16846 ; free virtual = 30068

Phase 4.4 Final Placement Cleanup
Netlist sorting complete. Time (s): cpu = 00:00:00.01 ; elapsed = 00:00:00.01 . Memory (MB): peak = 5172.281 ; gain = 0.000 ; free physical = 16846 ; free virtual = 30068
Phase 4.4 Final Placement Cleanup | Checksum: 124e5c321

Time (s): cpu = 00:04:02 ; elapsed = 00:01:49 . Memory (MB): peak = 5172.281 ; gain = 0.000 ; free physical = 16859 ; free virtual = 30078
Phase 4 Post Placement Optimization and Clean-Up | Checksum: 124e5c321

Time (s): cpu = 00:04:02 ; elapsed = 00:01:49 . Memory (MB): peak = 5172.281 ; gain = 0.000 ; free physical = 16860 ; free virtual = 30081
Ending Placer Task | Checksum: b1aaae22

Time (s): cpu = 00:04:02 ; elapsed = 00:01:49 . Memory (MB): peak = 5172.281 ; gain = 0.000 ; free physical = 16866 ; free virtual = 30088
INFO: [Common 17-83] Releasing license: Implementation
136 Infos, 24 Warnings, 0 Critical Warnings and 0 Errors encountered.
place_design completed successfully
place_design: Time (s): cpu = 00:04:07 ; elapsed = 00:01:52 . Memory (MB): peak = 5172.281 ; gain = 0.000 ; free physical = 17059 ; free virtual = 30280
INFO: [Timing 38-480] Writing timing data to binary archive.
Writing placer database...
Writing XDEF routing.
Writing XDEF routing logical nets.
Writing XDEF routing special nets.
Write XDEF Complete: Time (s): cpu = 00:00:09 ; elapsed = 00:00:03 . Memory (MB): peak = 5172.281 ; gain = 0.000 ; free physical = 16819 ; free virtual = 30275
INFO: [Common 17-1381] The checkpoint '/home/dipen/Kintex7/BasictTest/BasictTest.runs/impl_1/design_1_wrapper_placed.dcp' has been generated.
write_checkpoint: Time (s): cpu = 00:00:24 ; elapsed = 00:00:17 . Memory (MB): peak = 5172.281 ; gain = 0.000 ; free physical = 16894 ; free virtual = 30171
INFO: [runtcl-4] Executing : report_io -file design_1_wrapper_io_placed.rpt
report_io: Time (s): cpu = 00:00:00.09 ; elapsed = 00:00:00.16 . Memory (MB): peak = 5172.281 ; gain = 0.000 ; free physical = 16878 ; free virtual = 30156
INFO: [runtcl-4] Executing : report_utilization -file design_1_wrapper_utilization_placed.rpt -pb design_1_wrapper_utilization_placed.pb
INFO: [runtcl-4] Executing : report_control_sets -verbose -file design_1_wrapper_control_sets_placed.rpt
report_control_sets: Time (s): cpu = 00:00:00.24 ; elapsed = 00:00:00.33 . Memory (MB): peak = 5172.281 ; gain = 0.000 ; free physical = 16913 ; free virtual = 30193
Command: phys_opt_design -directive Explore
Attempting to get a license for feature 'Implementation' and/or device 'xc7k480t'
INFO: [Common 17-349] Got license for feature 'Implementation' and/or device 'xc7k480t'
INFO: [Vivado_Tcl 4-137] Directive used for phys_opt_design is: Explore
Netlist sorting complete. Time (s): cpu = 00:00:00.01 ; elapsed = 00:00:00.01 . Memory (MB): peak = 5172.281 ; gain = 0.000 ; free physical = 16898 ; free virtual = 30184

Starting Physical Synthesis Task

Phase 1 Physical Synthesis Initialization
INFO: [Physopt 32-721] Multithreading enabled for phys_opt_design using a maximum of 8 CPUs
INFO: [Physopt 32-619] Estimated Timing Summary | WNS=-0.011 | TNS=-0.011 |
Phase 1 Physical Synthesis Initialization | Checksum: 2659760b3

Time (s): cpu = 00:00:19 ; elapsed = 00:00:05 . Memory (MB): peak = 5172.281 ; gain = 0.000 ; free physical = 16792 ; free virtual = 30097

Phase 2 SLR Crossing Optimization
Phase 2 SLR Crossing Optimization | Checksum: 2659760b3

Time (s): cpu = 00:00:19 ; elapsed = 00:00:05 . Memory (MB): peak = 5172.281 ; gain = 0.000 ; free physical = 16770 ; free virtual = 30080
INFO: [Physopt 32-619] Estimated Timing Summary | WNS=-0.011 | TNS=-0.011 |

Phase 3 Fanout Optimization
INFO: [Physopt 32-76] Pass 1. Identified 9 candidate nets for fanout optimization.
INFO: [Physopt 32-81] Processed net design_1_i/smartconnect_0/inst/s00_nodes/s00_w_node/inst/inst_si_handler/arb_stall_r_reg_1. Replicated 1 times.
INFO: [Physopt 32-601] Processed net design_1_i/smartconnect_0/inst/s00_nodes/s00_w_node/inst/inst_si_handler/arb_stall_r_reg_4. Net driver design_1_i/smartconnect_0/inst/s00_nodes/s00_w_node/inst/inst_si_handler/gen_w_ch.accum[bytes][24][userdata][7]_i_1 was replaced.
INFO: [Physopt 32-81] Processed net design_1_i/xdma_0/inst/udma_wrapper/dma_top/dma_enable.vul_dma/WR/gen_rdwr_loop[1].gen_rdwr_eng.RDWR_INST/dsc_radr_nn1_reg[0]_CE_cooolgate_en_sig_92. Replicated 2 times.
INFO: [Physopt 32-81] Processed net design_1_i/smartconnect_0/inst/s00_nodes/s00_w_node/inst/inst_si_handler/arb_stall_r_reg_5. Replicated 1 times.
INFO: [Physopt 32-81] Processed net design_1_i/smartconnect_0/inst/m00_nodes/m00_r_node/inst/inst_si_handler/arb_stall_r_reg_3[0]. Replicated 1 times.
INFO: [Physopt 32-572] Net design_1_i/xdma_0/inst/udma_wrapper/dma_top/dma_pcie_req/axidma_rrq_arb/Fifowhead.fifoInfo/Head[122]_i_1__3_n_0 was not replicated.
Resolution: phys_opt_design can be forced to replicate a net driver using the option -force_replication_on_nets <list of net objects>.
INFO: [Physopt 32-572] Net design_1_i/xdma_0/inst/udma_wrapper/dma_top/dma_enable.vul_dma/dsc_eng.DSC/chn_rrq_adr_nn1_reg[0][10]_CE_cooolgate_en_sig_100 was not replicated.
Resolution: phys_opt_design can be forced to replicate a net driver using the option -force_replication_on_nets <list of net objects>.
INFO: [Physopt 32-81] Processed net design_1_i/smartconnect_0/inst/m00_nodes/m00_r_node/inst/inst_si_handler/arb_stall_r_reg_1[0]. Replicated 1 times.
INFO: [Physopt 32-572] Net design_1_i/xdma_0/inst/udma_wrapper/dma_top/dma_enable.vul_dma/RD/gen_rdwr_loop[0].gen_rdwr_eng.RDWR_INST/DSC_FIFO/Head[158]_i_1__1_n_0 was not replicated.
Resolution: phys_opt_design can be forced to replicate a net driver using the option -force_replication_on_nets <list of net objects>.
INFO: [Physopt 32-232] Optimized 6 nets. Created 6 new instances.
INFO: [Physopt 32-775] End 1 Pass. Optimized 6 nets or cells. Created 6 new cells, deleted 0 existing cell and moved 0 existing cell
INFO: [Physopt 32-619] Estimated Timing Summary | WNS=-0.011 | TNS=-0.011 |
Netlist sorting complete. Time (s): cpu = 00:00:00.03 ; elapsed = 00:00:00.03 . Memory (MB): peak = 5172.281 ; gain = 0.000 ; free physical = 16775 ; free virtual = 30084
Phase 3 Fanout Optimization | Checksum: 17ff5e79c

Time (s): cpu = 00:00:24 ; elapsed = 00:00:07 . Memory (MB): peak = 5172.281 ; gain = 0.000 ; free physical = 16775 ; free virtual = 30084

Phase 4 Single Cell Placement Optimization
INFO: [Physopt 32-660] Identified 250 candidate nets for placement-based optimization.
INFO: [Physopt 32-662] Processed net design_1_i/xdma_0/inst/udma_wrapper/dma_top/dma_pcie_req/dma_pcie_rq/rreq_64blen0.  Did not re-place instance design_1_i/xdma_0/inst/udma_wrapper/dma_top/dma_pcie_req/dma_pcie_rq/rreq_head_info_ff[1][rcb][4]_i_3
INFO: [Physopt 32-662] Processed net design_1_i/xdma_0/inst/udma_wrapper/dma_top/dma_pcie_req/dma_pcie_rq/rreq_head_info_ff[1][rcb][7]_i_5_n_0.  Did not re-place instance design_1_i/xdma_0/inst/udma_wrapper/dma_top/dma_pcie_req/dma_pcie_rq/rreq_head_info_ff[1][rcb][7]_i_5
INFO: [Physopt 32-663] Processed net design_1_i/xdma_0/inst/udma_wrapper/dma_top/dma_pcie_req/axidma_rrq_arb/Fifowhead.fifoInfo/arb_rrq_pay[18].  Re-placed instance design_1_i/xdma_0/inst/udma_wrapper/dma_top/dma_pcie_req/axidma_rrq_arb/Fifowhead.fifoInfo/Head_reg[18]
INFO: [Physopt 32-662] Processed net design_1_i/xdma_0/inst/udma_wrapper/dma_top/dma_pcie_req/dma_pcie_rq/rreq_head_info_ff[1][rcb][6]_i_1_n_0.  Did not re-place instance design_1_i/xdma_0/inst/udma_wrapper/dma_top/dma_pcie_req/dma_pcie_rq/rreq_head_info_ff[1][rcb][6]_i_1
INFO: [Physopt 32-662] Processed net design_1_i/xdma_0/inst/udma_wrapper/dma_top/dma_pcie_req/dma_pcie_rq/RQ_FIFO/rreq_head_info_nxt[0][rcb][6].  Did not re-place instance design_1_i/xdma_0/inst/udma_wrapper/dma_top/dma_pcie_req/dma_pcie_rq/RQ_FIFO/rreq_head_info_ff[0][rcb][6]_i_1
INFO: [Physopt 32-662] Processed net design_1_i/xdma_0/inst/udma_wrapper/dma_top/dma_pcie_req/axidma_rrq_arb/Fifowhead.fifoInfo/rreq_head_info_ff[1][rcb][4]_i_10_n_0.  Did not re-place instance design_1_i/xdma_0/inst/udma_wrapper/dma_top/dma_pcie_req/axidma_rrq_arb/Fifowhead.fifoInfo/rreq_head_info_ff[1][rcb][4]_i_10
INFO: [Physopt 32-662] Processed net design_1_i/xdma_0/inst/udma_wrapper/dma_top/dma_pcie_req/dma_pcie_rq/rreq_head_rcb_ok_ff[1]_i_5_n_0.  Did not re-place instance design_1_i/xdma_0/inst/udma_wrapper/dma_top/dma_pcie_req/dma_pcie_rq/rreq_head_rcb_ok_ff[1]_i_5
INFO: [Physopt 32-662] Processed net design_1_i/xdma_0/inst/udma_wrapper/dma_top/dma_pcie_req/dma_pcie_rq/rreq_head_rcb_ok_ff_reg_n_0_[1].  Did not re-place instance design_1_i/xdma_0/inst/udma_wrapper/dma_top/dma_pcie_req/dma_pcie_rq/rreq_head_rcb_ok_ff_reg[1]
INFO: [Physopt 32-662] Processed net design_1_i/xdma_0/inst/udma_wrapper/dma_top/dma_pcie_req/dma_pcie_rq/rreq_head_info_ff[1][rcb][3]_i_1_n_0.  Did not re-place instance design_1_i/xdma_0/inst/udma_wrapper/dma_top/dma_pcie_req/dma_pcie_rq/rreq_head_info_ff[1][rcb][3]_i_1
INFO: [Physopt 32-662] Processed net design_1_i/xdma_0/inst/udma_wrapper/dma_top/dma_pcie_req/dma_pcie_rq/RQ_FIFO/rreq_head_info_nxt[0][rcb][3].  Did not re-place instance design_1_i/xdma_0/inst/udma_wrapper/dma_top/dma_pcie_req/dma_pcie_rq/RQ_FIFO/rreq_head_info_ff[0][rcb][3]_i_1
INFO: [Physopt 32-662] Processed net design_1_i/xdma_0/inst/udma_wrapper/dma_top/dma_pcie_req/dma_pcie_rq/rreq_head_info_ff[1][rcb][1]_i_1_n_0.  Did not re-place instance design_1_i/xdma_0/inst/udma_wrapper/dma_top/dma_pcie_req/dma_pcie_rq/rreq_head_info_ff[1][rcb][1]_i_1
INFO: [Physopt 32-662] Processed net design_1_i/xdma_0/inst/udma_wrapper/dma_top/dma_pcie_req/dma_pcie_rq/RQ_FIFO/rreq_head_info_nxt[0][rcb][1].  Did not re-place instance design_1_i/xdma_0/inst/udma_wrapper/dma_top/dma_pcie_req/dma_pcie_rq/RQ_FIFO/rreq_head_info_ff[0][rcb][1]_i_1
INFO: [Physopt 32-662] Processed net design_1_i/xdma_0/inst/udma_wrapper/dma_top/dma_pcie_req/dma_pcie_rq/rreq_head_rcb_ok_ff[1]_i_6_n_0.  Did not re-place instance design_1_i/xdma_0/inst/udma_wrapper/dma_top/dma_pcie_req/dma_pcie_rq/rreq_head_rcb_ok_ff[1]_i_6
INFO: [Physopt 32-662] Processed net design_1_i/xdma_0/inst/udma_wrapper/dma_top/dma_pcie_req/dma_pcie_rq/rreq_head_info_ff[1][rcb][7]_i_2_n_0.  Did not re-place instance design_1_i/xdma_0/inst/udma_wrapper/dma_top/dma_pcie_req/dma_pcie_rq/rreq_head_info_ff[1][rcb][7]_i_2
INFO: [Physopt 32-662] Processed net design_1_i/xdma_0/inst/udma_wrapper/dma_top/dma_pcie_req/dma_pcie_rq/RQ_FIFO/rreq_head_info_nxt[0][rcb][7].  Did not re-place instance design_1_i/xdma_0/inst/udma_wrapper/dma_top/dma_pcie_req/dma_pcie_rq/RQ_FIFO/rreq_head_info_ff[0][rcb][7]_i_1
INFO: [Physopt 32-662] Processed net design_1_i/xdma_0/inst/udma_wrapper/dma_top/dma_pcie_req/dma_pcie_rq/rreq_head_rcb_ok_ff[1]_i_3_n_0.  Did not re-place instance design_1_i/xdma_0/inst/udma_wrapper/dma_top/dma_pcie_req/dma_pcie_rq/rreq_head_rcb_ok_ff[1]_i_3
INFO: [Physopt 32-662] Processed net design_1_i/xdma_0/inst/udma_wrapper/dma_top/dma_pcie_req/dma_pcie_rq/rreq_head_info_ff[1][rcb][4]_i_1_n_0.  Did not re-place instance design_1_i/xdma_0/inst/udma_wrapper/dma_top/dma_pcie_req/dma_pcie_rq/rreq_head_info_ff[1][rcb][4]_i_1
INFO: [Physopt 32-662] Processed net design_1_i/xdma_0/inst/udma_wrapper/dma_top/dma_pcie_req/dma_pcie_rq/RQ_FIFO/rreq_head_info_nxt[0][rcb][4].  Did not re-place instance design_1_i/xdma_0/inst/udma_wrapper/dma_top/dma_pcie_req/dma_pcie_rq/RQ_FIFO/rreq_head_info_ff[0][rcb][4]_i_1
INFO: [Physopt 32-663] Processed net design_1_i/xdma_0/inst/udma_wrapper/dma_top/dma_pcie_req/dma_pcie_rq/wrq_lbe_nxt.  Re-placed instance design_1_i/xdma_0/inst/udma_wrapper/dma_top/dma_pcie_req/dma_pcie_rq/wrq_lbe_ff[3]_i_1
INFO: [Physopt 32-663] Processed net design_1_i/xdma_0/inst/udma_wrapper/dma_top/dma_pcie_req/axidma_wrq_arb/Fifowhead.fifoInfo/arb_wrq_pay[9].  Re-placed instance design_1_i/xdma_0/inst/udma_wrapper/dma_top/dma_pcie_req/axidma_wrq_arb/Fifowhead.fifoInfo/Head_reg[9]
INFO: [Physopt 32-662] Processed net design_1_i/xdma_0/inst/udma_wrapper/dma_top/dma_pcie_req/axidma_wrq_arb/Fifowhead.fifoInfo/Head_reg[14]_0.  Did not re-place instance design_1_i/xdma_0/inst/udma_wrapper/dma_top/dma_pcie_req/axidma_wrq_arb/Fifowhead.fifoInfo/wrq_fbe_ff[3]_i_2
INFO: [Physopt 32-662] Processed net design_1_i/xdma_0/inst/udma_wrapper/dma_top/dma_pcie_req/axidma_wrq_arb/Fifowhead.fifoInfo/wrq_dwlen_ff[3]_i_5_n_0.  Did not re-place instance design_1_i/xdma_0/inst/udma_wrapper/dma_top/dma_pcie_req/axidma_wrq_arb/Fifowhead.fifoInfo/wrq_dwlen_ff[3]_i_5
INFO: [Physopt 32-662] Processed net design_1_i/xdma_0/inst/udma_wrapper/dma_top/dma_pcie_req/axidma_wrq_arb/Fifowhead.fifoInfo/wrq_fbe_ff[3]_i_4_n_0.  Did not re-place instance design_1_i/xdma_0/inst/udma_wrapper/dma_top/dma_pcie_req/axidma_wrq_arb/Fifowhead.fifoInfo/wrq_fbe_ff[3]_i_4
INFO: [Physopt 32-662] Processed net design_1_i/xdma_0/inst/udma_wrapper/dma_top/dma_pcie_req/dma_pcie_rq/wtlp_hdr_499__0[90].  Did not re-place instance design_1_i/xdma_0/inst/udma_wrapper/dma_top/dma_pcie_req/dma_pcie_rq/wrq_lbe_ff_reg[0]
INFO: [Physopt 32-662] Processed net design_1_i/xdma_0/inst/udma_wrapper/dma_top/dma_pcie_req/dma_pcie_rq/wtlp_hdr_499__0[91].  Did not re-place instance design_1_i/xdma_0/inst/udma_wrapper/dma_top/dma_pcie_req/dma_pcie_rq/wrq_lbe_ff_reg[1]
INFO: [Physopt 32-662] Processed net design_1_i/xdma_0/inst/udma_wrapper/dma_top/dma_pcie_req/dma_pcie_rq/wtlp_hdr_499__0[92].  Did not re-place instance design_1_i/xdma_0/inst/udma_wrapper/dma_top/dma_pcie_req/dma_pcie_rq/wrq_lbe_ff_reg[2]
INFO: [Physopt 32-662] Processed net design_1_i/xdma_0/inst/udma_wrapper/dma_top/dma_pcie_req/dma_pcie_rq/wtlp_hdr_499__0[93].  Did not re-place instance design_1_i/xdma_0/inst/udma_wrapper/dma_top/dma_pcie_req/dma_pcie_rq/wrq_lbe_ff_reg[3]
INFO: [Physopt 32-663] Processed net design_1_i/xdma_0/inst/udma_wrapper/dma_top/dma_pcie_req/dma_pcie_rc/tlp_stg4_vld.  Re-placed instance design_1_i/xdma_0/inst/udma_wrapper/dma_top/dma_pcie_req/dma_pcie_rc/tlp_stg4_vld_reg
INFO: [Physopt 32-663] Processed net design_1_i/xdma_0/inst/udma_wrapper/dma_top/dma_pcie_req/dma_pcie_rc/u_dma_rc_mem_pfch/pfch_req_cnt[2]_i_1_n_0.  Re-placed instance design_1_i/xdma_0/inst/udma_wrapper/dma_top/dma_pcie_req/dma_pcie_rc/u_dma_rc_mem_pfch/pfch_req_cnt[2]_i_1
INFO: [Physopt 32-662] Processed net design_1_i/xdma_0/inst/udma_wrapper/dma_top/dma_pcie_req/dma_pcie_rc/u_dma_rc_mem_pfch/pfch_do_data_r[141]_i_1_n_0.  Did not re-place instance design_1_i/xdma_0/inst/udma_wrapper/dma_top/dma_pcie_req/dma_pcie_rc/u_dma_rc_mem_pfch/pfch_do_data_r[141]_i_1
INFO: [Physopt 32-663] Processed net design_1_i/xdma_0/inst/udma_wrapper/dma_top/dma_pcie_req/dma_pcie_rc/u_dma_rc_mem_pfch/ld_pfch_2_stg1.  Re-placed instance design_1_i/xdma_0/inst/udma_wrapper/dma_top/dma_pcie_req/dma_pcie_rc/u_dma_rc_mem_pfch/tlp_stg1_eop_i_1
INFO: [Physopt 32-662] Processed net design_1_i/xdma_0/inst/udma_wrapper/dma_top/dma_pcie_req/dma_pcie_rc/u_dma_rc_mem_pfch/dw_tlp_hdr_0_vld_reg.  Did not re-place instance design_1_i/xdma_0/inst/udma_wrapper/dma_top/dma_pcie_req/dma_pcie_rc/u_dma_rc_mem_pfch/pfch_do_data_r[141]_i_2
INFO: [Physopt 32-662] Processed net design_1_i/xdma_0/inst/udma_wrapper/dma_top/dma_pcie_req/dma_pcie_rc/u_dma_rc_mem_pfch/tlp_stg1_eop_i_3_n_0.  Did not re-place instance design_1_i/xdma_0/inst/udma_wrapper/dma_top/dma_pcie_req/dma_pcie_rc/u_dma_rc_mem_pfch/tlp_stg1_eop_i_3
INFO: [Physopt 32-663] Processed net design_1_i/xdma_0/inst/udma_wrapper/dma_top/dma_pcie_req/dma_pcie_rc/u_mem_rc/the_bram_reg_1_ENARDEN_cooolgate_en_sig_32.  Re-placed instance design_1_i/xdma_0/inst/udma_wrapper/dma_top/dma_pcie_req/dma_pcie_rc/u_mem_rc/the_bram_reg_1_ENARDEN_cooolgate_en_gate_35_LOPT_REMAP_1
INFO: [Physopt 32-662] Processed net design_1_i/xdma_0/inst/udma_wrapper/dma_top/dma_pcie_req/dma_pcie_rc/u_mem_rc/xlnx_opt_the_bram_reg_1_ENARDEN_cooolgate_en_sig_32.  Did not re-place instance design_1_i/xdma_0/inst/udma_wrapper/dma_top/dma_pcie_req/dma_pcie_rc/u_mem_rc/the_bram_reg_1_ENARDEN_cooolgate_en_gate_35_LOPT_REMAP
INFO: [Physopt 32-663] Processed net design_1_i/xdma_0/inst/udma_wrapper/dma_top/dma_enable.vul_dma/WR/gen_rdwr_loop[1].gen_rdwr_eng.RDWR_INST/wrq_adr_nxt_16sum_303_reg[0]_CE_cooolgate_en_sig_142.  Re-placed instance design_1_i/xdma_0/inst/udma_wrapper/dma_top/dma_enable.vul_dma/WR/gen_rdwr_loop[1].gen_rdwr_eng.RDWR_INST/wrq_adr_nxt_16sum_303_reg[0]_CE_cooolgate_en_gate_3005
INFO: [Physopt 32-663] Processed net design_1_i/xdma_0/inst/udma_wrapper/dma_top/dma_enable.vul_dma/WR/i___291_n_0.  Re-placed instance design_1_i/xdma_0/inst/udma_wrapper/dma_top/dma_enable.vul_dma/WR/i___291
INFO: [Physopt 32-663] Processed net design_1_i/xdma_0/inst/udma_wrapper/dma_top/dma_enable.vul_dma/WR/gen_rdwr_loop[1].gen_rdwr_eng.RDWR_INST/wrq_sm_cur_300_reg[7]_0[0].  Re-placed instance design_1_i/xdma_0/inst/udma_wrapper/dma_top/dma_enable.vul_dma/WR/gen_rdwr_loop[1].gen_rdwr_eng.RDWR_INST/wrq_sm_cur_300_reg[0]
INFO: [Physopt 32-662] Processed net design_1_i/xdma_0/inst/udma_wrapper/dma_top/dma_enable.vul_dma/WR/gen_rdwr_loop[1].gen_rdwr_eng.RDWR_INST/wrq_sm_cur_300[2]_i_1__0_n_0.  Did not re-place instance design_1_i/xdma_0/inst/udma_wrapper/dma_top/dma_enable.vul_dma/WR/gen_rdwr_loop[1].gen_rdwr_eng.RDWR_INST/wrq_sm_cur_300[2]_i_1__0
INFO: [Physopt 32-663] Processed net design_1_i/xdma_0/inst/udma_wrapper/dma_top/dma_enable.vul_dma/WR/gen_rdwr_loop[1].gen_rdwr_eng.RDWR_INST/wrq_sm_cur_300[4]_i_2__0_n_0.  Re-placed instance design_1_i/xdma_0/inst/udma_wrapper/dma_top/dma_enable.vul_dma/WR/gen_rdwr_loop[1].gen_rdwr_eng.RDWR_INST/wrq_sm_cur_300[4]_i_2__0
INFO: [Physopt 32-662] Processed net design_1_i/xdma_0/inst/udma_wrapper/dma_top/dma_enable.vul_dma/WR/gen_rdwr_loop[1].gen_rdwr_eng.RDWR_INST/wrq_sm_cur_300_reg[0]_1.  Did not re-place instance design_1_i/xdma_0/inst/udma_wrapper/dma_top/dma_enable.vul_dma/WR/gen_rdwr_loop[1].gen_rdwr_eng.RDWR_INST/i___291_i_2
INFO: [Physopt 32-662] Processed net design_1_i/xdma_0/inst/udma_wrapper/dma_top/dma_enable.vul_dma/WR/gen_rdwr_loop[1].gen_rdwr_eng.RDWR_INST/wrq_adr_nxt_16sum_303[20].  Did not re-place instance design_1_i/xdma_0/inst/udma_wrapper/dma_top/dma_enable.vul_dma/WR/gen_rdwr_loop[1].gen_rdwr_eng.RDWR_INST/wrq_adr_nxt_16sum_303_reg[20]
INFO: [Physopt 32-662] Processed net design_1_i/xdma_0/inst/udma_wrapper/dma_top/dma_enable.vul_dma/WR/gen_rdwr_loop[1].gen_rdwr_eng.RDWR_INST/wrq_adr_nxt_16sum_303[21].  Did not re-place instance design_1_i/xdma_0/inst/udma_wrapper/dma_top/dma_enable.vul_dma/WR/gen_rdwr_loop[1].gen_rdwr_eng.RDWR_INST/wrq_adr_nxt_16sum_303_reg[21]
INFO: [Physopt 32-662] Processed net design_1_i/xdma_0/inst/udma_wrapper/dma_top/dma_enable.vul_dma/WR/gen_rdwr_loop[1].gen_rdwr_eng.RDWR_INST/wrq_adr_nxt_16sum_303[22].  Did not re-place instance design_1_i/xdma_0/inst/udma_wrapper/dma_top/dma_enable.vul_dma/WR/gen_rdwr_loop[1].gen_rdwr_eng.RDWR_INST/wrq_adr_nxt_16sum_303_reg[22]
INFO: [Physopt 32-662] Processed net design_1_i/xdma_0/inst/udma_wrapper/dma_top/dma_enable.vul_dma/WR/gen_rdwr_loop[1].gen_rdwr_eng.RDWR_INST/wrq_adr_nxt_16sum_303[23].  Did not re-place instance design_1_i/xdma_0/inst/udma_wrapper/dma_top/dma_enable.vul_dma/WR/gen_rdwr_loop[1].gen_rdwr_eng.RDWR_INST/wrq_adr_nxt_16sum_303_reg[23]
INFO: [Physopt 32-662] Processed net design_1_i/xdma_0/inst/udma_wrapper/dma_top/dma_pcie_req/dma_pcie_rq/RQ_FIFO/reqdtlpSm_cs_reg[0].  Did not re-place instance design_1_i/xdma_0/inst/udma_wrapper/dma_top/dma_pcie_req/dma_pcie_rq/RQ_FIFO/reqdtlpSm_cs[0]_i_1
INFO: [Physopt 32-663] Processed net design_1_i/xdma_0/inst/udma_wrapper/dma_top/dma_pcie_req/dma_pcie_rq/RQ_FIFO/rdIssued_s01.  Re-placed instance design_1_i/xdma_0/inst/udma_wrapper/dma_top/dma_pcie_req/dma_pcie_rq/RQ_FIFO/wtlp_dat_vld_ff[0]_i_3
INFO: [Physopt 32-662] Processed net design_1_i/xdma_0/inst/udma_wrapper/dma_top/dma_pcie_req/dma_pcie_rq/reqdtlpSm512_cs[0].  Did not re-place instance design_1_i/xdma_0/inst/udma_wrapper/dma_top/dma_pcie_req/dma_pcie_rq/reqdtlpSm512_cs_reg[0]
INFO: [Physopt 32-662] Processed net design_1_i/xdma_0/inst/udma_wrapper/dma_top/dma_pcie_req/dma_pcie_rq/RQ_FIFO/wtlp_dat_vld6_in[0].  Did not re-place instance design_1_i/xdma_0/inst/udma_wrapper/dma_top/dma_pcie_req/dma_pcie_rq/RQ_FIFO/wpl_hdr_adr_ff[63]_i_2
INFO: [Physopt 32-662] Processed net design_1_i/xdma_0/inst/udma_wrapper/dma_top/dma_pcie_req/dma_pcie_rq/RQ_FIFO/full_ff_reg_n_0.  Did not re-place instance design_1_i/xdma_0/inst/udma_wrapper/dma_top/dma_pcie_req/dma_pcie_rq/RQ_FIFO/full_ff_reg
INFO: [Physopt 32-662] Processed net design_1_i/xdma_0/inst/udma_wrapper/dma_top/dma_pcie_req/dma_pcie_rq/RQ_FIFO/reqdtlpSm512_cs[0]_i_3_n_0.  Did not re-place instance design_1_i/xdma_0/inst/udma_wrapper/dma_top/dma_pcie_req/dma_pcie_rq/RQ_FIFO/reqdtlpSm512_cs[0]_i_3
INFO: [Physopt 32-663] Processed net design_1_i/xdma_0/inst/udma_wrapper/dma_top/dma_pcie_req/dma_pcie_rq/RQ_FIFO/reqdtlpSm_cs[0]_i_2_n_0.  Re-placed instance design_1_i/xdma_0/inst/udma_wrapper/dma_top/dma_pcie_req/dma_pcie_rq/RQ_FIFO/reqdtlpSm_cs[0]_i_2
INFO: [Physopt 32-662] Processed net design_1_i/xdma_0/inst/udma_wrapper/dma_top/dma_pcie_req/dma_pcie_rq/RQ_FIFO/reqdtlpSm_cs[0]_i_6_n_0.  Did not re-place instance design_1_i/xdma_0/inst/udma_wrapper/dma_top/dma_pcie_req/dma_pcie_rq/RQ_FIFO/reqdtlpSm_cs[0]_i_6
INFO: [Physopt 32-662] Processed net design_1_i/xdma_0/inst/udma_wrapper/dma_top/dma_pcie_req/dma_pcie_rq/RQ_FIFO/wpl_hdr_btlene1_ff_reg.  Did not re-place instance design_1_i/xdma_0/inst/udma_wrapper/dma_top/dma_pcie_req/dma_pcie_rq/RQ_FIFO/reqdtlpSm512_cs[0]_i_1
INFO: [Physopt 32-662] Processed net design_1_i/xdma_0/inst/udma_wrapper/dma_top/dma_pcie_req/dma_pcie_rq/rreq_head_info_ff[1][rcb][5]_i_1_n_0.  Did not re-place instance design_1_i/xdma_0/inst/udma_wrapper/dma_top/dma_pcie_req/dma_pcie_rq/rreq_head_info_ff[1][rcb][5]_i_1
INFO: [Physopt 32-662] Processed net design_1_i/xdma_0/inst/udma_wrapper/dma_top/dma_pcie_req/dma_pcie_rq/RQ_FIFO/rreq_head_info_nxt[0][rcb][5].  Did not re-place instance design_1_i/xdma_0/inst/udma_wrapper/dma_top/dma_pcie_req/dma_pcie_rq/RQ_FIFO/rreq_head_info_ff[0][rcb][5]_i_1
INFO: [Physopt 32-662] Processed net design_1_i/xdma_0/inst/udma_wrapper/dma_top/dma_pcie_req/dma_pcie_rq/RQ_FIFO/reqdtlpSm512_cs[0]_i_2_n_0.  Did not re-place instance design_1_i/xdma_0/inst/udma_wrapper/dma_top/dma_pcie_req/dma_pcie_rq/RQ_FIFO/reqdtlpSm512_cs[0]_i_2
INFO: [Physopt 32-663] Processed net design_1_i/xdma_0/inst/udma_wrapper/dma_top/dma_enable.vul_dma/WR/gen_rdwr_loop[0].gen_rdwr_eng.RDWR_INST/ctl_rst_reg_0.  Re-placed instance design_1_i/xdma_0/inst/udma_wrapper/dma_top/dma_enable.vul_dma/WR/gen_rdwr_loop[0].gen_rdwr_eng.RDWR_INST/i___295_i_1
INFO: [Physopt 32-662] Processed net design_1_i/xdma_0/inst/udma_wrapper/dma_top/dma_enable.vul_dma/WR/gen_rdwr_loop[0].gen_rdwr_eng.RDWR_INST/ctl_rst.  Did not re-place instance design_1_i/xdma_0/inst/udma_wrapper/dma_top/dma_enable.vul_dma/WR/gen_rdwr_loop[0].gen_rdwr_eng.RDWR_INST/ctl_rst_reg
INFO: [Physopt 32-663] Processed net design_1_i/xdma_0/inst/udma_wrapper/dma_top/dma_enable.vul_dma/WR/gen_rdwr_loop[0].gen_rdwr_eng.RDWR_INST/evt_rcp_err_nn1_reg[1]_CE_cooolgate_en_sig_1536.  Re-placed instance design_1_i/xdma_0/inst/udma_wrapper/dma_top/dma_enable.vul_dma/WR/gen_rdwr_loop[0].gen_rdwr_eng.RDWR_INST/evt_rcp_err_nn1_reg[1]_CE_cooolgate_en_gate_9019
INFO: [Physopt 32-662] Processed net design_1_i/xdma_0/inst/udma_wrapper/dma_top/dma_enable.vul_dma/WR/gen_rdwr_loop[0].gen_rdwr_eng.RDWR_INST/reg_sts_hlt_nn0.  Did not re-place instance design_1_i/xdma_0/inst/udma_wrapper/dma_top/dma_enable.vul_dma/WR/gen_rdwr_loop[0].gen_rdwr_eng.RDWR_INST/i___8_i_1
INFO: [Physopt 32-662] Processed net design_1_i/xdma_0/inst/udma_wrapper/dma_top/dma_enable.vul_dma/RD/gen_rdwr_loop[1].gen_rdwr_eng.RDWR_INST/pclk_reg_wr_reg_0.  Did not re-place instance design_1_i/xdma_0/inst/udma_wrapper/dma_top/dma_enable.vul_dma/RD/gen_rdwr_loop[1].gen_rdwr_eng.RDWR_INST/reg_sts_fer_nn1_i_1
INFO: [Physopt 32-663] Processed net design_1_i/xdma_0/inst/udma_wrapper/dma_top/dma_enable.vul_dma/WR/gen_rdwr_loop[0].gen_rdwr_eng.RDWR_INST/reg_sts_fer_nn11[10].  Re-placed instance design_1_i/xdma_0/inst/udma_wrapper/dma_top/dma_enable.vul_dma/WR/gen_rdwr_loop[0].gen_rdwr_eng.RDWR_INST/reg_sts_nn1[10]_i_2
INFO: [Physopt 32-662] Processed net design_1_i/xdma_0/inst/udma_wrapper/dma_top/dma_enable.vul_dma/RD/gen_rdwr_loop[1].gen_rdwr_eng.RDWR_INST/pclk_reg_wr_reg_10.  Did not re-place instance design_1_i/xdma_0/inst/udma_wrapper/dma_top/dma_enable.vul_dma/RD/gen_rdwr_loop[1].gen_rdwr_eng.RDWR_INST/reg_sts_nn1[10]_i_3
INFO: [Physopt 32-662] Processed net design_1_i/xdma_0/inst/udma_wrapper/dma_top/dma_enable.vul_dma/WR/gen_rdwr_loop[0].gen_rdwr_eng.RDWR_INST/evt_rcp_err_nn1[1].  Did not re-place instance design_1_i/xdma_0/inst/udma_wrapper/dma_top/dma_enable.vul_dma/WR/gen_rdwr_loop[0].gen_rdwr_eng.RDWR_INST/evt_rcp_err_nn1_reg[1]
INFO: [Physopt 32-662] Processed net design_1_i/xdma_0/inst/udma_wrapper/dma_top/dma_enable.vul_dma/WR/gen_rdwr_loop[0].gen_rdwr_eng.RDWR_INST/evt_rcp_err_nn1[2].  Did not re-place instance design_1_i/xdma_0/inst/udma_wrapper/dma_top/dma_enable.vul_dma/WR/gen_rdwr_loop[0].gen_rdwr_eng.RDWR_INST/evt_rcp_err_nn1_reg[2]
INFO: [Physopt 32-663] Processed net design_1_i/xdma_0/inst/design_1_xdma_0_2_pcie2_to_pcie3_wrapper_i/design_1_xdma_0_2_axi_stream_intf_i/design_1_xdma_0_2_rx_demux_i/m_axis_rx_tready.  Re-placed instance design_1_i/xdma_0/inst/design_1_xdma_0_2_pcie2_to_pcie3_wrapper_i/design_1_xdma_0_2_axi_stream_intf_i/design_1_xdma_0_2_rx_demux_i/pcie2_ip_i_i_1
INFO: [Physopt 32-662] Processed net design_1_i/xdma_0/inst/design_1_xdma_0_2_pcie2_to_pcie3_wrapper_i/pcie2_ip_i/U0/inst/pcie_top_i/axi_basic_top_i/rx_inst/rx_null_gen_inst/reg_tkeep[7]_i_7_0.  Did not re-place instance design_1_i/xdma_0/inst/design_1_xdma_0_2_pcie2_to_pcie3_wrapper_i/pcie2_ip_i/U0/inst/pcie_top_i/axi_basic_top_i/rx_inst/rx_null_gen_inst/reg_tkeep[7]_i_2
INFO: [Physopt 32-662] Processed net design_1_i/xdma_0/inst/design_1_xdma_0_2_pcie2_to_pcie3_wrapper_i/pcie2_ip_i/U0/inst/pcie_top_i/axi_basic_top_i/rx_inst/rx_null_gen_inst/null_mux_sel_reg.  Did not re-place instance design_1_i/xdma_0/inst/design_1_xdma_0_2_pcie2_to_pcie3_wrapper_i/pcie2_ip_i/U0/inst/pcie_top_i/axi_basic_top_i/rx_inst/rx_null_gen_inst/reg_tlast_i_2
INFO: [Physopt 32-663] Processed net design_1_i/xdma_0/inst/design_1_xdma_0_2_pcie2_to_pcie3_wrapper_i/design_1_xdma_0_2_axi_stream_intf_i/design_1_xdma_0_2_rx_demux_i/dma_cpl_fifo_inst/U0/inst_fifo_gen/gaxis_fifo.gaxisf.axisf/grf.rf/gntv_or_sync_fifo.gl0.wr/gwss.wsts/s_axis_tready.  Re-placed instance design_1_i/xdma_0/inst/design_1_xdma_0_2_pcie2_to_pcie3_wrapper_i/design_1_xdma_0_2_axi_stream_intf_i/design_1_xdma_0_2_rx_demux_i/dma_cpl_fifo_inst/U0/inst_fifo_gen/gaxis_fifo.gaxisf.axisf/grf.rf/gntv_or_sync_fifo.gl0.wr/gwss.wsts/s_axis_tready_INST_0
INFO: [Physopt 32-662] Processed net design_1_i/xdma_0/inst/design_1_xdma_0_2_pcie2_to_pcie3_wrapper_i/design_1_xdma_0_2_axi_stream_intf_i/design_1_xdma_0_2_rx_demux_i/dma_cpl_fifo_inst/U0/inst_fifo_gen/gaxis_fifo.gaxisf.axisf/grf.rf/gntv_or_sync_fifo.gl0.wr/gwss.wsts/ram_full_i.  Did not re-place instance design_1_i/xdma_0/inst/design_1_xdma_0_2_pcie2_to_pcie3_wrapper_i/design_1_xdma_0_2_axi_stream_intf_i/design_1_xdma_0_2_rx_demux_i/dma_cpl_fifo_inst/U0/inst_fifo_gen/gaxis_fifo.gaxisf.axisf/grf.rf/gntv_or_sync_fifo.gl0.wr/gwss.wsts/ram_full_i_reg
INFO: [Physopt 32-662] Processed net design_1_i/xdma_0/inst/design_1_xdma_0_2_pcie2_to_pcie3_wrapper_i/pcie2_ip_i/U0/inst/pcie_top_i/axi_basic_top_i/rx_inst/rx_null_gen_inst/minusOp__0_carry_i_4_n_0.  Did not re-place instance design_1_i/xdma_0/inst/design_1_xdma_0_2_pcie2_to_pcie3_wrapper_i/pcie2_ip_i/U0/inst/pcie_top_i/axi_basic_top_i/rx_inst/rx_null_gen_inst/minusOp__0_carry_i_4
INFO: [Physopt 32-663] Processed net design_1_i/xdma_0/inst/design_1_xdma_0_2_pcie2_to_pcie3_wrapper_i/pcie2_ip_i/U0/inst/pcie_top_i/axi_basic_top_i/rx_inst/rx_null_gen_inst/reg_tkeep[7]_i_5_n_0.  Re-placed instance design_1_i/xdma_0/inst/design_1_xdma_0_2_pcie2_to_pcie3_wrapper_i/pcie2_ip_i/U0/inst/pcie_top_i/axi_basic_top_i/rx_inst/rx_null_gen_inst/reg_tkeep[7]_i_5
INFO: [Physopt 32-662] Processed net design_1_i/xdma_0/inst/design_1_xdma_0_2_pcie2_to_pcie3_wrapper_i/pcie2_ip_i/U0/inst/pcie_top_i/axi_basic_top_i/rx_inst/rx_pipeline_inst/reg_tlast_i_1_n_0.  Did not re-place instance design_1_i/xdma_0/inst/design_1_xdma_0_2_pcie2_to_pcie3_wrapper_i/pcie2_ip_i/U0/inst/pcie_top_i/axi_basic_top_i/rx_inst/rx_pipeline_inst/reg_tlast_i_1
INFO: [Physopt 32-662] Processed net design_1_i/xdma_0/inst/design_1_xdma_0_2_pcie2_to_pcie3_wrapper_i/pcie2_ip_i/U0/inst/pcie_top_i/axi_basic_top_i/rx_inst/rx_pipeline_inst/m_axis_rx_tlast.  Did not re-place instance design_1_i/xdma_0/inst/design_1_xdma_0_2_pcie2_to_pcie3_wrapper_i/pcie2_ip_i/U0/inst/pcie_top_i/axi_basic_top_i/rx_inst/rx_pipeline_inst/reg_tlast_reg
INFO: [Physopt 32-662] Processed net design_1_i/xdma_0/inst/udma_wrapper/dma_top/dma_pcie_req/dma_pcie_rq/rreq_head_info_ff[1][rcb][2]_i_1_n_0.  Did not re-place instance design_1_i/xdma_0/inst/udma_wrapper/dma_top/dma_pcie_req/dma_pcie_rq/rreq_head_info_ff[1][rcb][2]_i_1
INFO: [Physopt 32-662] Processed net design_1_i/xdma_0/inst/udma_wrapper/dma_top/dma_pcie_req/dma_pcie_rq/RQ_FIFO/rreq_head_info_nxt[0][rcb][2].  Did not re-place instance design_1_i/xdma_0/inst/udma_wrapper/dma_top/dma_pcie_req/dma_pcie_rq/RQ_FIFO/rreq_head_info_ff[0][rcb][2]_i_1
INFO: [Physopt 32-663] Processed net design_1_i/smartconnect_0/inst/switchboards/r_switchboard/inst/gen_mi[1].inst_opipe_payld/gen_pipe[1].pipe_reg[1][12]_CE_cooolgate_en_sig_628.  Re-placed instance design_1_i/smartconnect_0/inst/switchboards/r_switchboard/inst/gen_mi[1].inst_opipe_payld/gen_pipe[1].pipe_reg[1][12]_CE_cooolgate_en_gate_6148
INFO: [Physopt 32-662] Processed net design_1_i/smartconnect_0/inst/s01_nodes/s01_r_node/inst/inst_mi_handler/gen_normal_area.inst_fifo_node_payld/gen_xpm_memory_fifo.inst_fifo/gen_mem_rep[2].inst_rd_addrb/rd_addrb_incr.  Did not re-place instance design_1_i/smartconnect_0/inst/s01_nodes/s01_r_node/inst/inst_mi_handler/gen_normal_area.inst_fifo_node_payld/gen_xpm_memory_fifo.inst_fifo/gen_mem_rep[2].inst_rd_addrb/gen_mem_rep[0].inst_xpm_memory_i_1
INFO: [Physopt 32-662] Processed net design_1_i/smartconnect_0/inst/s01_nodes/s01_r_node/inst/inst_mi_handler/gen_normal_area.inst_fifo_node_payld/gen_xpm_memory_fifo.inst_fifo/gen_rd_b.doutb_reg_reg[170].  Did not re-place instance design_1_i/smartconnect_0/inst/s01_nodes/s01_r_node/inst/inst_mi_handler/gen_normal_area.inst_fifo_node_payld/gen_xpm_memory_fifo.inst_fifo/m_sc_payld[20]_INST_0_i_1
INFO: [Physopt 32-662] Processed net design_1_i/smartconnect_0/inst/s01_nodes/s01_r_node/inst/inst_mi_handler/gen_normal_area.inst_fifo_node_payld/gen_xpm_memory_fifo.inst_fifo/gen_wr.inst_wr_addra_p1/gen_rd.fifo_empty_r_i_2__0_n_0.  Did not re-place instance design_1_i/smartconnect_0/inst/s01_nodes/s01_r_node/inst/inst_mi_handler/gen_normal_area.inst_fifo_node_payld/gen_xpm_memory_fifo.inst_fifo/gen_wr.inst_wr_addra_p1/gen_rd.fifo_empty_r_i_2__0
INFO: [Physopt 32-662] Processed net design_1_i/smartconnect_0/inst/s01_nodes/s01_r_node/inst/inst_mi_handler/gen_normal_area.inst_fifo_node_payld/gen_xpm_memory_fifo.inst_fifo/gen_wr.inst_wr_addra_p1/gen_wr.full_r0.  Did not re-place instance design_1_i/smartconnect_0/inst/s01_nodes/s01_r_node/inst/inst_mi_handler/gen_normal_area.inst_fifo_node_payld/gen_xpm_memory_fifo.inst_fifo/gen_wr.inst_wr_addra_p1/gen_wr.full_r_inv_i_1__0
INFO: [Physopt 32-663] Processed net design_1_i/smartconnect_0/inst/s01_nodes/s01_r_node/inst/inst_mi_handler/gen_normal_area.inst_fifo_node_payld/gen_xpm_memory_fifo.inst_fifo/gen_mem_rep[2].inst_xpm_memory/xpm_memory_base_inst/doutb[170].  Re-placed instance design_1_i/smartconnect_0/inst/s01_nodes/s01_r_node/inst/inst_mi_handler/gen_normal_area.inst_fifo_node_payld/gen_xpm_memory_fifo.inst_fifo/gen_mem_rep[2].inst_xpm_memory/xpm_memory_base_inst/gen_rd_b.doutb_reg_reg[170]
INFO: [Physopt 32-663] Processed net design_1_i/smartconnect_0/inst/s01_nodes/s01_r_node/inst/inst_mi_handler/gen_normal_area.inst_fifo_node_payld/gen_xpm_memory_fifo.inst_fifo/gen_rd.fifo_empty_r_i_7__0_n_0.  Re-placed instance design_1_i/smartconnect_0/inst/s01_nodes/s01_r_node/inst/inst_mi_handler/gen_normal_area.inst_fifo_node_payld/gen_xpm_memory_fifo.inst_fifo/gen_rd.fifo_empty_r_i_7__0
INFO: [Physopt 32-662] Processed net design_1_i/smartconnect_0/inst/switchboards/r_switchboard/inst/gen_mi[1].inst_opipe_payld/m_sc_payld[11].  Did not re-place instance design_1_i/smartconnect_0/inst/switchboards/r_switchboard/inst/gen_mi[1].inst_opipe_payld/gen_pipe[1].pipe_reg[1][12]
INFO: [Physopt 32-662] Processed net design_1_i/smartconnect_0/inst/switchboards/r_switchboard/inst/gen_mi[1].inst_opipe_payld/m_sc_payld[12].  Did not re-place instance design_1_i/smartconnect_0/inst/switchboards/r_switchboard/inst/gen_mi[1].inst_opipe_payld/gen_pipe[1].pipe_reg[1][13]
INFO: [Physopt 32-662] Processed net design_1_i/smartconnect_0/inst/switchboards/r_switchboard/inst/gen_mi[1].inst_opipe_payld/m_sc_payld[13].  Did not re-place instance design_1_i/smartconnect_0/inst/switchboards/r_switchboard/inst/gen_mi[1].inst_opipe_payld/gen_pipe[1].pipe_reg[1][14]
INFO: [Physopt 32-662] Processed net design_1_i/smartconnect_0/inst/switchboards/r_switchboard/inst/gen_mi[1].inst_opipe_payld/m_sc_payld[14].  Did not re-place instance design_1_i/smartconnect_0/inst/switchboards/r_switchboard/inst/gen_mi[1].inst_opipe_payld/gen_pipe[1].pipe_reg[1][15]
INFO: [Physopt 32-662] Processed net design_1_i/smartconnect_0/inst/m01_exit_pipeline/m01_exit/inst/splitter_inst/gen_axi4lite.axilite_conv/aw_addr[8]_i_1_n_0.  Did not re-place instance design_1_i/smartconnect_0/inst/m01_exit_pipeline/m01_exit/inst/splitter_inst/gen_axi4lite.axilite_conv/aw_addr[8]_i_1
INFO: [Physopt 32-662] Processed net design_1_i/smartconnect_0/inst/m01_exit_pipeline/m01_exit/inst/splitter_inst/gen_axi4lite.axilite_conv/m_axi_awvalid_i_i_4_n_0.  Did not re-place instance design_1_i/smartconnect_0/inst/m01_exit_pipeline/m01_exit/inst/splitter_inst/gen_axi4lite.axilite_conv/m_axi_awvalid_i_i_4
INFO: [Physopt 32-663] Processed net design_1_i/smartconnect_0/inst/m01_nodes/m01_w_node/inst/inst_mi_handler/gen_normal_area.inst_fifo_node_payld/gen_xpm_memory_fifo.inst_fifo/gen_mem_rep[1].inst_xpm_memory/xpm_memory_base_inst/doutb[118].  Re-placed instance design_1_i/smartconnect_0/inst/m01_nodes/m01_w_node/inst/inst_mi_handler/gen_normal_area.inst_fifo_node_payld/gen_xpm_memory_fifo.inst_fifo/gen_mem_rep[1].inst_xpm_memory/xpm_memory_base_inst/gen_rd_b.doutb_reg_reg[118]
INFO: [Physopt 32-662] Processed net design_1_i/smartconnect_0/inst/m01_nodes/m01_w_node/inst/inst_mi_handler/gen_normal_area.inst_fifo_node_payld/gen_xpm_memory_fifo.inst_fifo/m_sc_payld[1].  Did not re-place instance design_1_i/smartconnect_0/inst/m01_nodes/m01_w_node/inst/inst_mi_handler/gen_normal_area.inst_fifo_node_payld/gen_xpm_memory_fifo.inst_fifo/m_sc_payld[21]_INST_0
INFO: [Physopt 32-662] Processed net design_1_i/smartconnect_0/inst/m01_exit_pipeline/m01_exit/inst/splitter_inst/gen_axi4lite.axilite_conv/aw_addr[8]_i_3_n_0.  Did not re-place instance design_1_i/smartconnect_0/inst/m01_exit_pipeline/m01_exit/inst/splitter_inst/gen_axi4lite.axilite_conv/aw_addr[8]_i_3
INFO: [Physopt 32-662] Processed net design_1_i/smartconnect_0/inst/m01_nodes/m01_w_node/inst/inst_mi_handler/gen_normal_area.inst_fifo_node_payld/gen_xpm_memory_fifo.inst_fifo/m_sc_payld[21]_INST_0_i_12_n_0.  Did not re-place instance design_1_i/smartconnect_0/inst/m01_nodes/m01_w_node/inst/inst_mi_handler/gen_normal_area.inst_fifo_node_payld/gen_xpm_memory_fifo.inst_fifo/m_sc_payld[21]_INST_0_i_12
INFO: [Physopt 32-663] Processed net design_1_i/smartconnect_0/inst/m01_exit_pipeline/m01_exit/inst/splitter_inst/gen_axi4lite.axilite_conv/Q[3].  Re-placed instance design_1_i/smartconnect_0/inst/m01_exit_pipeline/m01_exit/inst/splitter_inst/gen_axi4lite.axilite_conv/aw_addr_reg[3]
INFO: [Physopt 32-663] Processed net design_1_i/smartconnect_0/inst/m01_exit_pipeline/m01_exit/inst/splitter_inst/gen_axi4lite.axilite_conv/Q[7].  Re-placed instance design_1_i/smartconnect_0/inst/m01_exit_pipeline/m01_exit/inst/splitter_inst/gen_axi4lite.axilite_conv/aw_addr_reg[7]
INFO: [Physopt 32-662] Processed net design_1_i/smartconnect_0/inst/m00_nodes/m00_w_node/inst/inst_mi_handler/gen_normal_area.gen_downsizer.inst_downsizer/downsizer_pntr_reg[0]_CE_cooolgate_en_sig_1128.  Did not re-place instance design_1_i/smartconnect_0/inst/m00_nodes/m00_w_node/inst/inst_mi_handler/gen_normal_area.gen_downsizer.inst_downsizer/downsizer_pntr_reg[0]_CE_cooolgate_en_gate_7672_LOPT_REMAP
INFO: [Physopt 32-662] Processed net design_1_i/smartconnect_0/inst/m00_exit_pipeline/m00_exit/inst/splitter_inst/gen_axi4lite.axilite_conv/m_axi_awvalid_i_i_4_n_0.  Did not re-place instance design_1_i/smartconnect_0/inst/m00_exit_pipeline/m00_exit/inst/splitter_inst/gen_axi4lite.axilite_conv/m_axi_awvalid_i_i_4
INFO: [Physopt 32-662] Processed net design_1_i/smartconnect_0/inst/m00_nodes/m00_w_node/inst/inst_mi_handler/gen_normal_area.inst_fifo_node_payld/gen_xpm_memory_fifo.inst_fifo/m_sc_payld[28].  Did not re-place instance design_1_i/smartconnect_0/inst/m00_nodes/m00_w_node/inst/inst_mi_handler/gen_normal_area.inst_fifo_node_payld/gen_xpm_memory_fifo.inst_fifo/m_sc_payld[48]_INST_0
INFO: [Physopt 32-663] Processed net design_1_i/smartconnect_0/inst/m00_nodes/m00_w_node/inst/inst_mi_handler/gen_normal_area.inst_fifo_node_payld/gen_xpm_memory_fifo.inst_fifo/gen_mem_rep[2].inst_xpm_memory/xpm_memory_base_inst/doutb[98].  Re-placed instance design_1_i/smartconnect_0/inst/m00_nodes/m00_w_node/inst/inst_mi_handler/gen_normal_area.inst_fifo_node_payld/gen_xpm_memory_fifo.inst_fifo/gen_mem_rep[2].inst_xpm_memory/xpm_memory_base_inst/gen_rd_b.doutb_reg_reg[98]
INFO: [Physopt 32-662] Processed net design_1_i/smartconnect_0/inst/m00_exit_pipeline/m00_exit/inst/splitter_inst/gen_axi4lite.axilite_conv/s_axi_wready_i_i_1_n_0.  Did not re-place instance design_1_i/smartconnect_0/inst/m00_exit_pipeline/m00_exit/inst/splitter_inst/gen_axi4lite.axilite_conv/s_axi_wready_i_i_1
INFO: [Physopt 32-662] Processed net design_1_i/smartconnect_0/inst/m00_exit_pipeline/m00_exit/inst/splitter_inst/gen_axi4lite.axilite_conv/s_axi_wready_i_i_4_n_0.  Did not re-place instance design_1_i/smartconnect_0/inst/m00_exit_pipeline/m00_exit/inst/splitter_inst/gen_axi4lite.axilite_conv/s_axi_wready_i_i_4
INFO: [Physopt 32-662] Processed net design_1_i/smartconnect_0/inst/m00_nodes/m00_w_node/inst/inst_mi_handler/gen_normal_area.inst_fifo_node_payld/gen_xpm_memory_fifo.inst_fifo/m_sc_payld[48]_INST_0_i_13_n_0.  Did not re-place instance design_1_i/smartconnect_0/inst/m00_nodes/m00_w_node/inst/inst_mi_handler/gen_normal_area.inst_fifo_node_payld/gen_xpm_memory_fifo.inst_fifo/m_sc_payld[48]_INST_0_i_13
INFO: [Physopt 32-662] Processed net design_1_i/smartconnect_0/inst/m00_nodes/m00_w_node/inst/inst_mi_handler/gen_normal_area.gen_downsizer.inst_downsizer/downsizer_pntr_reg[3]_0[1].  Did not re-place instance design_1_i/smartconnect_0/inst/m00_nodes/m00_w_node/inst/inst_mi_handler/gen_normal_area.gen_downsizer.inst_downsizer/downsizer_pntr_reg[1]
INFO: [Physopt 32-662] Processed net design_1_i/smartconnect_0/inst/m00_nodes/m00_w_node/inst/inst_mi_handler/gen_normal_area.gen_downsizer.inst_downsizer/downsizer_pntr_reg[3]_0[2].  Did not re-place instance design_1_i/smartconnect_0/inst/m00_nodes/m00_w_node/inst/inst_mi_handler/gen_normal_area.gen_downsizer.inst_downsizer/downsizer_pntr_reg[2]
INFO: [Physopt 32-662] Processed net design_1_i/smartconnect_0/inst/m00_nodes/m00_w_node/inst/inst_mi_handler/gen_normal_area.gen_downsizer.inst_downsizer/downsizer_pntr_reg[3]_0[0].  Did not re-place instance design_1_i/smartconnect_0/inst/m00_nodes/m00_w_node/inst/inst_mi_handler/gen_normal_area.gen_downsizer.inst_downsizer/downsizer_pntr_reg[0]
INFO: [Physopt 32-662] Processed net design_1_i/xdma_0/inst/udma_wrapper/dma_top/dma_enable.vul_dma/RD/gen_rdwr_loop[1].gen_rdwr_eng.RDWR_INST/pclk_reg_wr_reg_1[6].  Did not re-place instance design_1_i/xdma_0/inst/udma_wrapper/dma_top/dma_enable.vul_dma/RD/gen_rdwr_loop[1].gen_rdwr_eng.RDWR_INST/reg_sts_nn1[18]_i_1
INFO: [Physopt 32-662] Processed net design_1_i/xdma_0/inst/udma_wrapper/dma_top/dma_enable.vul_dma/RD/gen_rdwr_loop[1].gen_rdwr_eng.RDWR_INST/pclk_reg_wr_reg_3.  Did not re-place instance design_1_i/xdma_0/inst/udma_wrapper/dma_top/dma_enable.vul_dma/RD/gen_rdwr_loop[1].gen_rdwr_eng.RDWR_INST/i___8_i_5
INFO: [Physopt 32-662] Processed net design_1_i/smartconnect_0/inst/m00_nodes/m00_w_node/inst/inst_mi_handler/gen_normal_area.gen_downsizer.inst_downsizer/downsizer_pntr_reg[3]_0[3].  Did not re-place instance design_1_i/smartconnect_0/inst/m00_nodes/m00_w_node/inst/inst_mi_handler/gen_normal_area.gen_downsizer.inst_downsizer/downsizer_pntr_reg[3]
INFO: [Physopt 32-663] Processed net design_1_i/xdma_0/inst/udma_wrapper/dma_top/dma_enable.vul_dma/WR/gen_rdwr_loop[1].gen_rdwr_eng.RDWR_INST/ctl_rst_reg_0.  Re-placed instance design_1_i/xdma_0/inst/udma_wrapper/dma_top/dma_enable.vul_dma/WR/gen_rdwr_loop[1].gen_rdwr_eng.RDWR_INST/i___335_i_1
INFO: [Physopt 32-662] Processed net design_1_i/xdma_0/inst/udma_wrapper/dma_top/dma_enable.vul_dma/WR/gen_rdwr_loop[1].gen_rdwr_eng.RDWR_INST/ctl_rst.  Did not re-place instance design_1_i/xdma_0/inst/udma_wrapper/dma_top/dma_enable.vul_dma/WR/gen_rdwr_loop[1].gen_rdwr_eng.RDWR_INST/ctl_rst_reg
INFO: [Physopt 32-663] Processed net design_1_i/xdma_0/inst/udma_wrapper/dma_top/dma_enable.vul_dma/RD/gen_rdwr_loop[1].gen_rdwr_eng.RDWR_INST/pclk_reg_wr_reg_13[7].  Re-placed instance design_1_i/xdma_0/inst/udma_wrapper/dma_top/dma_enable.vul_dma/RD/gen_rdwr_loop[1].gen_rdwr_eng.RDWR_INST/reg_sts_nn1[23]_i_1__0
INFO: [Physopt 32-663] Processed net design_1_i/xdma_0/inst/udma_wrapper/dma_top/dma_enable.vul_dma/RD/gen_rdwr_loop[1].gen_rdwr_eng.RDWR_INST/pclk_reg_wr_reg_20.  Re-placed instance design_1_i/xdma_0/inst/udma_wrapper/dma_top/dma_enable.vul_dma/RD/gen_rdwr_loop[1].gen_rdwr_eng.RDWR_INST/reg_ctl_nn1[0]_i_4__0
INFO: [Physopt 32-662] Processed net design_1_i/xdma_0/inst/udma_wrapper/dma_top/dma_enable.vul_dma/WR/gen_rdwr_loop[1].gen_rdwr_eng.RDWR_INST/p_2_out[0].  Did not re-place instance design_1_i/xdma_0/inst/udma_wrapper/dma_top/dma_enable.vul_dma/WR/gen_rdwr_loop[1].gen_rdwr_eng.RDWR_INST/reg_ctl_nn1[0]_i_1__0
INFO: [Physopt 32-663] Processed net design_1_i/xdma_0/inst/udma_wrapper/dma_top/dma_enable.vul_dma/WR/gen_rdwr_loop[1].gen_rdwr_eng.RDWR_INST/reg_ctl_nn1[0]_i_2__0_n_0.  Re-placed instance design_1_i/xdma_0/inst/udma_wrapper/dma_top/dma_enable.vul_dma/WR/gen_rdwr_loop[1].gen_rdwr_eng.RDWR_INST/reg_ctl_nn1[0]_i_2__0
INFO: [Physopt 32-662] Processed net design_1_i/xdma_0/inst/udma_wrapper/dma_top/dma_enable.vul_dma/WR/gen_rdwr_loop[1].gen_rdwr_eng.RDWR_INST/Q[0].  Did not re-place instance design_1_i/xdma_0/inst/udma_wrapper/dma_top/dma_enable.vul_dma/WR/gen_rdwr_loop[1].gen_rdwr_eng.RDWR_INST/reg_ctl_nn1_reg[0]
INFO: [Physopt 32-663] Processed net design_1_i/xdma_0/inst/udma_wrapper/dma_top/axi4mm_bridge_top_inst/axi4mm_axi_mm_master_top_soft_dma_inst/mi_h2c_rd_brg_dat\\.radr[8]_INST_0_i_1_n_0.  Re-placed instance design_1_i/xdma_0/inst/udma_wrapper/dma_top/axi4mm_bridge_top_inst/axi4mm_axi_mm_master_top_soft_dma_inst/mi_h2c_rd_brg_dat\\.radr[8]_INST_0_i_1
INFO: [Physopt 32-662] Processed net design_1_i/xdma_0/inst/design_1_xdma_0_2_pcie2_to_pcie3_wrapper_i/design_1_xdma_0_2_axi_stream_intf_i/design_1_xdma_0_2_tgt_cpl_i/m_axis_cc_tready_out[0].  Did not re-place instance design_1_i/xdma_0/inst/design_1_xdma_0_2_pcie2_to_pcie3_wrapper_i/design_1_xdma_0_2_axi_stream_intf_i/design_1_xdma_0_2_tgt_cpl_i/m_axis_cc_tready_out[0]_INST_0
INFO: [Physopt 32-662] Processed net design_1_i/xdma_0/inst/udma_wrapper/dma_top/axi4mm_bridge_top_inst/axi4mm_axi_mm_master_top_soft_dma_inst/mi_h2c_rd_brg_dat\\.radr[3]_INST_0_i_1_n_0.  Did not re-place instance design_1_i/xdma_0/inst/udma_wrapper/dma_top/axi4mm_bridge_top_inst/axi4mm_axi_mm_master_top_soft_dma_inst/mi_h2c_rd_brg_dat\\.radr[3]_INST_0_i_1
INFO: [Physopt 32-662] Processed net design_1_i/xdma_0/inst/design_1_xdma_0_2_pcie2_to_pcie3_wrapper_i/design_1_xdma_0_2_axi_stream_intf_i/design_1_xdma_0_2_tgt_cpl_i/FSM_sequential_tx_64.state_reg[1]_2.  Did not re-place instance design_1_i/xdma_0/inst/design_1_xdma_0_2_pcie2_to_pcie3_wrapper_i/design_1_xdma_0_2_axi_stream_intf_i/design_1_xdma_0_2_tgt_cpl_i/FSM_sequential_tx_64.state_reg[1]
INFO: [Physopt 32-662] Processed net design_1_i/xdma_0/inst/udma_wrapper/dma_top/axi4mm_bridge_top_inst/axi4mm_axi_mm_master_top_soft_dma_inst/mi_h2c_rd_brg_dat\\.radr[8].  Did not re-place instance design_1_i/xdma_0/inst/udma_wrapper/dma_top/axi4mm_bridge_top_inst/axi4mm_axi_mm_master_top_soft_dma_inst/mi_h2c_rd_brg_dat\\.radr[8]_INST_0
INFO: [Physopt 32-663] Processed net design_1_i/xdma_0/inst/udma_wrapper/dma_top/axi4mm_bridge_top_inst/axi4mm_axi_mm_master_top_inst/axi4mm_axi_str_masterbr_rdtlp_inst/rd_en_ff_reg_0.  Re-placed instance design_1_i/xdma_0/inst/udma_wrapper/dma_top/axi4mm_bridge_top_inst/axi4mm_axi_mm_master_top_inst/axi4mm_axi_str_masterbr_rdtlp_inst/mi_h2c_rd_brg_dat\\.radr[3]_INST_0_i_2
INFO: [Physopt 32-662] Processed net design_1_i/smartconnect_0/inst/m00_exit_pipeline/m00_exit/inst/splitter_inst/gen_axi4lite.axilite_conv/aw_addr_reg[2]_CE_cooolgate_en_sig_393.  Did not re-place instance design_1_i/smartconnect_0/inst/m00_exit_pipeline/m00_exit/inst/splitter_inst/gen_axi4lite.axilite_conv/aw_addr_reg[2]_CE_cooolgate_en_gate_5188_LOPT_REMAP
INFO: [Physopt 32-663] Processed net design_1_i/smartconnect_0/inst/m01_nodes/m01_w_node/inst/inst_mi_handler/gen_normal_area.inst_fifo_node_payld/gen_xpm_memory_fifo.inst_fifo/gen_mem_rep[3].inst_xpm_memory/xpm_memory_base_inst/doutb[60].  Re-placed instance design_1_i/smartconnect_0/inst/m01_nodes/m01_w_node/inst/inst_mi_handler/gen_normal_area.inst_fifo_node_payld/gen_xpm_memory_fifo.inst_fifo/gen_mem_rep[3].inst_xpm_memory/xpm_memory_base_inst/gen_rd_b.doutb_reg_reg[60]
INFO: [Physopt 32-662] Processed net design_1_i/smartconnect_0/inst/m00_exit_pipeline/m00_exit/inst/splitter_inst/gen_axi4lite.axilite_conv/aw_addr[8]_i_3_n_0.  Did not re-place instance design_1_i/smartconnect_0/inst/m00_exit_pipeline/m00_exit/inst/splitter_inst/gen_axi4lite.axilite_conv/aw_addr[8]_i_3
INFO: [Physopt 32-662] Processed net design_1_i/smartconnect_0/inst/m00_exit_pipeline/m00_exit/inst/splitter_inst/gen_axi4lite.axilite_conv/aw_addr[8]_i_1_n_0.  Did not re-place instance design_1_i/smartconnect_0/inst/m00_exit_pipeline/m00_exit/inst/splitter_inst/gen_axi4lite.axilite_conv/aw_addr[8]_i_1
INFO: [Physopt 32-662] Processed net design_1_i/smartconnect_0/inst/m01_nodes/m01_w_node/inst/inst_mi_handler/gen_normal_area.inst_fifo_node_payld/gen_xpm_memory_fifo.inst_fifo/m_sc_payld[21]_INST_0_i_13_n_0.  Did not re-place instance design_1_i/smartconnect_0/inst/m01_nodes/m01_w_node/inst/inst_mi_handler/gen_normal_area.inst_fifo_node_payld/gen_xpm_memory_fifo.inst_fifo/m_sc_payld[21]_INST_0_i_13
INFO: [Physopt 32-663] Processed net design_1_i/smartconnect_0/inst/m00_exit_pipeline/m00_exit/inst/splitter_inst/gen_axi4lite.axilite_conv/Q[2].  Re-placed instance design_1_i/smartconnect_0/inst/m00_exit_pipeline/m00_exit/inst/splitter_inst/gen_axi4lite.axilite_conv/aw_addr_reg[2]
INFO: [Physopt 32-663] Processed net design_1_i/smartconnect_0/inst/m00_exit_pipeline/m00_exit/inst/splitter_inst/gen_axi4lite.axilite_conv/Q[8].  Re-placed instance design_1_i/smartconnect_0/inst/m00_exit_pipeline/m00_exit/inst/splitter_inst/gen_axi4lite.axilite_conv/aw_addr_reg[8]
INFO: [Physopt 32-663] Processed net design_1_i/smartconnect_0/inst/m00_exit_pipeline/m00_exit/inst/splitter_inst/gen_axi4lite.axilite_conv/Q[7].  Re-placed instance design_1_i/smartconnect_0/inst/m00_exit_pipeline/m00_exit/inst/splitter_inst/gen_axi4lite.axilite_conv/aw_addr_reg[7]
INFO: [Physopt 32-662] Processed net design_1_i/xdma_0/inst/udma_wrapper/dma_top/dma_pcie_req/dma_pcie_rq/rreq_head_info_ff[1][rcb][0]_i_1_n_0.  Did not re-place instance design_1_i/xdma_0/inst/udma_wrapper/dma_top/dma_pcie_req/dma_pcie_rq/rreq_head_info_ff[1][rcb][0]_i_1
INFO: [Physopt 32-662] Processed net design_1_i/xdma_0/inst/udma_wrapper/dma_top/dma_pcie_req/dma_pcie_rq/RQ_FIFO/rreq_head_info_nxt[0][rcb][0].  Did not re-place instance design_1_i/xdma_0/inst/udma_wrapper/dma_top/dma_pcie_req/dma_pcie_rq/RQ_FIFO/rreq_head_info_ff[0][rcb][0]_i_1
INFO: [Physopt 32-663] Processed net design_1_i/xdma_0/inst/udma_wrapper/dma_top/dma_pcie_req/axidma_rrq_arb/Fifowhead.fifoInfo/arb_rrq_pay[19].  Re-placed instance design_1_i/xdma_0/inst/udma_wrapper/dma_top/dma_pcie_req/axidma_rrq_arb/Fifowhead.fifoInfo/Head_reg[19]
INFO: [Physopt 32-662] Processed net design_1_i/xdma_0/inst/udma_wrapper/dma_top/dma_pcie_req/axidma_rrq_arb/Fifowhead.fifoInfo/Q[15].  Did not re-place instance design_1_i/xdma_0/inst/udma_wrapper/dma_top/dma_pcie_req/axidma_rrq_arb/Fifowhead.fifoInfo/Head_reg[56]
INFO: [Physopt 32-662] Processed net design_1_i/xdma_0/inst/udma_wrapper/dma_top/dma_pcie_req/axidma_rrq_arb/Fifowhead.fifoInfo/rreq_head_info_ff[1][rcb][4]_i_9_n_0.  Did not re-place instance design_1_i/xdma_0/inst/udma_wrapper/dma_top/dma_pcie_req/axidma_rrq_arb/Fifowhead.fifoInfo/rreq_head_info_ff[1][rcb][4]_i_9
INFO: [Physopt 32-663] Processed net design_1_i/smartconnect_0/inst/s01_nodes/s01_r_node/inst/inst_mi_handler/gen_normal_area.inst_fifo_node_payld/gen_xpm_memory_fifo.inst_fifo/gen_mem_rep[2].inst_xpm_memory/xpm_memory_base_inst/doutb[168].  Re-placed instance design_1_i/smartconnect_0/inst/s01_nodes/s01_r_node/inst/inst_mi_handler/gen_normal_area.inst_fifo_node_payld/gen_xpm_memory_fifo.inst_fifo/gen_mem_rep[2].inst_xpm_memory/xpm_memory_base_inst/gen_rd_b.doutb_reg_reg[168]
INFO: [Physopt 32-662] Processed net design_1_i/xdma_0/inst/udma_wrapper/dma_top/dma_enable.vul_dma/RD/gen_rdwr_loop[1].gen_rdwr_eng.RDWR_INST/pclk_reg_wr_reg_1[0].  Did not re-place instance design_1_i/xdma_0/inst/udma_wrapper/dma_top/dma_enable.vul_dma/RD/gen_rdwr_loop[1].gen_rdwr_eng.RDWR_INST/reg_sts_nn1[12]_i_1
INFO: [Physopt 32-662] Processed net design_1_i/xdma_0/inst/udma_wrapper/dma_top/dma_enable.vul_dma/WR/gen_rdwr_loop[0].gen_rdwr_eng.RDWR_INST/i___8_i_3_n_0.  Did not re-place instance design_1_i/xdma_0/inst/udma_wrapper/dma_top/dma_enable.vul_dma/WR/gen_rdwr_loop[0].gen_rdwr_eng.RDWR_INST/i___8_i_3
INFO: [Physopt 32-663] Processed net design_1_i/xdma_0/inst/udma_wrapper/dma_top/axi4mm_bridge_top_inst/axi4mm_axi_mm_master_top_soft_dma_inst/mi_h2c_rd_brg_dat\\.radr[6].  Re-placed instance design_1_i/xdma_0/inst/udma_wrapper/dma_top/axi4mm_bridge_top_inst/axi4mm_axi_mm_master_top_soft_dma_inst/mi_h2c_rd_brg_dat\\.radr[6]_INST_0
INFO: [Physopt 32-662] Processed net design_1_i/xdma_0/inst/udma_wrapper/dma_top/dma_enable.vul_dma/WR/gen_rdwr_loop[0].gen_rdwr_eng.RDWR_INST/rrq_dsc_radr_902_reg[14]_CE_cooolgate_en_sig_148.  Did not re-place instance design_1_i/xdma_0/inst/udma_wrapper/dma_top/dma_enable.vul_dma/WR/gen_rdwr_loop[0].gen_rdwr_eng.RDWR_INST/rrq_dsc_radr_902_reg[14]_CE_cooolgate_en_gate_3148
INFO: [Physopt 32-663] Processed net design_1_i/xdma_0/inst/udma_wrapper/dma_top/dma_enable.vul_dma/WR/gen_rdwr_loop[0].gen_rdwr_eng.RDWR_INST/reg_sts_hlt_nn1.  Re-placed instance design_1_i/xdma_0/inst/udma_wrapper/dma_top/dma_enable.vul_dma/WR/gen_rdwr_loop[0].gen_rdwr_eng.RDWR_INST/reg_sts_hlt_nn1_reg
INFO: [Physopt 32-663] Processed net design_1_i/xdma_0/inst/udma_wrapper/dma_top/dma_enable.vul_dma/WR/gen_rdwr_loop[0].gen_rdwr_eng.RDWR_INST/RRQ_FIFO/rrq_vld_902.  Re-placed instance design_1_i/xdma_0/inst/udma_wrapper/dma_top/dma_enable.vul_dma/WR/gen_rdwr_loop[0].gen_rdwr_eng.RDWR_INST/RRQ_FIFO/rrq_vld_903_i_1
INFO: [Physopt 32-663] Processed net design_1_i/xdma_0/inst/udma_wrapper/dma_top/dma_enable.vul_dma/WR/gen_rdwr_loop[0].gen_rdwr_eng.RDWR_INST/RRQ_FIFO/D[0].  Re-placed instance design_1_i/xdma_0/inst/udma_wrapper/dma_top/dma_enable.vul_dma/WR/gen_rdwr_loop[0].gen_rdwr_eng.RDWR_INST/RRQ_FIFO/rrq_sm_cur_900[3]_i_1
INFO: [Physopt 32-663] Processed net design_1_i/xdma_0/inst/udma_wrapper/dma_top/dma_enable.vul_dma/WR/gen_rdwr_loop[0].gen_rdwr_eng.RDWR_INST/rrq_sm_cur_900[3]_i_2_n_0.  Re-placed instance design_1_i/xdma_0/inst/udma_wrapper/dma_top/dma_enable.vul_dma/WR/gen_rdwr_loop[0].gen_rdwr_eng.RDWR_INST/rrq_sm_cur_900[3]_i_2
INFO: [Physopt 32-662] Processed net design_1_i/xdma_0/inst/udma_wrapper/dma_top/dma_enable.vul_dma/WR/gen_rdwr_loop[0].gen_rdwr_eng.RDWR_INST/rrq_dsc_radr_out_902[29].  Did not re-place instance design_1_i/xdma_0/inst/udma_wrapper/dma_top/dma_enable.vul_dma/WR/gen_rdwr_loop[0].gen_rdwr_eng.RDWR_INST/rrq_dsc_radr_902_reg[29]
INFO: [Physopt 32-663] Processed net design_1_i/smartconnect_0/inst/m01_nodes/m01_w_node/inst/inst_mi_handler/gen_normal_area.inst_fifo_node_payld/gen_xpm_memory_fifo.inst_fifo/gen_mem_rep[2].inst_xpm_memory/xpm_memory_base_inst/doutb[134].  Re-placed instance design_1_i/smartconnect_0/inst/m01_nodes/m01_w_node/inst/inst_mi_handler/gen_normal_area.inst_fifo_node_payld/gen_xpm_memory_fifo.inst_fifo/gen_mem_rep[2].inst_xpm_memory/xpm_memory_base_inst/gen_rd_b.doutb_reg_reg[134]
INFO: [Physopt 32-663] Processed net design_1_i/smartconnect_0/inst/m01_nodes/m01_w_node/inst/inst_mi_handler/gen_normal_area.inst_fifo_node_payld/gen_xpm_memory_fifo.inst_fifo/m_sc_payld[28].  Re-placed instance design_1_i/smartconnect_0/inst/m01_nodes/m01_w_node/inst/inst_mi_handler/gen_normal_area.inst_fifo_node_payld/gen_xpm_memory_fifo.inst_fifo/m_sc_payld[48]_INST_0
INFO: [Physopt 32-662] Processed net design_1_i/smartconnect_0/inst/m01_nodes/m01_w_node/inst/inst_mi_handler/gen_normal_area.inst_fifo_node_payld/gen_xpm_memory_fifo.inst_fifo/m_sc_payld[48]_INST_0_i_10_n_0.  Did not re-place instance design_1_i/smartconnect_0/inst/m01_nodes/m01_w_node/inst/inst_mi_handler/gen_normal_area.inst_fifo_node_payld/gen_xpm_memory_fifo.inst_fifo/m_sc_payld[48]_INST_0_i_10
INFO: [Physopt 32-663] Processed net design_1_i/smartconnect_0/inst/m01_nodes/m01_w_node/inst/inst_mi_handler/gen_normal_area.inst_fifo_node_payld/gen_xpm_memory_fifo.inst_fifo/gen_mem_rep[3].inst_xpm_memory/xpm_memory_base_inst/doutb[96].  Re-placed instance design_1_i/smartconnect_0/inst/m01_nodes/m01_w_node/inst/inst_mi_handler/gen_normal_area.inst_fifo_node_payld/gen_xpm_memory_fifo.inst_fifo/gen_mem_rep[3].inst_xpm_memory/xpm_memory_base_inst/gen_rd_b.doutb_reg_reg[96]
INFO: [Physopt 32-662] Processed net design_1_i/smartconnect_0/inst/m01_nodes/m01_w_node/inst/inst_mi_handler/gen_normal_area.inst_fifo_node_payld/gen_xpm_memory_fifo.inst_fifo/m_sc_payld[21]_INST_0_i_10_n_0.  Did not re-place instance design_1_i/smartconnect_0/inst/m01_nodes/m01_w_node/inst/inst_mi_handler/gen_normal_area.inst_fifo_node_payld/gen_xpm_memory_fifo.inst_fifo/m_sc_payld[21]_INST_0_i_10
INFO: [Physopt 32-662] Processed net design_1_i/smartconnect_0/inst/m00_nodes/m00_w_node/inst/inst_mi_handler/gen_normal_area.inst_fifo_node_payld/gen_xpm_memory_fifo.inst_fifo/m_sc_payld[48]_INST_0_i_9_n_0.  Did not re-place instance design_1_i/smartconnect_0/inst/m00_nodes/m00_w_node/inst/inst_mi_handler/gen_normal_area.inst_fifo_node_payld/gen_xpm_memory_fifo.inst_fifo/m_sc_payld[48]_INST_0_i_9
INFO: [Physopt 32-663] Processed net design_1_i/xdma_0/inst/udma_wrapper/dma_top/axi4mm_bridge_top_inst/axi4mm_axi_mm_master_top_inst/axi4mm_axi_mm_master_wr_inst/m_axi_litex_wstrb_ff_reg[0]_CE_cooolgate_en_sig_1034.  Re-placed instance design_1_i/xdma_0/inst/udma_wrapper/dma_top/axi4mm_bridge_top_inst/axi4mm_axi_mm_master_top_inst/axi4mm_axi_mm_master_wr_inst/m_axi_litex_wstrb_ff_reg[0]_CE_cooolgate_en_gate_7397_LOPT_REMAP
INFO: [Physopt 32-663] Processed net design_1_i/xdma_0/inst/udma_wrapper/dma_top/axi4mm_bridge_top_inst/axi4mm_axi_mm_master_top_inst/axi4mm_axi_mm_master_wr_inst/FSM_sequential_wrlitesm_cs_reg[1]_0.  Re-placed instance design_1_i/xdma_0/inst/udma_wrapper/dma_top/axi4mm_bridge_top_inst/axi4mm_axi_mm_master_top_inst/axi4mm_axi_mm_master_wr_inst/m_axi_litex_awaddr_ff[11]_i_3
INFO: [Physopt 32-662] Processed net design_1_i/smartconnect_0/inst/s00_entry_pipeline/s00_mmu/inst/b_sreg/s_axi_bvalid.  Did not re-place instance design_1_i/smartconnect_0/inst/s00_entry_pipeline/s00_mmu/inst/b_sreg/state_reg[m_valid_i]
INFO: [Physopt 32-663] Processed net design_1_i/xdma_0/inst/udma_wrapper/dma_top/axi4mm_bridge_top_inst/axi4mm_axi_mm_master_top_inst/axi4mm_axi_mm_master_wr_inst/m_axi_litex_awaddr_ff[11]_i_5_n_0.  Re-placed instance design_1_i/xdma_0/inst/udma_wrapper/dma_top/axi4mm_bridge_top_inst/axi4mm_axi_mm_master_top_inst/axi4mm_axi_mm_master_wr_inst/m_axi_litex_awaddr_ff[11]_i_5
INFO: [Physopt 32-663] Processed net design_1_i/xdma_0/inst/udma_wrapper/dma_top/axi4mm_bridge_top_inst/axi4mm_axi_mm_master_top_inst/axi4mm_axi_mm_master_wr_inst/m_axi_litex_wstrb_ff[3]_i_1_n_0.  Re-placed instance design_1_i/xdma_0/inst/udma_wrapper/dma_top/axi4mm_bridge_top_inst/axi4mm_axi_mm_master_top_inst/axi4mm_axi_mm_master_wr_inst/m_axi_litex_wstrb_ff[3]_i_1
INFO: [Physopt 32-662] Processed net design_1_i/xdma_0/inst/udma_wrapper/dma_top/axi4mm_bridge_top_inst/axi4mm_axi_mm_master_top_inst/axi4mm_axi_mm_master_wr_inst/I192[32].  Did not re-place instance design_1_i/xdma_0/inst/udma_wrapper/dma_top/axi4mm_bridge_top_inst/axi4mm_axi_mm_master_top_inst/axi4mm_axi_mm_master_wr_inst/m_axi_litex_wstrb_ff_reg[0]
INFO: [Physopt 32-662] Processed net design_1_i/xdma_0/inst/udma_wrapper/dma_top/axi4mm_bridge_top_inst/axi4mm_axi_mm_master_top_inst/axi4mm_axi_mm_master_wr_inst/I192[33].  Did not re-place instance design_1_i/xdma_0/inst/udma_wrapper/dma_top/axi4mm_bridge_top_inst/axi4mm_axi_mm_master_top_inst/axi4mm_axi_mm_master_wr_inst/m_axi_litex_wstrb_ff_reg[1]
INFO: [Physopt 32-662] Processed net design_1_i/xdma_0/inst/udma_wrapper/dma_top/axi4mm_bridge_top_inst/axi4mm_axi_mm_master_top_inst/axi4mm_axi_mm_master_wr_inst/I192[34].  Did not re-place instance design_1_i/xdma_0/inst/udma_wrapper/dma_top/axi4mm_bridge_top_inst/axi4mm_axi_mm_master_top_inst/axi4mm_axi_mm_master_wr_inst/m_axi_litex_wstrb_ff_reg[2]
INFO: [Physopt 32-662] Processed net design_1_i/xdma_0/inst/udma_wrapper/dma_top/axi4mm_bridge_top_inst/axi4mm_axi_mm_master_top_inst/axi4mm_axi_mm_master_wr_inst/I192[35].  Did not re-place instance design_1_i/xdma_0/inst/udma_wrapper/dma_top/axi4mm_bridge_top_inst/axi4mm_axi_mm_master_top_inst/axi4mm_axi_mm_master_wr_inst/m_axi_litex_wstrb_ff_reg[3]
INFO: [Physopt 32-663] Processed net design_1_i/xdma_0/inst/design_1_xdma_0_2_pcie2_to_pcie3_wrapper_i/pcie2_ip_i/U0/inst/gt_top_i/pipe_wrapper_i/pipe_lane[0].pipe_user_i/gt_rxvalid_q_reg.  Re-placed instance design_1_i/xdma_0/inst/design_1_xdma_0_2_pcie2_to_pcie3_wrapper_i/pcie2_ip_i/U0/inst/gt_top_i/pipe_wrapper_i/pipe_lane[0].pipe_user_i/gt_rxvalid_q_i_5
INFO: [Physopt 32-662] Processed net design_1_i/xdma_0/inst/design_1_xdma_0_2_pcie2_to_pcie3_wrapper_i/pcie2_ip_i/U0/inst/gt_top_i/gt_rx_valid_filter[0].GT_RX_VALID_FILTER_7x_inst/gt_rxvalid_q.  Did not re-place instance design_1_i/xdma_0/inst/design_1_xdma_0_2_pcie2_to_pcie3_wrapper_i/pcie2_ip_i/U0/inst/gt_top_i/gt_rx_valid_filter[0].GT_RX_VALID_FILTER_7x_inst/gt_rxvalid_q_i_1
INFO: [Physopt 32-663] Processed net design_1_i/xdma_0/inst/design_1_xdma_0_2_pcie2_to_pcie3_wrapper_i/pcie2_ip_i/U0/inst/gt_top_i/pipe_wrapper_i/pipe_lane[0].pipe_user_i/FSM_onehot_reg_state_eios_det_reg[5].  Re-placed instance design_1_i/xdma_0/inst/design_1_xdma_0_2_pcie2_to_pcie3_wrapper_i/pcie2_ip_i/U0/inst/gt_top_i/pipe_wrapper_i/pipe_lane[0].pipe_user_i/gt_rxvalid_q_i_4
INFO: [Physopt 32-662] Processed net design_1_i/xdma_0/inst/design_1_xdma_0_2_pcie2_to_pcie3_wrapper_i/pcie2_ip_i/U0/inst/gt_top_i/gt_rx_valid_filter[0].GT_RX_VALID_FILTER_7x_inst/gt_rxvalid_q_reg_0.  Did not re-place instance design_1_i/xdma_0/inst/design_1_xdma_0_2_pcie2_to_pcie3_wrapper_i/pcie2_ip_i/U0/inst/gt_top_i/gt_rx_valid_filter[0].GT_RX_VALID_FILTER_7x_inst/gt_rxvalid_q_reg
INFO: [Physopt 32-662] Processed net design_1_i/xdma_0/inst/design_1_xdma_0_2_pcie2_to_pcie3_wrapper_i/pcie2_ip_i/U0/inst/pcie_top_i/axi_basic_top_i/rx_inst/rx_null_gen_inst/minusOp__0_carry_i_1_n_0.  Did not re-place instance design_1_i/xdma_0/inst/design_1_xdma_0_2_pcie2_to_pcie3_wrapper_i/pcie2_ip_i/U0/inst/pcie_top_i/axi_basic_top_i/rx_inst/rx_null_gen_inst/minusOp__0_carry_i_1
INFO: [Physopt 32-662] Processed net design_1_i/smartconnect_0/inst/m01_nodes/m01_w_node/inst/inst_mi_handler/gen_normal_area.inst_fifo_node_payld/gen_xpm_memory_fifo.inst_fifo/m_sc_payld[21]_INST_0_i_14_n_0.  Did not re-place instance design_1_i/smartconnect_0/inst/m01_nodes/m01_w_node/inst/inst_mi_handler/gen_normal_area.inst_fifo_node_payld/gen_xpm_memory_fifo.inst_fifo/m_sc_payld[21]_INST_0_i_14
INFO: [Physopt 32-663] Processed net design_1_i/smartconnect_0/inst/m01_nodes/m01_w_node/inst/inst_mi_handler/gen_normal_area.inst_fifo_node_payld/gen_xpm_memory_fifo.inst_fifo/gen_mem_rep[0].inst_xpm_memory/xpm_memory_base_inst/doutb[129].  Re-placed instance design_1_i/smartconnect_0/inst/m01_nodes/m01_w_node/inst/inst_mi_handler/gen_normal_area.inst_fifo_node_payld/gen_xpm_memory_fifo.inst_fifo/gen_mem_rep[0].inst_xpm_memory/xpm_memory_base_inst/gen_rd_b.doutb_reg_reg[129]
INFO: [Physopt 32-663] Processed net design_1_i/smartconnect_0/inst/m00_nodes/m00_w_node/inst/inst_mi_handler/gen_normal_area.inst_fifo_node_payld/gen_xpm_memory_fifo.inst_fifo/gen_mem_rep[1].inst_xpm_memory/xpm_memory_base_inst/doutb[145].  Re-placed instance design_1_i/smartconnect_0/inst/m00_nodes/m00_w_node/inst/inst_mi_handler/gen_normal_area.inst_fifo_node_payld/gen_xpm_memory_fifo.inst_fifo/gen_mem_rep[1].inst_xpm_memory/xpm_memory_base_inst/gen_rd_b.doutb_reg_reg[145]
INFO: [Physopt 32-662] Processed net design_1_i/smartconnect_0/inst/m00_nodes/m00_w_node/inst/inst_mi_handler/gen_normal_area.inst_fifo_node_payld/gen_xpm_memory_fifo.inst_fifo/m_sc_payld[48]_INST_0_i_8_n_0.  Did not re-place instance design_1_i/smartconnect_0/inst/m00_nodes/m00_w_node/inst/inst_mi_handler/gen_normal_area.inst_fifo_node_payld/gen_xpm_memory_fifo.inst_fifo/m_sc_payld[48]_INST_0_i_8
INFO: [Physopt 32-663] Processed net design_1_i/smartconnect_0/inst/m01_nodes/m01_w_node/inst/inst_mi_handler/gen_normal_area.inst_fifo_node_payld/gen_xpm_memory_fifo.inst_fifo/gen_mem_rep[0].inst_xpm_memory/xpm_memory_base_inst/doutb[93].  Re-placed instance design_1_i/smartconnect_0/inst/m01_nodes/m01_w_node/inst/inst_mi_handler/gen_normal_area.inst_fifo_node_payld/gen_xpm_memory_fifo.inst_fifo/gen_mem_rep[0].inst_xpm_memory/xpm_memory_base_inst/gen_rd_b.doutb_reg_reg[93]
INFO: [Physopt 32-662] Processed net design_1_i/smartconnect_0/inst/m01_nodes/m01_w_node/inst/inst_mi_handler/gen_normal_area.inst_fifo_node_payld/gen_xpm_memory_fifo.inst_fifo/m_sc_payld[21]_INST_0_i_11_n_0.  Did not re-place instance design_1_i/smartconnect_0/inst/m01_nodes/m01_w_node/inst/inst_mi_handler/gen_normal_area.inst_fifo_node_payld/gen_xpm_memory_fifo.inst_fifo/m_sc_payld[21]_INST_0_i_11
INFO: [Physopt 32-662] Processed net design_1_i/xdma_0/inst/udma_wrapper/dma_top/dma_enable.vul_dma/WR/gen_rdwr_loop[0].gen_rdwr_eng.RDWR_INST/rrq_dsc_radr_out_902[28].  Did not re-place instance design_1_i/xdma_0/inst/udma_wrapper/dma_top/dma_enable.vul_dma/WR/gen_rdwr_loop[0].gen_rdwr_eng.RDWR_INST/rrq_dsc_radr_902_reg[28]
INFO: [Physopt 32-662] Processed net design_1_i/xdma_0/inst/udma_wrapper/dma_top/dma_enable.vul_dma/WR/gen_rdwr_loop[0].gen_rdwr_eng.RDWR_INST/rrq_dsc_radr_out_902[32].  Did not re-place instance design_1_i/xdma_0/inst/udma_wrapper/dma_top/dma_enable.vul_dma/WR/gen_rdwr_loop[0].gen_rdwr_eng.RDWR_INST/rrq_dsc_radr_902_reg[32]
INFO: [Physopt 32-662] Processed net design_1_i/xdma_0/inst/udma_wrapper/dma_top/dma_enable.vul_dma/WR/gen_rdwr_loop[0].gen_rdwr_eng.RDWR_INST/rrq_dsc_radr_out_902[33].  Did not re-place instance design_1_i/xdma_0/inst/udma_wrapper/dma_top/dma_enable.vul_dma/WR/gen_rdwr_loop[0].gen_rdwr_eng.RDWR_INST/rrq_dsc_radr_902_reg[33]
INFO: [Physopt 32-662] Processed net design_1_i/xdma_0/inst/udma_wrapper/dma_top/dma_enable.vul_dma/WR/gen_rdwr_loop[0].gen_rdwr_eng.RDWR_INST/rrq_dsc_radr_out_902[34].  Did not re-place instance design_1_i/xdma_0/inst/udma_wrapper/dma_top/dma_enable.vul_dma/WR/gen_rdwr_loop[0].gen_rdwr_eng.RDWR_INST/rrq_dsc_radr_902_reg[34]
INFO: [Physopt 32-662] Processed net design_1_i/xdma_0/inst/design_1_xdma_0_2_pcie2_to_pcie3_wrapper_i/design_1_xdma_0_2_axi_stream_intf_i/design_1_xdma_0_2_tx_mux_i/transfer_SM[1].  Did not re-place instance design_1_i/xdma_0/inst/design_1_xdma_0_2_pcie2_to_pcie3_wrapper_i/design_1_xdma_0_2_axi_stream_intf_i/design_1_xdma_0_2_tx_mux_i/FSM_sequential_transfer_SM_reg[1]
INFO: [Physopt 32-663] Processed net design_1_i/smartconnect_0/inst/m01_nodes/m01_w_node/inst/inst_mi_handler/gen_normal_area.inst_fifo_node_payld/gen_xpm_memory_fifo.inst_fifo/gen_mem_rep[2].inst_xpm_memory/xpm_memory_base_inst/doutb[71].  Re-placed instance design_1_i/smartconnect_0/inst/m01_nodes/m01_w_node/inst/inst_mi_handler/gen_normal_area.inst_fifo_node_payld/gen_xpm_memory_fifo.inst_fifo/gen_mem_rep[2].inst_xpm_memory/xpm_memory_base_inst/gen_rd_b.doutb_reg_reg[71]
INFO: [Physopt 32-663] Processed net design_1_i/smartconnect_0/inst/m01_nodes/m01_w_node/inst/inst_mi_handler/gen_normal_area.inst_fifo_node_payld/gen_xpm_memory_fifo.inst_fifo/gen_mem_rep[1].inst_xpm_memory/xpm_memory_base_inst/doutb[73].  Re-placed instance design_1_i/smartconnect_0/inst/m01_nodes/m01_w_node/inst/inst_mi_handler/gen_normal_area.inst_fifo_node_payld/gen_xpm_memory_fifo.inst_fifo/gen_mem_rep[1].inst_xpm_memory/xpm_memory_base_inst/gen_rd_b.doutb_reg_reg[73]
INFO: [Physopt 32-662] Processed net design_1_i/smartconnect_0/inst/m01_nodes/m01_w_node/inst/inst_mi_handler/gen_normal_area.inst_fifo_node_payld/gen_xpm_memory_fifo.inst_fifo/m_sc_payld[48]_INST_0_i_8_n_0.  Did not re-place instance design_1_i/smartconnect_0/inst/m01_nodes/m01_w_node/inst/inst_mi_handler/gen_normal_area.inst_fifo_node_payld/gen_xpm_memory_fifo.inst_fifo/m_sc_payld[48]_INST_0_i_8
INFO: [Physopt 32-662] Processed net design_1_i/xdma_0/inst/udma_wrapper/dma_top/dma_enable.vul_dma/WR/gen_rdwr_loop[1].gen_rdwr_eng.RDWR_INST/wrq_pkt_tot_302_reg[1].  Did not re-place instance design_1_i/xdma_0/inst/udma_wrapper/dma_top/dma_enable.vul_dma/WR/gen_rdwr_loop[1].gen_rdwr_eng.RDWR_INST/wrq_pkt_tot_302_reg[1]
INFO: [Physopt 32-662] Processed net design_1_i/xdma_0/inst/udma_wrapper/dma_top/dma_enable.vul_dma/WR/gen_rdwr_loop[1].gen_rdwr_eng.RDWR_INST/i___394_i_5_n_0.  Did not re-place instance design_1_i/xdma_0/inst/udma_wrapper/dma_top/dma_enable.vul_dma/WR/gen_rdwr_loop[1].gen_rdwr_eng.RDWR_INST/i___394_i_5
INFO: [Physopt 32-662] Processed net design_1_i/xdma_0/inst/udma_wrapper/dma_top/dma_enable.vul_dma/WR/gen_rdwr_loop[1].gen_rdwr_eng.RDWR_INST/i___395_i_4_n_0.  Did not re-place instance design_1_i/xdma_0/inst/udma_wrapper/dma_top/dma_enable.vul_dma/WR/gen_rdwr_loop[1].gen_rdwr_eng.RDWR_INST/i___395_i_4
INFO: [Physopt 32-662] Processed net design_1_i/xdma_0/inst/udma_wrapper/dma_top/dma_enable.vul_dma/WR/gen_rdwr_loop[1].gen_rdwr_eng.RDWR_INST/i___415_i_4_n_0.  Did not re-place instance design_1_i/xdma_0/inst/udma_wrapper/dma_top/dma_enable.vul_dma/WR/gen_rdwr_loop[1].gen_rdwr_eng.RDWR_INST/i___415_i_4
INFO: [Physopt 32-662] Processed net design_1_i/xdma_0/inst/udma_wrapper/dma_top/dma_enable.vul_dma/WR/i___397_n_0.  Did not re-place instance design_1_i/xdma_0/inst/udma_wrapper/dma_top/dma_enable.vul_dma/WR/i___397
INFO: [Physopt 32-662] Processed net design_1_i/xdma_0/inst/udma_wrapper/dma_top/dma_enable.vul_dma/WR/gen_rdwr_loop[1].gen_rdwr_eng.RDWR_INST/wrq_rcp_dat_avl_302_reg[7].  Did not re-place instance design_1_i/xdma_0/inst/udma_wrapper/dma_top/dma_enable.vul_dma/WR/gen_rdwr_loop[1].gen_rdwr_eng.RDWR_INST/wrq_rcp_dat_avl_302_reg[7]
INFO: [Physopt 32-662] Processed net design_1_i/smartconnect_0/inst/m01_nodes/m01_w_node/inst/inst_mi_handler/gen_normal_area.inst_fifo_node_payld/gen_xpm_memory_fifo.inst_fifo/m_sc_payld[21]_INST_0_i_7_n_0.  Did not re-place instance design_1_i/smartconnect_0/inst/m01_nodes/m01_w_node/inst/inst_mi_handler/gen_normal_area.inst_fifo_node_payld/gen_xpm_memory_fifo.inst_fifo/m_sc_payld[21]_INST_0_i_7
INFO: [Physopt 32-662] Processed net design_1_i/smartconnect_0/inst/m01_nodes/m01_w_node/inst/inst_mi_handler/gen_normal_area.inst_fifo_node_payld/gen_xpm_memory_fifo.inst_fifo/m_sc_payld[21]_INST_0_i_9_n_0.  Did not re-place instance design_1_i/smartconnect_0/inst/m01_nodes/m01_w_node/inst/inst_mi_handler/gen_normal_area.inst_fifo_node_payld/gen_xpm_memory_fifo.inst_fifo/m_sc_payld[21]_INST_0_i_9
INFO: [Physopt 32-663] Processed net design_1_i/smartconnect_0/inst/m00_nodes/m00_w_node/inst/inst_mi_handler/gen_normal_area.inst_fifo_node_payld/gen_xpm_memory_fifo.inst_fifo/m_sc_payld[19].  Re-placed instance design_1_i/smartconnect_0/inst/m00_nodes/m00_w_node/inst/inst_mi_handler/gen_normal_area.inst_fifo_node_payld/gen_xpm_memory_fifo.inst_fifo/m_sc_payld[39]_INST_0
INFO: [Physopt 32-663] Processed net design_1_i/smartconnect_0/inst/m00_nodes/m00_w_node/inst/inst_mi_handler/gen_normal_area.inst_fifo_node_payld/gen_xpm_memory_fifo.inst_fifo/gen_mem_rep[1].inst_xpm_memory/xpm_memory_base_inst/doutb[136].  Re-placed instance design_1_i/smartconnect_0/inst/m00_nodes/m00_w_node/inst/inst_mi_handler/gen_normal_area.inst_fifo_node_payld/gen_xpm_memory_fifo.inst_fifo/gen_mem_rep[1].inst_xpm_memory/xpm_memory_base_inst/gen_rd_b.doutb_reg_reg[136]
INFO: [Physopt 32-662] Processed net design_1_i/smartconnect_0/inst/m00_nodes/m00_w_node/inst/inst_mi_handler/gen_normal_area.inst_fifo_node_payld/gen_xpm_memory_fifo.inst_fifo/m_sc_payld[39]_INST_0_i_8_n_0.  Did not re-place instance design_1_i/smartconnect_0/inst/m00_nodes/m00_w_node/inst/inst_mi_handler/gen_normal_area.inst_fifo_node_payld/gen_xpm_memory_fifo.inst_fifo/m_sc_payld[39]_INST_0_i_8
INFO: [Physopt 32-662] Processed net design_1_i/xdma_0/inst/udma_wrapper/dma_top/dma_pcie_req/dma_pcie_rq/force_ready_flush_ff.  Did not re-place instance design_1_i/xdma_0/inst/udma_wrapper/dma_top/dma_pcie_req/dma_pcie_rq/force_ready_flush_ff_reg
INFO: [Physopt 32-662] Processed net design_1_i/xdma_0/inst/udma_wrapper/dma_top/dma_enable.vul_dma/WR/gen_rdwr_loop[1].gen_rdwr_eng.RDWR_INST/wrq_pkt_tot_302_reg[0].  Did not re-place instance design_1_i/xdma_0/inst/udma_wrapper/dma_top/dma_enable.vul_dma/WR/gen_rdwr_loop[1].gen_rdwr_eng.RDWR_INST/wrq_pkt_tot_302_reg[0]
INFO: [Physopt 32-662] Processed net design_1_i/xdma_0/inst/udma_wrapper/dma_top/dma_enable.vul_dma/WR/gen_rdwr_loop[1].gen_rdwr_eng.RDWR_INST/i___415_i_5_n_0.  Did not re-place instance design_1_i/xdma_0/inst/udma_wrapper/dma_top/dma_enable.vul_dma/WR/gen_rdwr_loop[1].gen_rdwr_eng.RDWR_INST/i___415_i_5
INFO: [Physopt 32-663] Processed net design_1_i/smartconnect_0/inst/s00_nodes/s00_w_node/inst/inst_si_handler/arb_stall_r_reg_4.  Re-placed instance design_1_i/smartconnect_0/inst/s00_nodes/s00_w_node/inst/inst_si_handler/gen_w_ch.accum[bytes][24][userdata][7]_i_1
INFO: [Physopt 32-662] Processed net design_1_i/smartconnect_0/inst/s00_entry_pipeline/s00_si_converter/inst/gen_normal.splitter_inst/gen_no_wsplitter.gen_endpoint_woffset.gen_wbypass_offset_fifo.wbypass_offset_fifo/m_axi_wvalid.  Did not re-place instance design_1_i/smartconnect_0/inst/s00_entry_pipeline/s00_si_converter/inst/gen_normal.splitter_inst/gen_no_wsplitter.gen_endpoint_woffset.gen_wbypass_offset_fifo.wbypass_offset_fifo/m_axi_wvalid_INST_0
INFO: [Physopt 32-662] Processed net design_1_i/smartconnect_0/inst/s00_nodes/s00_w_node/inst/inst_mi_handler/gen_normal_area.gen_upsizer.inst_upsizer/gen_w_ch.accum[bytes][8][userdata][7]_i_3_n_0.  Did not re-place instance design_1_i/smartconnect_0/inst/s00_nodes/s00_w_node/inst/inst_mi_handler/gen_normal_area.gen_upsizer.inst_upsizer/gen_w_ch.accum[bytes][8][userdata][7]_i_3
INFO: [Physopt 32-663] Processed net design_1_i/smartconnect_0/inst/m01_nodes/m01_w_node/inst/inst_mi_handler/gen_normal_area.inst_fifo_node_payld/gen_xpm_memory_fifo.inst_fifo/gen_mem_rep[2].inst_xpm_memory/xpm_memory_base_inst/doutb[98].  Re-placed instance design_1_i/smartconnect_0/inst/m01_nodes/m01_w_node/inst/inst_mi_handler/gen_normal_area.inst_fifo_node_payld/gen_xpm_memory_fifo.inst_fifo/gen_mem_rep[2].inst_xpm_memory/xpm_memory_base_inst/gen_rd_b.doutb_reg_reg[98]
INFO: [Physopt 32-663] Processed net design_1_i/smartconnect_0/inst/s00_entry_pipeline/s00_mmu/inst/gen_endpoint.w_state[1].  Re-placed instance design_1_i/smartconnect_0/inst/s00_entry_pipeline/s00_mmu/inst/gen_endpoint.w_state_reg[1]
INFO: [Physopt 32-663] Processed net design_1_i/smartconnect_0/inst/s00_nodes/s00_w_node/inst/inst_si_handler/E[0].  Re-placed instance design_1_i/smartconnect_0/inst/s00_nodes/s00_w_node/inst/inst_si_handler/pntr[3]_i_1
INFO: [Physopt 32-662] Processed net design_1_i/smartconnect_0/inst/s00_entry_pipeline/s00_mmu/inst/w_sreg/m_axi_wvalid.  Did not re-place instance design_1_i/smartconnect_0/inst/s00_entry_pipeline/s00_mmu/inst/w_sreg/m_axi_wvalid_INST_0
INFO: [Physopt 32-662] Processed net design_1_i/smartconnect_0/inst/m01_nodes/m01_w_node/inst/inst_mi_handler/gen_normal_area.inst_fifo_node_payld/gen_xpm_memory_fifo.inst_fifo/m_sc_payld[48]_INST_0_i_9_n_0.  Did not re-place instance design_1_i/smartconnect_0/inst/m01_nodes/m01_w_node/inst/inst_mi_handler/gen_normal_area.inst_fifo_node_payld/gen_xpm_memory_fifo.inst_fifo/m_sc_payld[48]_INST_0_i_9
INFO: [Physopt 32-662] Processed net design_1_i/smartconnect_0/inst/s00_nodes/s00_w_node/inst/inst_mi_handler/gen_normal_area.gen_upsizer.inst_upsizer/pntr_reg[2]_2.  Did not re-place instance design_1_i/smartconnect_0/inst/s00_nodes/s00_w_node/inst/inst_mi_handler/gen_normal_area.gen_upsizer.inst_upsizer/gen_w_ch.accum[bytes][24][userdata][7]_i_2
INFO: [Physopt 32-662] Processed net design_1_i/smartconnect_0/inst/s00_nodes/s00_w_node/inst/inst_mi_handler/gen_normal_area.gen_upsizer.inst_upsizer/gen_normal_area.upsizer_node_payld[232].  Did not re-place instance design_1_i/smartconnect_0/inst/s00_nodes/s00_w_node/inst/inst_mi_handler/gen_normal_area.gen_upsizer.inst_upsizer/gen_w_ch.accum_reg[bytes][24][userdata][0]
INFO: [Physopt 32-662] Processed net design_1_i/smartconnect_0/inst/s00_nodes/s00_w_node/inst/inst_mi_handler/gen_normal_area.gen_upsizer.inst_upsizer/gen_normal_area.upsizer_node_payld[233].  Did not re-place instance design_1_i/smartconnect_0/inst/s00_nodes/s00_w_node/inst/inst_mi_handler/gen_normal_area.gen_upsizer.inst_upsizer/gen_w_ch.accum_reg[bytes][24][userdata][1]
INFO: [Physopt 32-662] Processed net design_1_i/smartconnect_0/inst/s00_nodes/s00_w_node/inst/inst_mi_handler/gen_normal_area.gen_upsizer.inst_upsizer/gen_normal_area.upsizer_node_payld[234].  Did not re-place instance design_1_i/smartconnect_0/inst/s00_nodes/s00_w_node/inst/inst_mi_handler/gen_normal_area.gen_upsizer.inst_upsizer/gen_w_ch.accum_reg[bytes][24][userdata][2]
INFO: [Physopt 32-662] Processed net design_1_i/smartconnect_0/inst/s00_nodes/s00_w_node/inst/inst_mi_handler/gen_normal_area.gen_upsizer.inst_upsizer/gen_normal_area.upsizer_node_payld[235].  Did not re-place instance design_1_i/smartconnect_0/inst/s00_nodes/s00_w_node/inst/inst_mi_handler/gen_normal_area.gen_upsizer.inst_upsizer/gen_w_ch.accum_reg[bytes][24][userdata][3]
INFO: [Physopt 32-662] Processed net design_1_i/smartconnect_0/inst/s00_nodes/s00_w_node/inst/inst_mi_handler/gen_normal_area.gen_upsizer.inst_upsizer/gen_normal_area.upsizer_node_payld[236].  Did not re-place instance design_1_i/smartconnect_0/inst/s00_nodes/s00_w_node/inst/inst_mi_handler/gen_normal_area.gen_upsizer.inst_upsizer/gen_w_ch.accum_reg[bytes][24][userdata][4]
INFO: [Physopt 32-662] Processed net design_1_i/smartconnect_0/inst/s00_nodes/s00_w_node/inst/inst_mi_handler/gen_normal_area.gen_upsizer.inst_upsizer/gen_normal_area.upsizer_node_payld[237].  Did not re-place instance design_1_i/smartconnect_0/inst/s00_nodes/s00_w_node/inst/inst_mi_handler/gen_normal_area.gen_upsizer.inst_upsizer/gen_w_ch.accum_reg[bytes][24][userdata][5]
INFO: [Physopt 32-662] Processed net design_1_i/smartconnect_0/inst/s00_nodes/s00_w_node/inst/inst_mi_handler/gen_normal_area.gen_upsizer.inst_upsizer/gen_normal_area.upsizer_node_payld[238].  Did not re-place instance design_1_i/smartconnect_0/inst/s00_nodes/s00_w_node/inst/inst_mi_handler/gen_normal_area.gen_upsizer.inst_upsizer/gen_w_ch.accum_reg[bytes][24][userdata][6]
INFO: [Physopt 32-662] Processed net design_1_i/smartconnect_0/inst/s00_nodes/s00_w_node/inst/inst_mi_handler/gen_normal_area.gen_upsizer.inst_upsizer/gen_normal_area.upsizer_node_payld[239].  Did not re-place instance design_1_i/smartconnect_0/inst/s00_nodes/s00_w_node/inst/inst_mi_handler/gen_normal_area.gen_upsizer.inst_upsizer/gen_w_ch.accum_reg[bytes][24][userdata][7]
INFO: [Physopt 32-662] Processed net design_1_i/xdma_0/inst/design_1_xdma_0_2_pcie2_to_pcie3_wrapper_i/design_1_xdma_0_2_axi_stream_intf_i/design_1_xdma_0_2_tgt_req_i/s_axis_cq_tdata_out[63]_INST_0_i_1_n_0.  Did not re-place instance design_1_i/xdma_0/inst/design_1_xdma_0_2_pcie2_to_pcie3_wrapper_i/design_1_xdma_0_2_axi_stream_intf_i/design_1_xdma_0_2_tgt_req_i/s_axis_cq_tdata_out[63]_INST_0_i_1
INFO: [Physopt 32-663] Processed net design_1_i/xdma_0/inst/design_1_xdma_0_2_pcie2_to_pcie3_wrapper_i/pcie2_ip_i/U0/inst/user_reset_out.  Re-placed instance design_1_i/xdma_0/inst/design_1_xdma_0_2_pcie2_to_pcie3_wrapper_i/pcie2_ip_i/U0/inst/user_reset_out_reg
INFO: [Physopt 32-662] Processed net design_1_i/xdma_0/inst/design_1_xdma_0_2_pcie2_to_pcie3_wrapper_i/design_1_xdma_0_2_axi_stream_intf_i/design_1_xdma_0_2_tgt_req_i/s_axis_cq_tdata_out[2].  Did not re-place instance design_1_i/xdma_0/inst/design_1_xdma_0_2_pcie2_to_pcie3_wrapper_i/design_1_xdma_0_2_axi_stream_intf_i/design_1_xdma_0_2_tgt_req_i/s_axis_cq_tdata_out[2]_INST_0
INFO: [Physopt 32-662] Processed net design_1_i/xdma_0/inst/design_1_xdma_0_2_pcie2_to_pcie3_wrapper_i/design_1_xdma_0_2_axi_stream_intf_i/design_1_xdma_0_2_tgt_req_i/user_reset_out_reg.  Did not re-place instance design_1_i/xdma_0/inst/design_1_xdma_0_2_pcie2_to_pcie3_wrapper_i/design_1_xdma_0_2_axi_stream_intf_i/design_1_xdma_0_2_tgt_req_i/s_axis_cq_tuser_out[40]_INST_0
INFO: [Physopt 32-662] Processed net design_1_i/xdma_0/inst/udma_wrapper/dma_top/axi4mm_bridge_top_inst/axi4mm_axi_mm_master_top_inst/axi4mm_axi_str_masterbridge_wrrd_inst/FSM_sequential_memreqsm_cs[0]_i_2_n_0.  Did not re-place instance design_1_i/xdma_0/inst/udma_wrapper/dma_top/axi4mm_bridge_top_inst/axi4mm_axi_mm_master_top_inst/axi4mm_axi_str_masterbridge_wrrd_inst/FSM_sequential_memreqsm_cs[0]_i_2
INFO: [Physopt 32-662] Processed net design_1_i/xdma_0/inst/udma_wrapper/dma_top/axi4mm_bridge_top_inst/axi4mm_axi_mm_master_top_inst/axi4mm_axi_str_masterbridge_wrrd_inst/FSM_sequential_memreqsm_cs[1]_i_2_n_0.  Did not re-place instance design_1_i/xdma_0/inst/udma_wrapper/dma_top/axi4mm_bridge_top_inst/axi4mm_axi_mm_master_top_inst/axi4mm_axi_str_masterbridge_wrrd_inst/FSM_sequential_memreqsm_cs[1]_i_2
INFO: [Physopt 32-662] Processed net design_1_i/xdma_0/inst/design_1_xdma_0_2_pcie2_to_pcie3_wrapper_i/design_1_xdma_0_2_axi_stream_intf_i/design_1_xdma_0_2_tgt_req_i/s_axis_cq_tdata_out[2]_INST_0_i_1_n_0.  Did not re-place instance design_1_i/xdma_0/inst/design_1_xdma_0_2_pcie2_to_pcie3_wrapper_i/design_1_xdma_0_2_axi_stream_intf_i/design_1_xdma_0_2_tgt_req_i/s_axis_cq_tdata_out[2]_INST_0_i_1
INFO: [Physopt 32-662] Processed net design_1_i/xdma_0/inst/udma_wrapper/dma_top/axi4mm_bridge_top_inst/axi4mm_axi_mm_master_top_inst/axi4mm_axi_str_masterbridge_wrrd_inst/FSM_sequential_memreqsm_cs[0]_i_5_n_0.  Did not re-place instance design_1_i/xdma_0/inst/udma_wrapper/dma_top/axi4mm_bridge_top_inst/axi4mm_axi_mm_master_top_inst/axi4mm_axi_str_masterbridge_wrrd_inst/FSM_sequential_memreqsm_cs[0]_i_5
INFO: [Physopt 32-663] Processed net design_1_i/xdma_0/inst/udma_wrapper/dma_top/axi4mm_bridge_top_inst/axi4mm_axi_mm_master_top_inst/axi4mm_axi_str_masterbridge_wrrd_inst/s_axis_cq_tready_ff_i_1_n_0.  Re-placed instance design_1_i/xdma_0/inst/udma_wrapper/dma_top/axi4mm_bridge_top_inst/axi4mm_axi_mm_master_top_inst/axi4mm_axi_str_masterbridge_wrrd_inst/s_axis_cq_tready_ff_i_1
INFO: [Physopt 32-662] Processed net design_1_i/xdma_0/inst/udma_wrapper/dma_top/axi4mm_bridge_top_inst/axi4mm_axi_mm_master_top_inst/axi4mm_axi_str_masterbridge_wrrd_inst/s_axis_cq_tready_nxt.  Did not re-place instance design_1_i/xdma_0/inst/udma_wrapper/dma_top/axi4mm_bridge_top_inst/axi4mm_axi_mm_master_top_inst/axi4mm_axi_str_masterbridge_wrrd_inst/s_axis_cq_tready_ff_i_2
INFO: [Physopt 32-662] Processed net design_1_i/xdma_0/inst/udma_wrapper/dma_top/axi4mm_bridge_top_inst/axi4mm_axi_mm_master_top_inst/axi4mm_axi_str_masterbridge_wrrd_inst/s_axis_cq\\.tready[0].  Did not re-place instance design_1_i/xdma_0/inst/udma_wrapper/dma_top/axi4mm_bridge_top_inst/axi4mm_axi_mm_master_top_inst/axi4mm_axi_str_masterbridge_wrrd_inst/s_axis_cq_tready_ff_reg
INFO: [Physopt 32-662] Processed net design_1_i/xdma_0/inst/udma_wrapper/dma_top/dma_pcie_req/axidma_rrq_arb/Fifowhead.fifoInfo/Q[16].  Did not re-place instance design_1_i/xdma_0/inst/udma_wrapper/dma_top/dma_pcie_req/axidma_rrq_arb/Fifowhead.fifoInfo/Head_reg[57]
INFO: [Physopt 32-662] Processed net design_1_i/xdma_0/inst/design_1_xdma_0_2_pcie2_to_pcie3_wrapper_i/design_1_xdma_0_2_axi_stream_intf_i/design_1_xdma_0_2_tgt_req_i/s_axis_cq_tdata_out[13].  Did not re-place instance design_1_i/xdma_0/inst/design_1_xdma_0_2_pcie2_to_pcie3_wrapper_i/design_1_xdma_0_2_axi_stream_intf_i/design_1_xdma_0_2_tgt_req_i/s_axis_cq_tdata_out[13]_INST_0
INFO: [Physopt 32-662] Processed net design_1_i/xdma_0/inst/design_1_xdma_0_2_pcie2_to_pcie3_wrapper_i/design_1_xdma_0_2_axi_stream_intf_i/design_1_xdma_0_2_tgt_req_i/s_axis_cq_tdata_out[13]_INST_0_i_1_n_0.  Did not re-place instance design_1_i/xdma_0/inst/design_1_xdma_0_2_pcie2_to_pcie3_wrapper_i/design_1_xdma_0_2_axi_stream_intf_i/design_1_xdma_0_2_tgt_req_i/s_axis_cq_tdata_out[13]_INST_0_i_1
INFO: [Physopt 32-662] Processed net design_1_i/xdma_0/inst/udma_wrapper/dma_top/axi4mm_bridge_top_inst/axi4mm_axi_mm_master_top_inst/axi4mm_axi_str_masterbridge_wrrd_inst/FSM_sequential_memreqsm_cs[0]_i_4_n_0.  Did not re-place instance design_1_i/xdma_0/inst/udma_wrapper/dma_top/axi4mm_bridge_top_inst/axi4mm_axi_mm_master_top_inst/axi4mm_axi_str_masterbridge_wrrd_inst/FSM_sequential_memreqsm_cs[0]_i_4
INFO: [Physopt 32-662] Processed net design_1_i/xdma_0/inst/udma_wrapper/dma_top/dma_pcie_req/dma_pcie_rq/RQ_FIFO/rreq_head_rcb_ok_ff[1]_i_22_n_0.  Did not re-place instance design_1_i/xdma_0/inst/udma_wrapper/dma_top/dma_pcie_req/dma_pcie_rq/RQ_FIFO/rreq_head_rcb_ok_ff[1]_i_22
INFO: [Physopt 32-663] Processed net design_1_i/xdma_0/inst/udma_wrapper/dma_top/dma_enable.vul_dma/dsc_eng.DSC/p_150_in.  Re-placed instance design_1_i/xdma_0/inst/udma_wrapper/dma_top/dma_enable.vul_dma/dsc_eng.DSC/dsc_fifo_wr_nn1_i_1
INFO: [Physopt 32-662] Processed net design_1_i/xdma_0/inst/udma_wrapper/dma_top/dma_enable.vul_dma/dsc_eng.DSC/rcp_stp_nxt_nn1_reg[0]_CE_cooolgate_en_sig_1187.  Did not re-place instance design_1_i/xdma_0/inst/udma_wrapper/dma_top/dma_enable.vul_dma/dsc_eng.DSC/rcp_stp_nxt_nn1_reg[0]_CE_cooolgate_en_gate_7944
INFO: [Physopt 32-663] Processed net design_1_i/xdma_0/inst/udma_wrapper/dma_top/dma_enable.vul_dma/dsc_eng.DSC/chn_dsc_wr_nn0[3].  Re-placed instance design_1_i/xdma_0/inst/udma_wrapper/dma_top/dma_enable.vul_dma/dsc_eng.DSC/rcp_adr_nxt_rdy_nn1[3]_i_2
INFO: [Physopt 32-662] Processed net design_1_i/xdma_0/inst/udma_wrapper/dma_top/dma_enable.vul_dma/dsc_eng.DSC/rcp_stp_nxt_nn1092_out.  Did not re-place instance design_1_i/xdma_0/inst/udma_wrapper/dma_top/dma_enable.vul_dma/dsc_eng.DSC/rcp_adj_nxt_nn1[3][5]_i_1
INFO: [Physopt 32-663] Processed net design_1_i/xdma_0/inst/udma_wrapper/dma_top/dma_enable.vul_dma/dsc_eng.DSC/rcp_mgc_nn1_reg_n_0_[0].  Re-placed instance design_1_i/xdma_0/inst/udma_wrapper/dma_top/dma_enable.vul_dma/dsc_eng.DSC/rcp_mgc_nn1_reg[0]
INFO: [Physopt 32-663] Processed net design_1_i/xdma_0/inst/udma_wrapper/dma_top/dma_enable.vul_dma/dsc_eng.DSC/dsc_fifo_wr_nn1_i_2_n_0.  Re-placed instance design_1_i/xdma_0/inst/udma_wrapper/dma_top/dma_enable.vul_dma/dsc_eng.DSC/dsc_fifo_wr_nn1_i_2
INFO: [Physopt 32-663] Processed net design_1_i/xdma_0/inst/udma_wrapper/dma_top/dma_enable.vul_dma/dsc_eng.DSC/rcp_stp_nxt_nn1_reg[1]_CE_cooolgate_en_sig_1189.  Re-placed instance design_1_i/xdma_0/inst/udma_wrapper/dma_top/dma_enable.vul_dma/dsc_eng.DSC/rcp_stp_nxt_nn1_reg[1]_CE_cooolgate_en_gate_7946
INFO: [Physopt 32-662] Processed net design_1_i/xdma_0/inst/udma_wrapper/dma_top/dma_enable.vul_dma/dsc_eng.DSC/rcp_stp_nxt_nn1[1].  Did not re-place instance design_1_i/xdma_0/inst/udma_wrapper/dma_top/dma_enable.vul_dma/dsc_eng.DSC/rcp_stp_nxt_nn1_reg[1]
INFO: [Physopt 32-662] Processed net design_1_i/smartconnect_0/inst/m01_exit_pipeline/m01_exit/inst/splitter_inst/gen_axi4lite.axilite_conv/Q[4].  Did not re-place instance design_1_i/smartconnect_0/inst/m01_exit_pipeline/m01_exit/inst/splitter_inst/gen_axi4lite.axilite_conv/aw_addr_reg[4]
INFO: [Physopt 32-662] Processed net design_1_i/smartconnect_0/inst/m01_exit_pipeline/m01_exit/inst/splitter_inst/gen_axi4lite.axilite_conv/Q[5].  Did not re-place instance design_1_i/smartconnect_0/inst/m01_exit_pipeline/m01_exit/inst/splitter_inst/gen_axi4lite.axilite_conv/aw_addr_reg[5]
INFO: [Physopt 32-662] Processed net design_1_i/smartconnect_0/inst/m01_exit_pipeline/m01_exit/inst/splitter_inst/gen_axi4lite.axilite_conv/Q[6].  Did not re-place instance design_1_i/smartconnect_0/inst/m01_exit_pipeline/m01_exit/inst/splitter_inst/gen_axi4lite.axilite_conv/aw_addr_reg[6]
INFO: [Physopt 32-662] Processed net design_1_i/smartconnect_0/inst/m01_exit_pipeline/m01_exit/inst/splitter_inst/gen_axi4lite.axilite_conv/Q[8].  Did not re-place instance design_1_i/smartconnect_0/inst/m01_exit_pipeline/m01_exit/inst/splitter_inst/gen_axi4lite.axilite_conv/aw_addr_reg[8]
INFO: [Physopt 32-662] Processed net design_1_i/smartconnect_0/inst/s00_nodes/s00_w_node/inst/inst_mi_handler/gen_normal_area.gen_upsizer.inst_upsizer/gen_normal_area.upsizer_node_payld[244].  Did not re-place instance design_1_i/smartconnect_0/inst/s00_nodes/s00_w_node/inst/inst_mi_handler/gen_normal_area.gen_upsizer.inst_upsizer/gen_w_ch.accum_reg[bytes][25][userdata][3]
INFO: [Physopt 32-662] Processed net design_1_i/smartconnect_0/inst/s00_nodes/s00_w_node/inst/inst_mi_handler/gen_normal_area.gen_upsizer.inst_upsizer/gen_normal_area.upsizer_node_payld[246].  Did not re-place instance design_1_i/smartconnect_0/inst/s00_nodes/s00_w_node/inst/inst_mi_handler/gen_normal_area.gen_upsizer.inst_upsizer/gen_w_ch.accum_reg[bytes][25][userdata][5]
INFO: [Physopt 32-662] Processed net design_1_i/smartconnect_0/inst/s00_nodes/s00_w_node/inst/inst_mi_handler/gen_normal_area.gen_upsizer.inst_upsizer/gen_normal_area.upsizer_node_payld[250].  Did not re-place instance design_1_i/smartconnect_0/inst/s00_nodes/s00_w_node/inst/inst_mi_handler/gen_normal_area.gen_upsizer.inst_upsizer/gen_w_ch.accum_reg[bytes][26][userdata][0]
INFO: [Physopt 32-662] Processed net design_1_i/smartconnect_0/inst/s00_nodes/s00_w_node/inst/inst_mi_handler/gen_normal_area.gen_upsizer.inst_upsizer/gen_normal_area.upsizer_node_payld[253].  Did not re-place instance design_1_i/smartconnect_0/inst/s00_nodes/s00_w_node/inst/inst_mi_handler/gen_normal_area.gen_upsizer.inst_upsizer/gen_w_ch.accum_reg[bytes][26][userdata][3]
INFO: [Physopt 32-662] Processed net design_1_i/smartconnect_0/inst/s00_nodes/s00_w_node/inst/inst_mi_handler/gen_normal_area.gen_upsizer.inst_upsizer/gen_normal_area.upsizer_node_payld[256].  Did not re-place instance design_1_i/smartconnect_0/inst/s00_nodes/s00_w_node/inst/inst_mi_handler/gen_normal_area.gen_upsizer.inst_upsizer/gen_w_ch.accum_reg[bytes][26][userdata][6]
INFO: [Physopt 32-662] Processed net design_1_i/smartconnect_0/inst/s00_nodes/s00_w_node/inst/inst_mi_handler/gen_normal_area.gen_upsizer.inst_upsizer/gen_normal_area.upsizer_node_payld[257].  Did not re-place instance design_1_i/smartconnect_0/inst/s00_nodes/s00_w_node/inst/inst_mi_handler/gen_normal_area.gen_upsizer.inst_upsizer/gen_w_ch.accum_reg[bytes][26][userdata][7]
INFO: [Physopt 32-662] Processed net design_1_i/smartconnect_0/inst/s00_nodes/s00_w_node/inst/inst_mi_handler/gen_normal_area.gen_upsizer.inst_upsizer/gen_normal_area.upsizer_node_payld[263].  Did not re-place instance design_1_i/smartconnect_0/inst/s00_nodes/s00_w_node/inst/inst_mi_handler/gen_normal_area.gen_upsizer.inst_upsizer/gen_w_ch.accum_reg[bytes][27][userdata][4]
INFO: [Physopt 32-662] Processed net design_1_i/smartconnect_0/inst/s00_nodes/s00_w_node/inst/inst_mi_handler/gen_normal_area.gen_upsizer.inst_upsizer/gen_normal_area.upsizer_node_payld[264].  Did not re-place instance design_1_i/smartconnect_0/inst/s00_nodes/s00_w_node/inst/inst_mi_handler/gen_normal_area.gen_upsizer.inst_upsizer/gen_w_ch.accum_reg[bytes][27][userdata][5]
INFO: [Physopt 32-662] Processed net design_1_i/smartconnect_0/inst/s00_nodes/s00_w_node/inst/inst_mi_handler/gen_normal_area.gen_upsizer.inst_upsizer/gen_normal_area.upsizer_node_payld[265].  Did not re-place instance design_1_i/smartconnect_0/inst/s00_nodes/s00_w_node/inst/inst_mi_handler/gen_normal_area.gen_upsizer.inst_upsizer/gen_w_ch.accum_reg[bytes][27][userdata][6]
INFO: [Physopt 32-662] Processed net design_1_i/smartconnect_0/inst/s00_nodes/s00_w_node/inst/inst_mi_handler/gen_normal_area.gen_upsizer.inst_upsizer/gen_w_ch.accum_reg[bytes][24][strb]__0.  Did not re-place instance design_1_i/smartconnect_0/inst/s00_nodes/s00_w_node/inst/inst_mi_handler/gen_normal_area.gen_upsizer.inst_upsizer/gen_w_ch.accum_reg[bytes][24][strb]
INFO: [Physopt 32-662] Processed net design_1_i/smartconnect_0/inst/s00_nodes/s00_w_node/inst/inst_mi_handler/gen_normal_area.gen_upsizer.inst_upsizer/gen_w_ch.accum_reg[bytes][25][strb]__0.  Did not re-place instance design_1_i/smartconnect_0/inst/s00_nodes/s00_w_node/inst/inst_mi_handler/gen_normal_area.gen_upsizer.inst_upsizer/gen_w_ch.accum_reg[bytes][25][strb]
INFO: [Physopt 32-662] Processed net design_1_i/smartconnect_0/inst/s00_nodes/s00_w_node/inst/inst_mi_handler/gen_normal_area.gen_upsizer.inst_upsizer/gen_w_ch.accum_reg[bytes][26][strb]__0.  Did not re-place instance design_1_i/smartconnect_0/inst/s00_nodes/s00_w_node/inst/inst_mi_handler/gen_normal_area.gen_upsizer.inst_upsizer/gen_w_ch.accum_reg[bytes][26][strb]
INFO: [Physopt 32-661] Optimized 70 nets.  Re-placed 70 instances.
INFO: [Physopt 32-775] End 1 Pass. Optimized 70 nets or cells. Created 0 new cell, deleted 0 existing cell and moved 70 existing cells
INFO: [Physopt 32-619] Estimated Timing Summary | WNS=0.020 | TNS=0.000 |
Netlist sorting complete. Time (s): cpu = 00:00:00.04 ; elapsed = 00:00:00.01 . Memory (MB): peak = 5172.281 ; gain = 0.000 ; free physical = 16807 ; free virtual = 30120
Phase 4 Single Cell Placement Optimization | Checksum: 1e1d6d58c

Time (s): cpu = 00:00:51 ; elapsed = 00:00:11 . Memory (MB): peak = 5172.281 ; gain = 0.000 ; free physical = 16807 ; free virtual = 30120

Phase 5 Multi Cell Placement Optimization
INFO: [Physopt 32-670] No setup violation found.  Multi Cell Placement Optimization was not performed.
Phase 5 Multi Cell Placement Optimization | Checksum: 1e1d6d58c

Time (s): cpu = 00:00:51 ; elapsed = 00:00:11 . Memory (MB): peak = 5172.281 ; gain = 0.000 ; free physical = 16807 ; free virtual = 30120

Phase 6 Rewire
INFO: [Physopt 32-670] No setup violation found.  Rewire was not performed.
Phase 6 Rewire | Checksum: 1e1d6d58c

Time (s): cpu = 00:00:51 ; elapsed = 00:00:11 . Memory (MB): peak = 5172.281 ; gain = 0.000 ; free physical = 16807 ; free virtual = 30120

Phase 7 Critical Cell Optimization
INFO: [Physopt 32-670] No setup violation found.  Critical Cell Optimization was not performed.
Phase 7 Critical Cell Optimization | Checksum: 1e1d6d58c

Time (s): cpu = 00:00:51 ; elapsed = 00:00:11 . Memory (MB): peak = 5172.281 ; gain = 0.000 ; free physical = 16807 ; free virtual = 30120

Phase 8 Fanout Optimization
INFO: [Physopt 32-670] No setup violation found.  Fanout Optimization was not performed.
Netlist sorting complete. Time (s): cpu = 00:00:00.01 ; elapsed = 00:00:00.01 . Memory (MB): peak = 5172.281 ; gain = 0.000 ; free physical = 16807 ; free virtual = 30120
Phase 8 Fanout Optimization | Checksum: 1e1d6d58c

Time (s): cpu = 00:00:51 ; elapsed = 00:00:11 . Memory (MB): peak = 5172.281 ; gain = 0.000 ; free physical = 16807 ; free virtual = 30120

Phase 9 Single Cell Placement Optimization
INFO: [Physopt 32-670] No setup violation found.  Single Cell Placement Optimization was not performed.
Netlist sorting complete. Time (s): cpu = 00:00:00.01 ; elapsed = 00:00:00.01 . Memory (MB): peak = 5172.281 ; gain = 0.000 ; free physical = 16809 ; free virtual = 30122
Phase 9 Single Cell Placement Optimization | Checksum: 1e1d6d58c

Time (s): cpu = 00:00:51 ; elapsed = 00:00:11 . Memory (MB): peak = 5172.281 ; gain = 0.000 ; free physical = 16809 ; free virtual = 30122

Phase 10 Multi Cell Placement Optimization
INFO: [Physopt 32-670] No setup violation found.  Multi Cell Placement Optimization was not performed.
Phase 10 Multi Cell Placement Optimization | Checksum: 1e1d6d58c

Time (s): cpu = 00:00:51 ; elapsed = 00:00:11 . Memory (MB): peak = 5172.281 ; gain = 0.000 ; free physical = 16809 ; free virtual = 30122

Phase 11 Rewire
INFO: [Physopt 32-670] No setup violation found.  Rewire was not performed.
Phase 11 Rewire | Checksum: 1e1d6d58c

Time (s): cpu = 00:00:51 ; elapsed = 00:00:11 . Memory (MB): peak = 5172.281 ; gain = 0.000 ; free physical = 16809 ; free virtual = 30122

Phase 12 Critical Cell Optimization
INFO: [Physopt 32-670] No setup violation found.  Critical Cell Optimization was not performed.
Phase 12 Critical Cell Optimization | Checksum: 1e1d6d58c

Time (s): cpu = 00:00:51 ; elapsed = 00:00:11 . Memory (MB): peak = 5172.281 ; gain = 0.000 ; free physical = 16809 ; free virtual = 30122

Phase 13 SLR Crossing Optimization
Phase 13 SLR Crossing Optimization | Checksum: 1e1d6d58c

Time (s): cpu = 00:00:51 ; elapsed = 00:00:11 . Memory (MB): peak = 5172.281 ; gain = 0.000 ; free physical = 16809 ; free virtual = 30122

Phase 14 Fanout Optimization
INFO: [Physopt 32-670] No setup violation found.  Fanout Optimization was not performed.
Netlist sorting complete. Time (s): cpu = 00:00:00.01 ; elapsed = 00:00:00.01 . Memory (MB): peak = 5172.281 ; gain = 0.000 ; free physical = 16809 ; free virtual = 30122
Phase 14 Fanout Optimization | Checksum: 1e1d6d58c

Time (s): cpu = 00:00:51 ; elapsed = 00:00:11 . Memory (MB): peak = 5172.281 ; gain = 0.000 ; free physical = 16809 ; free virtual = 30122

Phase 15 Single Cell Placement Optimization
INFO: [Physopt 32-670] No setup violation found.  Single Cell Placement Optimization was not performed.
Netlist sorting complete. Time (s): cpu = 00:00:00.01 ; elapsed = 00:00:00.01 . Memory (MB): peak = 5172.281 ; gain = 0.000 ; free physical = 16809 ; free virtual = 30122
Phase 15 Single Cell Placement Optimization | Checksum: 1e1d6d58c

Time (s): cpu = 00:00:51 ; elapsed = 00:00:11 . Memory (MB): peak = 5172.281 ; gain = 0.000 ; free physical = 16809 ; free virtual = 30122

Phase 16 Multi Cell Placement Optimization
INFO: [Physopt 32-670] No setup violation found.  Multi Cell Placement Optimization was not performed.
Phase 16 Multi Cell Placement Optimization | Checksum: 1e1d6d58c

Time (s): cpu = 00:00:51 ; elapsed = 00:00:11 . Memory (MB): peak = 5172.281 ; gain = 0.000 ; free physical = 16809 ; free virtual = 30122

Phase 17 Rewire
INFO: [Physopt 32-670] No setup violation found.  Rewire was not performed.
Phase 17 Rewire | Checksum: 1e1d6d58c

Time (s): cpu = 00:00:51 ; elapsed = 00:00:11 . Memory (MB): peak = 5172.281 ; gain = 0.000 ; free physical = 16809 ; free virtual = 30122

Phase 18 Critical Cell Optimization
INFO: [Physopt 32-670] No setup violation found.  Critical Cell Optimization was not performed.
Phase 18 Critical Cell Optimization | Checksum: 1e1d6d58c

Time (s): cpu = 00:00:51 ; elapsed = 00:00:11 . Memory (MB): peak = 5172.281 ; gain = 0.000 ; free physical = 16809 ; free virtual = 30122

Phase 19 DSP Register Optimization
INFO: [Physopt 32-670] No setup violation found.  DSP Register Optimization was not performed.
Phase 19 DSP Register Optimization | Checksum: 1e1d6d58c

Time (s): cpu = 00:00:51 ; elapsed = 00:00:11 . Memory (MB): peak = 5172.281 ; gain = 0.000 ; free physical = 16809 ; free virtual = 30122

Phase 20 BRAM Register Optimization
INFO: [Physopt 32-670] No setup violation found.  BRAM Register Optimization was not performed.
Phase 20 BRAM Register Optimization | Checksum: 1e1d6d58c

Time (s): cpu = 00:00:51 ; elapsed = 00:00:11 . Memory (MB): peak = 5172.281 ; gain = 0.000 ; free physical = 16809 ; free virtual = 30122

Phase 21 URAM Register Optimization
INFO: [Physopt 32-670] No setup violation found.  URAM Register Optimization was not performed.
Phase 21 URAM Register Optimization | Checksum: 1e1d6d58c

Time (s): cpu = 00:00:51 ; elapsed = 00:00:11 . Memory (MB): peak = 5172.281 ; gain = 0.000 ; free physical = 16809 ; free virtual = 30121

Phase 22 Shift Register Optimization
INFO: [Physopt 32-670] No setup violation found.  Shift Register Optimization was not performed.
Phase 22 Shift Register Optimization | Checksum: 1e1d6d58c

Time (s): cpu = 00:00:51 ; elapsed = 00:00:11 . Memory (MB): peak = 5172.281 ; gain = 0.000 ; free physical = 16809 ; free virtual = 30121

Phase 23 DSP Register Optimization
INFO: [Physopt 32-670] No setup violation found.  DSP Register Optimization was not performed.
Phase 23 DSP Register Optimization | Checksum: 1e1d6d58c

Time (s): cpu = 00:00:51 ; elapsed = 00:00:11 . Memory (MB): peak = 5172.281 ; gain = 0.000 ; free physical = 16809 ; free virtual = 30121

Phase 24 BRAM Register Optimization
INFO: [Physopt 32-670] No setup violation found.  BRAM Register Optimization was not performed.
Phase 24 BRAM Register Optimization | Checksum: 1e1d6d58c

Time (s): cpu = 00:00:51 ; elapsed = 00:00:11 . Memory (MB): peak = 5172.281 ; gain = 0.000 ; free physical = 16809 ; free virtual = 30121

Phase 25 URAM Register Optimization
INFO: [Physopt 32-670] No setup violation found.  URAM Register Optimization was not performed.
Phase 25 URAM Register Optimization | Checksum: 1e1d6d58c

Time (s): cpu = 00:00:51 ; elapsed = 00:00:11 . Memory (MB): peak = 5172.281 ; gain = 0.000 ; free physical = 16809 ; free virtual = 30121

Phase 26 Shift Register Optimization
INFO: [Physopt 32-670] No setup violation found.  Shift Register Optimization was not performed.
Phase 26 Shift Register Optimization | Checksum: 1e1d6d58c

Time (s): cpu = 00:00:51 ; elapsed = 00:00:11 . Memory (MB): peak = 5172.281 ; gain = 0.000 ; free physical = 16809 ; free virtual = 30121

Phase 27 Critical Pin Optimization
INFO: [Physopt 32-670] No setup violation found.  Critical Pin Optimization was not performed.
Phase 27 Critical Pin Optimization | Checksum: 1e1d6d58c

Time (s): cpu = 00:00:51 ; elapsed = 00:00:11 . Memory (MB): peak = 5172.281 ; gain = 0.000 ; free physical = 16809 ; free virtual = 30121

Phase 28 Very High Fanout Optimization
INFO: [Physopt 32-1022] Very high fanout net 'design_1_i/mig_7series_0/u_design_1_mig_7series_0_3_mig/c0_u_memc_ui_top_axi/mem_intfc0/mc0/col_mach0/read_fifo.rd_data_en_reg_0' has -through timing constraint at pin '' or its immediate connected net. To preserve -through timing constraint its fanout number considered in optimization is changed from 703 to 95 and it is not considered a very high fanout net anymore. Please consider modifying/removing the '-through' timing constraint on the net segment or hierarchy pin.
INFO: [Physopt 32-1022] Very high fanout net 'design_1_i/mig_7series_0/u_design_1_mig_7series_0_3_mig/c0_u_memc_ui_top_axi/mem_intfc0/mc0/col_mach0/ADDRD[1]' has -through timing constraint at pin '' or its immediate connected net. To preserve -through timing constraint its fanout number considered in optimization is changed from 1391 to 181 and it is not considered a very high fanout net anymore. Please consider modifying/removing the '-through' timing constraint on the net segment or hierarchy pin.
INFO: [Physopt 32-1022] Very high fanout net 'design_1_i/mig_7series_0/u_design_1_mig_7series_0_3_mig/c0_u_memc_ui_top_axi/mem_intfc0/mc0/col_mach0/ADDRD[2]' has -through timing constraint at pin '' or its immediate connected net. To preserve -through timing constraint its fanout number considered in optimization is changed from 1391 to 181 and it is not considered a very high fanout net anymore. Please consider modifying/removing the '-through' timing constraint on the net segment or hierarchy pin.
INFO: [Physopt 32-1022] Very high fanout net 'design_1_i/mig_7series_0/u_design_1_mig_7series_0_3_mig/c0_u_memc_ui_top_axi/mem_intfc0/mc0/col_mach0/ADDRD[3]' has -through timing constraint at pin '' or its immediate connected net. To preserve -through timing constraint its fanout number considered in optimization is changed from 1391 to 181 and it is not considered a very high fanout net anymore. Please consider modifying/removing the '-through' timing constraint on the net segment or hierarchy pin.
INFO: [Physopt 32-1022] Very high fanout net 'design_1_i/mig_7series_0/u_design_1_mig_7series_0_3_mig/c0_u_memc_ui_top_axi/mem_intfc0/mc0/col_mach0/ADDRD[4]' has -through timing constraint at pin '' or its immediate connected net. To preserve -through timing constraint its fanout number considered in optimization is changed from 1394 to 184 and it is not considered a very high fanout net anymore. Please consider modifying/removing the '-through' timing constraint on the net segment or hierarchy pin.
INFO: [Physopt 32-1022] Very high fanout net 'design_1_i/mig_7series_0/u_design_1_mig_7series_0_3_mig/c0_u_memc_ui_top_axi/mem_intfc0/mc0/col_mach0/read_fifo.rd_data_addr_reg[4]_0[0]' has -through timing constraint at pin '' or its immediate connected net. To preserve -through timing constraint its fanout number considered in optimization is changed from 706 to 98 and it is not considered a very high fanout net anymore. Please consider modifying/removing the '-through' timing constraint on the net segment or hierarchy pin.
INFO: [Physopt 32-1022] Very high fanout net 'design_1_i/mig_7series_0/u_design_1_mig_7series_0_3_mig/c0_u_memc_ui_top_axi/mem_intfc0/mc0/col_mach0/ADDRD[0]' has -through timing constraint at pin '' or its immediate connected net. To preserve -through timing constraint its fanout number considered in optimization is changed from 691 to 90 and it is not considered a very high fanout net anymore. Please consider modifying/removing the '-through' timing constraint on the net segment or hierarchy pin.
INFO: [Physopt 32-1022] Very high fanout net 'design_1_i/mig_7series_0/u_design_1_mig_7series_0_3_mig/c0_u_memc_ui_top_axi/mem_intfc0/mc0/col_mach0/wr_ecc_buf' has -through timing constraint at pin '' or its immediate connected net. To preserve -through timing constraint its fanout number considered in optimization is changed from 688 to 87 and it is not considered a very high fanout net anymore. Please consider modifying/removing the '-through' timing constraint on the net segment or hierarchy pin.
INFO: [Physopt 32-1022] Very high fanout net 'design_1_i/mig_7series_0/u_design_1_mig_7series_0_3_mig/c0_u_memc_ui_top_axi/u_ui_top/ui_wr_data0/wdf_rdy_ns' has -through timing constraint at pin '' or its immediate connected net. To preserve -through timing constraint its fanout number considered in optimization is changed from 773 to 102 and it is not considered a very high fanout net anymore. Please consider modifying/removing the '-through' timing constraint on the net segment or hierarchy pin.
INFO: [Physopt 32-1022] Very high fanout net 'design_1_i/mig_7series_0/u_design_1_mig_7series_0_3_mig/c0_u_memc_ui_top_axi/u_ui_top/ui_wr_data0/write_buffer.wr_buffer_ram[0].RAM32M0_i_10_n_0' has -through timing constraint at pin '' or its immediate connected net. To preserve -through timing constraint its fanout number considered in optimization is changed from 768 to 97 and it is not considered a very high fanout net anymore. Please consider modifying/removing the '-through' timing constraint on the net segment or hierarchy pin.
INFO: [Physopt 32-1022] Very high fanout net 'design_1_i/mig_7series_0/u_design_1_mig_7series_0_3_mig/c0_u_memc_ui_top_axi/u_ui_top/ui_wr_data0/write_buffer.wr_buffer_ram[0].RAM32M0_i_11_n_0' has -through timing constraint at pin '' or its immediate connected net. To preserve -through timing constraint its fanout number considered in optimization is changed from 768 to 97 and it is not considered a very high fanout net anymore. Please consider modifying/removing the '-through' timing constraint on the net segment or hierarchy pin.
INFO: [Physopt 32-1022] Very high fanout net 'design_1_i/mig_7series_0/u_design_1_mig_7series_0_3_mig/c0_u_memc_ui_top_axi/u_ui_top/ui_wr_data0/write_buffer.wr_buffer_ram[0].RAM32M0_i_12_n_0' has -through timing constraint at pin '' or its immediate connected net. To preserve -through timing constraint its fanout number considered in optimization is changed from 768 to 97 and it is not considered a very high fanout net anymore. Please consider modifying/removing the '-through' timing constraint on the net segment or hierarchy pin.
INFO: [Physopt 32-1022] Very high fanout net 'design_1_i/mig_7series_0/u_design_1_mig_7series_0_3_mig/c0_u_memc_ui_top_axi/u_ui_top/ui_wr_data0/write_buffer.wr_buffer_ram[0].RAM32M0_i_8_n_0' has -through timing constraint at pin '' or its immediate connected net. To preserve -through timing constraint its fanout number considered in optimization is changed from 768 to 97 and it is not considered a very high fanout net anymore. Please consider modifying/removing the '-through' timing constraint on the net segment or hierarchy pin.
INFO: [Physopt 32-1022] Very high fanout net 'design_1_i/mig_7series_0/u_design_1_mig_7series_0_3_mig/c0_u_memc_ui_top_axi/u_ui_top/ui_wr_data0/write_buffer.wr_buffer_ram[0].RAM32M0_i_9_n_0' has -through timing constraint at pin '' or its immediate connected net. To preserve -through timing constraint its fanout number considered in optimization is changed from 768 to 97 and it is not considered a very high fanout net anymore. Please consider modifying/removing the '-through' timing constraint on the net segment or hierarchy pin.
INFO: [Physopt 32-1022] Very high fanout net 'design_1_i/mig_7series_0/u_design_1_mig_7series_0_3_mig/c1_u_memc_ui_top_axi/mem_intfc0/mc0/col_mach0/read_fifo.rd_data_en_reg_0' has -through timing constraint at pin '' or its immediate connected net. To preserve -through timing constraint its fanout number considered in optimization is changed from 703 to 95 and it is not considered a very high fanout net anymore. Please consider modifying/removing the '-through' timing constraint on the net segment or hierarchy pin.
INFO: [Physopt 32-1022] Very high fanout net 'design_1_i/mig_7series_0/u_design_1_mig_7series_0_3_mig/c1_u_memc_ui_top_axi/mem_intfc0/mc0/col_mach0/ADDRD[1]' has -through timing constraint at pin '' or its immediate connected net. To preserve -through timing constraint its fanout number considered in optimization is changed from 1391 to 181 and it is not considered a very high fanout net anymore. Please consider modifying/removing the '-through' timing constraint on the net segment or hierarchy pin.
INFO: [Physopt 32-1022] Very high fanout net 'design_1_i/mig_7series_0/u_design_1_mig_7series_0_3_mig/c1_u_memc_ui_top_axi/mem_intfc0/mc0/col_mach0/ADDRD[2]' has -through timing constraint at pin '' or its immediate connected net. To preserve -through timing constraint its fanout number considered in optimization is changed from 1391 to 181 and it is not considered a very high fanout net anymore. Please consider modifying/removing the '-through' timing constraint on the net segment or hierarchy pin.
INFO: [Physopt 32-1022] Very high fanout net 'design_1_i/mig_7series_0/u_design_1_mig_7series_0_3_mig/c1_u_memc_ui_top_axi/mem_intfc0/mc0/col_mach0/ADDRD[3]' has -through timing constraint at pin '' or its immediate connected net. To preserve -through timing constraint its fanout number considered in optimization is changed from 1391 to 181 and it is not considered a very high fanout net anymore. Please consider modifying/removing the '-through' timing constraint on the net segment or hierarchy pin.
INFO: [Physopt 32-1022] Very high fanout net 'design_1_i/mig_7series_0/u_design_1_mig_7series_0_3_mig/c1_u_memc_ui_top_axi/mem_intfc0/mc0/col_mach0/ADDRD[4]' has -through timing constraint at pin '' or its immediate connected net. To preserve -through timing constraint its fanout number considered in optimization is changed from 1394 to 184 and it is not considered a very high fanout net anymore. Please consider modifying/removing the '-through' timing constraint on the net segment or hierarchy pin.
INFO: [Physopt 32-1022] Very high fanout net 'design_1_i/mig_7series_0/u_design_1_mig_7series_0_3_mig/c1_u_memc_ui_top_axi/mem_intfc0/mc0/col_mach0/read_fifo.rd_data_addr_reg[4]_0[0]' has -through timing constraint at pin '' or its immediate connected net. To preserve -through timing constraint its fanout number considered in optimization is changed from 706 to 98 and it is not considered a very high fanout net anymore. Please consider modifying/removing the '-through' timing constraint on the net segment or hierarchy pin.
INFO: [Physopt 32-1022] Very high fanout net 'design_1_i/mig_7series_0/u_design_1_mig_7series_0_3_mig/c1_u_memc_ui_top_axi/mem_intfc0/mc0/col_mach0/ADDRD[0]' has -through timing constraint at pin '' or its immediate connected net. To preserve -through timing constraint its fanout number considered in optimization is changed from 691 to 90 and it is not considered a very high fanout net anymore. Please consider modifying/removing the '-through' timing constraint on the net segment or hierarchy pin.
INFO: [Physopt 32-1022] Very high fanout net 'design_1_i/mig_7series_0/u_design_1_mig_7series_0_3_mig/c1_u_memc_ui_top_axi/mem_intfc0/mc0/col_mach0/wr_ecc_buf' has -through timing constraint at pin '' or its immediate connected net. To preserve -through timing constraint its fanout number considered in optimization is changed from 688 to 87 and it is not considered a very high fanout net anymore. Please consider modifying/removing the '-through' timing constraint on the net segment or hierarchy pin.
INFO: [Physopt 32-1022] Very high fanout net 'design_1_i/mig_7series_0/u_design_1_mig_7series_0_3_mig/c1_u_memc_ui_top_axi/u_ui_top/ui_wr_data0/write_buffer.wr_buffer_ram[0].RAM32M0_i_10__0_n_0' has -through timing constraint at pin '' or its immediate connected net. To preserve -through timing constraint its fanout number considered in optimization is changed from 768 to 97 and it is not considered a very high fanout net anymore. Please consider modifying/removing the '-through' timing constraint on the net segment or hierarchy pin.
INFO: [Physopt 32-1022] Very high fanout net 'design_1_i/mig_7series_0/u_design_1_mig_7series_0_3_mig/c1_u_memc_ui_top_axi/u_ui_top/ui_wr_data0/write_buffer.wr_buffer_ram[0].RAM32M0_i_11__0_n_0' has -through timing constraint at pin '' or its immediate connected net. To preserve -through timing constraint its fanout number considered in optimization is changed from 768 to 97 and it is not considered a very high fanout net anymore. Please consider modifying/removing the '-through' timing constraint on the net segment or hierarchy pin.
INFO: [Physopt 32-1022] Very high fanout net 'design_1_i/mig_7series_0/u_design_1_mig_7series_0_3_mig/c1_u_memc_ui_top_axi/u_ui_top/ui_wr_data0/write_buffer.wr_buffer_ram[0].RAM32M0_i_12__0_n_0' has -through timing constraint at pin '' or its immediate connected net. To preserve -through timing constraint its fanout number considered in optimization is changed from 768 to 97 and it is not considered a very high fanout net anymore. Please consider modifying/removing the '-through' timing constraint on the net segment or hierarchy pin.
INFO: [Physopt 32-1022] Very high fanout net 'design_1_i/mig_7series_0/u_design_1_mig_7series_0_3_mig/c1_u_memc_ui_top_axi/u_ui_top/ui_wr_data0/wdf_rdy_ns' has -through timing constraint at pin '' or its immediate connected net. To preserve -through timing constraint its fanout number considered in optimization is changed from 780 to 109 and it is not considered a very high fanout net anymore. Please consider modifying/removing the '-through' timing constraint on the net segment or hierarchy pin.
INFO: [Physopt 32-1022] Very high fanout net 'design_1_i/mig_7series_0/u_design_1_mig_7series_0_3_mig/c1_u_memc_ui_top_axi/u_ui_top/ui_wr_data0/write_buffer.wr_buffer_ram[0].RAM32M0_i_8__0_n_0' has -through timing constraint at pin '' or its immediate connected net. To preserve -through timing constraint its fanout number considered in optimization is changed from 768 to 97 and it is not considered a very high fanout net anymore. Please consider modifying/removing the '-through' timing constraint on the net segment or hierarchy pin.
INFO: [Physopt 32-1022] Very high fanout net 'design_1_i/mig_7series_0/u_design_1_mig_7series_0_3_mig/c1_u_memc_ui_top_axi/u_ui_top/ui_wr_data0/write_buffer.wr_buffer_ram[0].RAM32M0_i_9__0_n_0' has -through timing constraint at pin '' or its immediate connected net. To preserve -through timing constraint its fanout number considered in optimization is changed from 768 to 97 and it is not considered a very high fanout net anymore. Please consider modifying/removing the '-through' timing constraint on the net segment or hierarchy pin.
INFO: [Physopt 32-1022] Very high fanout net 'design_1_i/smartconnect_0/inst/m00_nodes/m00_r_node/inst/inst_mi_handler/gen_normal_area.inst_fifo_node_payld/gen_xpm_memory_fifo.inst_fifo/wr_wea' has -through timing constraint at pin '' or its immediate connected net. To preserve -through timing constraint its fanout number considered in optimization is changed from 720 to 91 and it is not considered a very high fanout net anymore. Please consider modifying/removing the '-through' timing constraint on the net segment or hierarchy pin.
INFO: [Physopt 32-1022] Very high fanout net 'design_1_i/smartconnect_0/inst/m00_nodes/m00_w_node/inst/inst_mi_handler/gen_normal_area.inst_fifo_node_payld/gen_xpm_memory_fifo.inst_fifo/wr_wea' has -through timing constraint at pin '' or its immediate connected net. To preserve -through timing constraint its fanout number considered in optimization is changed from 664 to 84 and it is not considered a very high fanout net anymore. Please consider modifying/removing the '-through' timing constraint on the net segment or hierarchy pin.
INFO: [Physopt 32-1022] Very high fanout net 'design_1_i/smartconnect_0/inst/m01_nodes/m01_r_node/inst/inst_mi_handler/gen_normal_area.inst_fifo_node_payld/gen_xpm_memory_fifo.inst_fifo/wr_wea' has -through timing constraint at pin '' or its immediate connected net. To preserve -through timing constraint its fanout number considered in optimization is changed from 720 to 91 and it is not considered a very high fanout net anymore. Please consider modifying/removing the '-through' timing constraint on the net segment or hierarchy pin.
INFO: [Physopt 32-1022] Very high fanout net 'design_1_i/smartconnect_0/inst/m01_nodes/m01_w_node/inst/inst_mi_handler/gen_normal_area.inst_fifo_node_payld/gen_xpm_memory_fifo.inst_fifo/wr_wea' has -through timing constraint at pin '' or its immediate connected net. To preserve -through timing constraint its fanout number considered in optimization is changed from 696 to 88 and it is not considered a very high fanout net anymore. Please consider modifying/removing the '-through' timing constraint on the net segment or hierarchy pin.
INFO: [Physopt 32-1022] Very high fanout net 'design_1_i/smartconnect_0/inst/m02_nodes/m02_r_node/inst/inst_mi_handler/gen_normal_area.inst_fifo_node_payld/gen_xpm_memory_fifo.inst_fifo/wr_wea' has -through timing constraint at pin '' or its immediate connected net. To preserve -through timing constraint its fanout number considered in optimization is changed from 720 to 91 and it is not considered a very high fanout net anymore. Please consider modifying/removing the '-through' timing constraint on the net segment or hierarchy pin.
INFO: [Physopt 32-1022] Very high fanout net 'design_1_i/smartconnect_0/inst/m02_nodes/m02_w_node/inst/inst_mi_handler/gen_normal_area.inst_fifo_node_payld/gen_xpm_memory_fifo.inst_fifo/wr_wea' has -through timing constraint at pin '' or its immediate connected net. To preserve -through timing constraint its fanout number considered in optimization is changed from 784 to 99 and it is not considered a very high fanout net anymore. Please consider modifying/removing the '-through' timing constraint on the net segment or hierarchy pin.
INFO: [Physopt 32-1022] Very high fanout net 'design_1_i/smartconnect_0/inst/m03_nodes/m03_r_node/inst/inst_mi_handler/gen_normal_area.inst_fifo_node_payld/gen_xpm_memory_fifo.inst_fifo/gen_mem_rep[0].inst_wr_addra/Q[0]' has -through timing constraint at pin '' or its immediate connected net. To preserve -through timing constraint its fanout number considered in optimization is changed from 251 to 42 and it is not considered a very high fanout net anymore. Please consider modifying/removing the '-through' timing constraint on the net segment or hierarchy pin.
INFO: [Physopt 32-1022] Very high fanout net 'design_1_i/smartconnect_0/inst/m03_nodes/m03_r_node/inst/inst_mi_handler/gen_normal_area.inst_fifo_node_payld/gen_xpm_memory_fifo.inst_fifo/gen_mem_rep[0].inst_wr_addra/Q[1]' has -through timing constraint at pin '' or its immediate connected net. To preserve -through timing constraint its fanout number considered in optimization is changed from 250 to 41 and it is not considered a very high fanout net anymore. Please consider modifying/removing the '-through' timing constraint on the net segment or hierarchy pin.
INFO: [Physopt 32-1022] Very high fanout net 'design_1_i/smartconnect_0/inst/m03_nodes/m03_r_node/inst/inst_mi_handler/gen_normal_area.inst_fifo_node_payld/gen_xpm_memory_fifo.inst_fifo/wr_wea' has -through timing constraint at pin '' or its immediate connected net. To preserve -through timing constraint its fanout number considered in optimization is changed from 720 to 91 and it is not considered a very high fanout net anymore. Please consider modifying/removing the '-through' timing constraint on the net segment or hierarchy pin.
INFO: [Physopt 32-1022] Very high fanout net 'design_1_i/smartconnect_0/inst/m03_nodes/m03_w_node/inst/inst_mi_handler/gen_normal_area.inst_fifo_node_payld/gen_xpm_memory_fifo.inst_fifo/wr_wea' has -through timing constraint at pin '' or its immediate connected net. To preserve -through timing constraint its fanout number considered in optimization is changed from 632 to 80 and it is not considered a very high fanout net anymore. Please consider modifying/removing the '-through' timing constraint on the net segment or hierarchy pin.
INFO: [Physopt 32-1022] Very high fanout net 'design_1_i/smartconnect_0/inst/m04_nodes/m04_r_node/inst/inst_mi_handler/gen_normal_area.inst_fifo_node_payld/gen_xpm_memory_fifo.inst_fifo/wr_wea' has -through timing constraint at pin '' or its immediate connected net. To preserve -through timing constraint its fanout number considered in optimization is changed from 720 to 91 and it is not considered a very high fanout net anymore. Please consider modifying/removing the '-through' timing constraint on the net segment or hierarchy pin.
INFO: [Physopt 32-1022] Very high fanout net 'design_1_i/smartconnect_0/inst/m04_nodes/m04_w_node/inst/inst_mi_handler/gen_normal_area.inst_fifo_node_payld/gen_xpm_memory_fifo.inst_fifo/wr_wea' has -through timing constraint at pin '' or its immediate connected net. To preserve -through timing constraint its fanout number considered in optimization is changed from 784 to 99 and it is not considered a very high fanout net anymore. Please consider modifying/removing the '-through' timing constraint on the net segment or hierarchy pin.
INFO: [Physopt 32-1022] Very high fanout net 'design_1_i/smartconnect_0/inst/m05_nodes/m05_r_node/inst/inst_mi_handler/gen_normal_area.inst_fifo_node_payld/gen_xpm_memory_fifo.inst_fifo/gen_mem_rep[0].inst_wr_addra/Q[0]' has -through timing constraint at pin '' or its immediate connected net. To preserve -through timing constraint its fanout number considered in optimization is changed from 251 to 42 and it is not considered a very high fanout net anymore. Please consider modifying/removing the '-through' timing constraint on the net segment or hierarchy pin.
INFO: [Physopt 32-1022] Very high fanout net 'design_1_i/smartconnect_0/inst/m05_nodes/m05_r_node/inst/inst_mi_handler/gen_normal_area.inst_fifo_node_payld/gen_xpm_memory_fifo.inst_fifo/gen_mem_rep[0].inst_wr_addra/Q[1]' has -through timing constraint at pin '' or its immediate connected net. To preserve -through timing constraint its fanout number considered in optimization is changed from 250 to 41 and it is not considered a very high fanout net anymore. Please consider modifying/removing the '-through' timing constraint on the net segment or hierarchy pin.
INFO: [Physopt 32-1022] Very high fanout net 'design_1_i/smartconnect_0/inst/m05_nodes/m05_r_node/inst/inst_mi_handler/gen_normal_area.inst_fifo_node_payld/gen_xpm_memory_fifo.inst_fifo/wr_wea' has -through timing constraint at pin '' or its immediate connected net. To preserve -through timing constraint its fanout number considered in optimization is changed from 720 to 91 and it is not considered a very high fanout net anymore. Please consider modifying/removing the '-through' timing constraint on the net segment or hierarchy pin.
INFO: [Physopt 32-1022] Very high fanout net 'design_1_i/smartconnect_0/inst/m05_nodes/m05_w_node/inst/inst_mi_handler/gen_normal_area.inst_fifo_node_payld/gen_xpm_memory_fifo.inst_fifo/wr_wea' has -through timing constraint at pin '' or its immediate connected net. To preserve -through timing constraint its fanout number considered in optimization is changed from 792 to 100 and it is not considered a very high fanout net anymore. Please consider modifying/removing the '-through' timing constraint on the net segment or hierarchy pin.
INFO: [Physopt 32-1022] Very high fanout net 'design_1_i/smartconnect_0/inst/s00_nodes/s00_r_node/inst/inst_mi_handler/gen_normal_area.inst_fifo_node_payld/gen_xpm_memory_fifo.inst_fifo/gen_mem_rep[1].inst_wr_addra/Q[0]' has -through timing constraint at pin '' or its immediate connected net. To preserve -through timing constraint its fanout number considered in optimization is changed from 253 to 37 and it is not considered a very high fanout net anymore. Please consider modifying/removing the '-through' timing constraint on the net segment or hierarchy pin.
INFO: [Physopt 32-1022] Very high fanout net 'design_1_i/smartconnect_0/inst/s00_nodes/s00_r_node/inst/inst_mi_handler/gen_normal_area.inst_fifo_node_payld/gen_xpm_memory_fifo.inst_fifo/gen_mem_rep[1].inst_wr_addra/Q[1]' has -through timing constraint at pin '' or its immediate connected net. To preserve -through timing constraint its fanout number considered in optimization is changed from 252 to 36 and it is not considered a very high fanout net anymore. Please consider modifying/removing the '-through' timing constraint on the net segment or hierarchy pin.
INFO: [Physopt 32-1022] Very high fanout net 'design_1_i/smartconnect_0/inst/s00_nodes/s00_r_node/inst/inst_mi_handler/gen_normal_area.inst_fifo_node_payld/gen_xpm_memory_fifo.inst_fifo/gen_mem_rep[1].inst_wr_addra/Q[2]' has -through timing constraint at pin '' or its immediate connected net. To preserve -through timing constraint its fanout number considered in optimization is changed from 251 to 35 and it is not considered a very high fanout net anymore. Please consider modifying/removing the '-through' timing constraint on the net segment or hierarchy pin.
INFO: [Physopt 32-1022] Very high fanout net 'design_1_i/smartconnect_0/inst/s00_nodes/s00_r_node/inst/inst_mi_handler/gen_normal_area.inst_fifo_node_payld/gen_xpm_memory_fifo.inst_fifo/gen_mem_rep[1].inst_wr_addra/Q[3]' has -through timing constraint at pin '' or its immediate connected net. To preserve -through timing constraint its fanout number considered in optimization is changed from 250 to 34 and it is not considered a very high fanout net anymore. Please consider modifying/removing the '-through' timing constraint on the net segment or hierarchy pin.
INFO: [Physopt 32-1022] Very high fanout net 'design_1_i/smartconnect_0/inst/s00_nodes/s00_r_node/inst/inst_mi_handler/gen_normal_area.inst_fifo_node_payld/gen_xpm_memory_fifo.inst_fifo/wr_wea' has -through timing constraint at pin '' or its immediate connected net. To preserve -through timing constraint its fanout number considered in optimization is changed from 704 to 89 and it is not considered a very high fanout net anymore. Please consider modifying/removing the '-through' timing constraint on the net segment or hierarchy pin.
INFO: [Physopt 32-1022] Very high fanout net 'design_1_i/smartconnect_0/inst/s00_nodes/s00_w_node/inst/inst_mi_handler/gen_normal_area.inst_fifo_node_payld/gen_xpm_memory_fifo.inst_fifo/gen_mem_rep[0].inst_wr_addra/Q[0]' has -through timing constraint at pin '' or its immediate connected net. To preserve -through timing constraint its fanout number considered in optimization is changed from 272 to 42 and it is not considered a very high fanout net anymore. Please consider modifying/removing the '-through' timing constraint on the net segment or hierarchy pin.
INFO: [Physopt 32-1022] Very high fanout net 'design_1_i/smartconnect_0/inst/s00_nodes/s00_w_node/inst/inst_mi_handler/gen_normal_area.inst_fifo_node_payld/gen_xpm_memory_fifo.inst_fifo/gen_mem_rep[0].inst_wr_addra/Q[1]' has -through timing constraint at pin '' or its immediate connected net. To preserve -through timing constraint its fanout number considered in optimization is changed from 271 to 41 and it is not considered a very high fanout net anymore. Please consider modifying/removing the '-through' timing constraint on the net segment or hierarchy pin.
INFO: [Physopt 32-1022] Very high fanout net 'design_1_i/smartconnect_0/inst/s00_nodes/s00_w_node/inst/inst_mi_handler/gen_normal_area.inst_fifo_node_payld/gen_xpm_memory_fifo.inst_fifo/gen_mem_rep[0].inst_wr_addra/Q[2]' has -through timing constraint at pin '' or its immediate connected net. To preserve -through timing constraint its fanout number considered in optimization is changed from 269 to 39 and it is not considered a very high fanout net anymore. Please consider modifying/removing the '-through' timing constraint on the net segment or hierarchy pin.
INFO: [Physopt 32-1022] Very high fanout net 'design_1_i/smartconnect_0/inst/s00_nodes/s00_w_node/inst/inst_mi_handler/gen_normal_area.inst_fifo_node_payld/gen_xpm_memory_fifo.inst_fifo/gen_mem_rep[0].inst_wr_addra/Q[3]' has -through timing constraint at pin '' or its immediate connected net. To preserve -through timing constraint its fanout number considered in optimization is changed from 272 to 42 and it is not considered a very high fanout net anymore. Please consider modifying/removing the '-through' timing constraint on the net segment or hierarchy pin.
INFO: [Physopt 32-1022] Very high fanout net 'design_1_i/smartconnect_0/inst/s00_nodes/s00_w_node/inst/inst_mi_handler/gen_normal_area.inst_fifo_node_payld/gen_xpm_memory_fifo.inst_fifo/gen_mem_rep[0].inst_wr_addra/Q[4]' has -through timing constraint at pin '' or its immediate connected net. To preserve -through timing constraint its fanout number considered in optimization is changed from 269 to 39 and it is not considered a very high fanout net anymore. Please consider modifying/removing the '-through' timing constraint on the net segment or hierarchy pin.
INFO: [Physopt 32-1022] Very high fanout net 'design_1_i/smartconnect_0/inst/s00_nodes/s00_w_node/inst/inst_mi_handler/gen_normal_area.inst_fifo_node_payld/gen_xpm_memory_fifo.inst_fifo/gen_mem_rep[1].inst_wr_addra/Q[0]' has -through timing constraint at pin '' or its immediate connected net. To preserve -through timing constraint its fanout number considered in optimization is changed from 277 to 40 and it is not considered a very high fanout net anymore. Please consider modifying/removing the '-through' timing constraint on the net segment or hierarchy pin.
INFO: [Physopt 32-1022] Very high fanout net 'design_1_i/smartconnect_0/inst/s00_nodes/s00_w_node/inst/inst_mi_handler/gen_normal_area.inst_fifo_node_payld/gen_xpm_memory_fifo.inst_fifo/gen_mem_rep[1].inst_wr_addra/Q[1]' has -through timing constraint at pin '' or its immediate connected net. To preserve -through timing constraint its fanout number considered in optimization is changed from 276 to 39 and it is not considered a very high fanout net anymore. Please consider modifying/removing the '-through' timing constraint on the net segment or hierarchy pin.
INFO: [Physopt 32-1022] Very high fanout net 'design_1_i/smartconnect_0/inst/s00_nodes/s00_w_node/inst/inst_mi_handler/gen_normal_area.inst_fifo_node_payld/gen_xpm_memory_fifo.inst_fifo/gen_mem_rep[1].inst_wr_addra/Q[2]' has -through timing constraint at pin '' or its immediate connected net. To preserve -through timing constraint its fanout number considered in optimization is changed from 275 to 38 and it is not considered a very high fanout net anymore. Please consider modifying/removing the '-through' timing constraint on the net segment or hierarchy pin.
INFO: [Physopt 32-1022] Very high fanout net 'design_1_i/smartconnect_0/inst/s00_nodes/s00_w_node/inst/inst_mi_handler/gen_normal_area.inst_fifo_node_payld/gen_xpm_memory_fifo.inst_fifo/gen_mem_rep[1].inst_wr_addra/Q[3]' has -through timing constraint at pin '' or its immediate connected net. To preserve -through timing constraint its fanout number considered in optimization is changed from 274 to 37 and it is not considered a very high fanout net anymore. Please consider modifying/removing the '-through' timing constraint on the net segment or hierarchy pin.
INFO: [Physopt 32-1022] Very high fanout net 'design_1_i/smartconnect_0/inst/s00_nodes/s00_w_node/inst/inst_mi_handler/gen_normal_area.inst_fifo_node_payld/gen_xpm_memory_fifo.inst_fifo/gen_mem_rep[1].inst_wr_addra/Q[4]' has -through timing constraint at pin '' or its immediate connected net. To preserve -through timing constraint its fanout number considered in optimization is changed from 273 to 36 and it is not considered a very high fanout net anymore. Please consider modifying/removing the '-through' timing constraint on the net segment or hierarchy pin.
INFO: [Physopt 32-1022] Very high fanout net 'design_1_i/smartconnect_0/inst/s00_nodes/s00_w_node/inst/inst_mi_handler/gen_normal_area.inst_fifo_node_payld/gen_xpm_memory_fifo.inst_fifo/gen_mem_rep[2].inst_wr_addra/Q[0]' has -through timing constraint at pin '' or its immediate connected net. To preserve -through timing constraint its fanout number considered in optimization is changed from 278 to 41 and it is not considered a very high fanout net anymore. Please consider modifying/removing the '-through' timing constraint on the net segment or hierarchy pin.
INFO: [Physopt 32-1022] Very high fanout net 'design_1_i/smartconnect_0/inst/s00_nodes/s00_w_node/inst/inst_mi_handler/gen_normal_area.inst_fifo_node_payld/gen_xpm_memory_fifo.inst_fifo/gen_mem_rep[2].inst_wr_addra/Q[1]' has -through timing constraint at pin '' or its immediate connected net. To preserve -through timing constraint its fanout number considered in optimization is changed from 276 to 39 and it is not considered a very high fanout net anymore. Please consider modifying/removing the '-through' timing constraint on the net segment or hierarchy pin.
INFO: [Physopt 32-1022] Very high fanout net 'design_1_i/smartconnect_0/inst/s00_nodes/s00_w_node/inst/inst_mi_handler/gen_normal_area.inst_fifo_node_payld/gen_xpm_memory_fifo.inst_fifo/gen_mem_rep[2].inst_wr_addra/Q[2]' has -through timing constraint at pin '' or its immediate connected net. To preserve -through timing constraint its fanout number considered in optimization is changed from 275 to 38 and it is not considered a very high fanout net anymore. Please consider modifying/removing the '-through' timing constraint on the net segment or hierarchy pin.
INFO: [Physopt 32-1022] Very high fanout net 'design_1_i/smartconnect_0/inst/s00_nodes/s00_w_node/inst/inst_mi_handler/gen_normal_area.inst_fifo_node_payld/gen_xpm_memory_fifo.inst_fifo/gen_mem_rep[2].inst_wr_addra/Q[3]' has -through timing constraint at pin '' or its immediate connected net. To preserve -through timing constraint its fanout number considered in optimization is changed from 274 to 37 and it is not considered a very high fanout net anymore. Please consider modifying/removing the '-through' timing constraint on the net segment or hierarchy pin.
INFO: [Physopt 32-1022] Very high fanout net 'design_1_i/smartconnect_0/inst/s00_nodes/s00_w_node/inst/inst_mi_handler/gen_normal_area.inst_fifo_node_payld/gen_xpm_memory_fifo.inst_fifo/gen_mem_rep[2].inst_wr_addra/Q[4]' has -through timing constraint at pin '' or its immediate connected net. To preserve -through timing constraint its fanout number considered in optimization is changed from 273 to 36 and it is not considered a very high fanout net anymore. Please consider modifying/removing the '-through' timing constraint on the net segment or hierarchy pin.
INFO: [Physopt 32-1022] Very high fanout net 'design_1_i/smartconnect_0/inst/s00_nodes/s00_w_node/inst/inst_mi_handler/gen_normal_area.inst_fifo_node_payld/gen_xpm_memory_fifo.inst_fifo/wr_wea' has -through timing constraint at pin '' or its immediate connected net. To preserve -through timing constraint its fanout number considered in optimization is changed from 808 to 102 and it is not considered a very high fanout net anymore. Please consider modifying/removing the '-through' timing constraint on the net segment or hierarchy pin.
INFO: [Physopt 32-1022] Very high fanout net 'design_1_i/smartconnect_0/inst/s01_nodes/s01_r_node/inst/inst_mi_handler/gen_normal_area.inst_fifo_node_payld/gen_xpm_memory_fifo.inst_fifo/gen_mem_rep[1].inst_wr_addra/Q[0]' has -through timing constraint at pin '' or its immediate connected net. To preserve -through timing constraint its fanout number considered in optimization is changed from 253 to 37 and it is not considered a very high fanout net anymore. Please consider modifying/removing the '-through' timing constraint on the net segment or hierarchy pin.
INFO: [Physopt 32-1022] Very high fanout net 'design_1_i/smartconnect_0/inst/s01_nodes/s01_r_node/inst/inst_mi_handler/gen_normal_area.inst_fifo_node_payld/gen_xpm_memory_fifo.inst_fifo/gen_mem_rep[1].inst_wr_addra/Q[1]' has -through timing constraint at pin '' or its immediate connected net. To preserve -through timing constraint its fanout number considered in optimization is changed from 252 to 36 and it is not considered a very high fanout net anymore. Please consider modifying/removing the '-through' timing constraint on the net segment or hierarchy pin.
INFO: [Physopt 32-1022] Very high fanout net 'design_1_i/smartconnect_0/inst/s01_nodes/s01_r_node/inst/inst_mi_handler/gen_normal_area.inst_fifo_node_payld/gen_xpm_memory_fifo.inst_fifo/gen_mem_rep[1].inst_wr_addra/Q[2]' has -through timing constraint at pin '' or its immediate connected net. To preserve -through timing constraint its fanout number considered in optimization is changed from 251 to 35 and it is not considered a very high fanout net anymore. Please consider modifying/removing the '-through' timing constraint on the net segment or hierarchy pin.
INFO: [Physopt 32-1022] Very high fanout net 'design_1_i/smartconnect_0/inst/s01_nodes/s01_r_node/inst/inst_mi_handler/gen_normal_area.inst_fifo_node_payld/gen_xpm_memory_fifo.inst_fifo/gen_mem_rep[1].inst_wr_addra/Q[3]' has -through timing constraint at pin '' or its immediate connected net. To preserve -through timing constraint its fanout number considered in optimization is changed from 250 to 34 and it is not considered a very high fanout net anymore. Please consider modifying/removing the '-through' timing constraint on the net segment or hierarchy pin.
INFO: [Physopt 32-1022] Very high fanout net 'design_1_i/smartconnect_0/inst/s01_nodes/s01_r_node/inst/inst_mi_handler/gen_normal_area.inst_fifo_node_payld/gen_xpm_memory_fifo.inst_fifo/wr_wea' has -through timing constraint at pin '' or its immediate connected net. To preserve -through timing constraint its fanout number considered in optimization is changed from 712 to 90 and it is not considered a very high fanout net anymore. Please consider modifying/removing the '-through' timing constraint on the net segment or hierarchy pin.
INFO: [Physopt 32-1022] Very high fanout net 'design_1_i/smartconnect_0/inst/s01_nodes/s01_w_node/inst/inst_mi_handler/gen_normal_area.inst_fifo_node_payld/gen_xpm_memory_fifo.inst_fifo/gen_mem_rep[0].inst_wr_addra/Q[0]' has -through timing constraint at pin '' or its immediate connected net. To preserve -through timing constraint its fanout number considered in optimization is changed from 258 to 42 and it is not considered a very high fanout net anymore. Please consider modifying/removing the '-through' timing constraint on the net segment or hierarchy pin.
INFO: [Physopt 32-1022] Very high fanout net 'design_1_i/smartconnect_0/inst/s01_nodes/s01_w_node/inst/inst_mi_handler/gen_normal_area.inst_fifo_node_payld/gen_xpm_memory_fifo.inst_fifo/gen_mem_rep[0].inst_wr_addra/Q[1]' has -through timing constraint at pin '' or its immediate connected net. To preserve -through timing constraint its fanout number considered in optimization is changed from 255 to 39 and it is not considered a very high fanout net anymore. Please consider modifying/removing the '-through' timing constraint on the net segment or hierarchy pin.
INFO: [Physopt 32-1022] Very high fanout net 'design_1_i/smartconnect_0/inst/s01_nodes/s01_w_node/inst/inst_mi_handler/gen_normal_area.inst_fifo_node_payld/gen_xpm_memory_fifo.inst_fifo/gen_mem_rep[0].inst_wr_addra/Q[2]' has -through timing constraint at pin '' or its immediate connected net. To preserve -through timing constraint its fanout number considered in optimization is changed from 253 to 37 and it is not considered a very high fanout net anymore. Please consider modifying/removing the '-through' timing constraint on the net segment or hierarchy pin.
INFO: [Physopt 32-1022] Very high fanout net 'design_1_i/smartconnect_0/inst/s01_nodes/s01_w_node/inst/inst_mi_handler/gen_normal_area.inst_fifo_node_payld/gen_xpm_memory_fifo.inst_fifo/gen_mem_rep[0].inst_wr_addra/Q[3]' has -through timing constraint at pin '' or its immediate connected net. To preserve -through timing constraint its fanout number considered in optimization is changed from 256 to 40 and it is not considered a very high fanout net anymore. Please consider modifying/removing the '-through' timing constraint on the net segment or hierarchy pin.
INFO: [Physopt 32-1022] Very high fanout net 'design_1_i/smartconnect_0/inst/s01_nodes/s01_w_node/inst/inst_mi_handler/gen_normal_area.inst_fifo_node_payld/gen_xpm_memory_fifo.inst_fifo/gen_mem_rep[0].inst_wr_addra/Q[4]' has -through timing constraint at pin '' or its immediate connected net. To preserve -through timing constraint its fanout number considered in optimization is changed from 253 to 37 and it is not considered a very high fanout net anymore. Please consider modifying/removing the '-through' timing constraint on the net segment or hierarchy pin.
INFO: [Physopt 32-1022] Very high fanout net 'design_1_i/smartconnect_0/inst/s01_nodes/s01_w_node/inst/inst_mi_handler/gen_normal_area.inst_fifo_node_payld/gen_xpm_memory_fifo.inst_fifo/gen_mem_rep[1].inst_wr_addra/Q[0]' has -through timing constraint at pin '' or its immediate connected net. To preserve -through timing constraint its fanout number considered in optimization is changed from 278 to 41 and it is not considered a very high fanout net anymore. Please consider modifying/removing the '-through' timing constraint on the net segment or hierarchy pin.
INFO: [Physopt 32-1022] Very high fanout net 'design_1_i/smartconnect_0/inst/s01_nodes/s01_w_node/inst/inst_mi_handler/gen_normal_area.inst_fifo_node_payld/gen_xpm_memory_fifo.inst_fifo/gen_mem_rep[1].inst_wr_addra/Q[1]' has -through timing constraint at pin '' or its immediate connected net. To preserve -through timing constraint its fanout number considered in optimization is changed from 276 to 39 and it is not considered a very high fanout net anymore. Please consider modifying/removing the '-through' timing constraint on the net segment or hierarchy pin.
INFO: [Physopt 32-1022] Very high fanout net 'design_1_i/smartconnect_0/inst/s01_nodes/s01_w_node/inst/inst_mi_handler/gen_normal_area.inst_fifo_node_payld/gen_xpm_memory_fifo.inst_fifo/gen_mem_rep[1].inst_wr_addra/Q[2]' has -through timing constraint at pin '' or its immediate connected net. To preserve -through timing constraint its fanout number considered in optimization is changed from 275 to 38 and it is not considered a very high fanout net anymore. Please consider modifying/removing the '-through' timing constraint on the net segment or hierarchy pin.
INFO: [Physopt 32-1022] Very high fanout net 'design_1_i/smartconnect_0/inst/s01_nodes/s01_w_node/inst/inst_mi_handler/gen_normal_area.inst_fifo_node_payld/gen_xpm_memory_fifo.inst_fifo/gen_mem_rep[1].inst_wr_addra/Q[3]' has -through timing constraint at pin '' or its immediate connected net. To preserve -through timing constraint its fanout number considered in optimization is changed from 274 to 37 and it is not considered a very high fanout net anymore. Please consider modifying/removing the '-through' timing constraint on the net segment or hierarchy pin.
INFO: [Physopt 32-1022] Very high fanout net 'design_1_i/smartconnect_0/inst/s01_nodes/s01_w_node/inst/inst_mi_handler/gen_normal_area.inst_fifo_node_payld/gen_xpm_memory_fifo.inst_fifo/gen_mem_rep[1].inst_wr_addra/Q[4]' has -through timing constraint at pin '' or its immediate connected net. To preserve -through timing constraint its fanout number considered in optimization is changed from 273 to 36 and it is not considered a very high fanout net anymore. Please consider modifying/removing the '-through' timing constraint on the net segment or hierarchy pin.
INFO: [Physopt 32-1022] Very high fanout net 'design_1_i/smartconnect_0/inst/s01_nodes/s01_w_node/inst/inst_mi_handler/gen_normal_area.inst_fifo_node_payld/gen_xpm_memory_fifo.inst_fifo/gen_mem_rep[2].inst_wr_addra/Q[0]' has -through timing constraint at pin '' or its immediate connected net. To preserve -through timing constraint its fanout number considered in optimization is changed from 278 to 41 and it is not considered a very high fanout net anymore. Please consider modifying/removing the '-through' timing constraint on the net segment or hierarchy pin.
INFO: [Physopt 32-1022] Very high fanout net 'design_1_i/smartconnect_0/inst/s01_nodes/s01_w_node/inst/inst_mi_handler/gen_normal_area.inst_fifo_node_payld/gen_xpm_memory_fifo.inst_fifo/gen_mem_rep[2].inst_wr_addra/Q[1]' has -through timing constraint at pin '' or its immediate connected net. To preserve -through timing constraint its fanout number considered in optimization is changed from 276 to 39 and it is not considered a very high fanout net anymore. Please consider modifying/removing the '-through' timing constraint on the net segment or hierarchy pin.
INFO: [Physopt 32-1022] Very high fanout net 'design_1_i/smartconnect_0/inst/s01_nodes/s01_w_node/inst/inst_mi_handler/gen_normal_area.inst_fifo_node_payld/gen_xpm_memory_fifo.inst_fifo/gen_mem_rep[2].inst_wr_addra/Q[2]' has -through timing constraint at pin '' or its immediate connected net. To preserve -through timing constraint its fanout number considered in optimization is changed from 275 to 38 and it is not considered a very high fanout net anymore. Please consider modifying/removing the '-through' timing constraint on the net segment or hierarchy pin.
INFO: [Physopt 32-1022] Very high fanout net 'design_1_i/smartconnect_0/inst/s01_nodes/s01_w_node/inst/inst_mi_handler/gen_normal_area.inst_fifo_node_payld/gen_xpm_memory_fifo.inst_fifo/gen_mem_rep[2].inst_wr_addra/Q[3]' has -through timing constraint at pin '' or its immediate connected net. To preserve -through timing constraint its fanout number considered in optimization is changed from 274 to 37 and it is not considered a very high fanout net anymore. Please consider modifying/removing the '-through' timing constraint on the net segment or hierarchy pin.
INFO: [Physopt 32-1022] Very high fanout net 'design_1_i/smartconnect_0/inst/s01_nodes/s01_w_node/inst/inst_mi_handler/gen_normal_area.inst_fifo_node_payld/gen_xpm_memory_fifo.inst_fifo/gen_mem_rep[2].inst_wr_addra/Q[4]' has -through timing constraint at pin '' or its immediate connected net. To preserve -through timing constraint its fanout number considered in optimization is changed from 273 to 36 and it is not considered a very high fanout net anymore. Please consider modifying/removing the '-through' timing constraint on the net segment or hierarchy pin.
INFO: [Physopt 32-1022] Very high fanout net 'design_1_i/smartconnect_0/inst/s01_nodes/s01_w_node/inst/inst_mi_handler/gen_normal_area.inst_fifo_node_payld/gen_xpm_memory_fifo.inst_fifo/wr_wea' has -through timing constraint at pin '' or its immediate connected net. To preserve -through timing constraint its fanout number considered in optimization is changed from 792 to 100 and it is not considered a very high fanout net anymore. Please consider modifying/removing the '-through' timing constraint on the net segment or hierarchy pin.
INFO: [Physopt 32-76] Pass 1. Identified 32 candidate nets for fanout optimization.
INFO: [Physopt 32-572] Net design_1_i/smartconnect_0/inst/s00_nodes/s00_w_node/inst/inst_mi_handler/gen_normal_area.inst_fifo_send/rd_addrb_incr was not replicated.
Resolution: phys_opt_design can be forced to replicate a net driver using the option -force_replication_on_nets <list of net objects>.
INFO: [Physopt 32-572] Net design_1_i/smartconnect_0/inst/s00_nodes/s00_r_node/inst/inst_mi_handler/gen_normal_area.inst_fifo_node_payld/gen_xpm_memory_fifo.inst_fifo/gen_mem_rep[2].inst_rd_addrb/rd_addrb_incr_1 was not replicated.
Resolution: phys_opt_design can be forced to replicate a net driver using the option -force_replication_on_nets <list of net objects>.
INFO: [Physopt 32-572] Net design_1_i/xdma_0/inst/design_1_xdma_0_2_pcie2_to_pcie3_wrapper_i/pcie2_ip_i/U0/inst/user_reset_out was not replicated.
Resolution: phys_opt_design can be forced to replicate a net driver using the option -force_replication_on_nets <list of net objects>.
INFO: [Physopt 32-81] Processed net design_1_i/xdma_0/inst/design_1_xdma_0_2_pcie2_to_pcie3_wrapper_i/pcie2_ip_i/U0/inst/gt_top_i/pipe_wrapper_i/pipe_reset.pipe_reset_i/cpllreset. Replicated 3 times.
INFO: [Physopt 32-81] Processed net design_1_i/smartconnect_0/inst/s00_nodes/s00_w_node/inst/inst_mi_handler/m_sc_areset_r. Replicated 1 times.
INFO: [Physopt 32-81] Processed net design_1_i/smartconnect_0/inst/s01_nodes/s01_w_node/inst/inst_mi_handler/m_sc_areset_r. Replicated 1 times.
INFO: [Physopt 32-81] Processed net design_1_i/smartconnect_0/inst/m02_nodes/m02_r_node/inst/inst_mi_handler/m_sc_areset_r. Replicated 2 times.
INFO: [Physopt 32-81] Processed net design_1_i/smartconnect_0/inst/m04_nodes/m04_r_node/inst/inst_mi_handler/m_sc_areset_r. Replicated 2 times.
INFO: [Physopt 32-81] Processed net design_1_i/smartconnect_0/inst/m00_nodes/m00_r_node/inst/inst_mi_handler/m_sc_areset_r. Replicated 1 times.
INFO: [Physopt 32-81] Processed net design_1_i/smartconnect_0/inst/m01_nodes/m01_r_node/inst/inst_mi_handler/m_sc_areset_r. Replicated 1 times.
INFO: [Physopt 32-81] Processed net design_1_i/smartconnect_0/inst/m03_nodes/m03_r_node/inst/inst_mi_handler/m_sc_areset_r. Replicated 1 times.
INFO: [Physopt 32-81] Processed net design_1_i/smartconnect_0/inst/m05_nodes/m05_r_node/inst/inst_mi_handler/m_sc_areset_r. Replicated 1 times.
INFO: [Physopt 32-81] Processed net design_1_i/smartconnect_0/inst/s00_nodes/s00_r_node/inst/inst_mi_handler/m_sc_areset_r. Replicated 1 times.
INFO: [Physopt 32-81] Processed net design_1_i/smartconnect_0/inst/s01_nodes/s01_r_node/inst/inst_mi_handler/m_sc_areset_r. Replicated 2 times.
INFO: [Physopt 32-81] Processed net design_1_i/smartconnect_0/inst/s01_nodes/s01_r_node/inst/inst_si_handler/gen_si_handler.gen_arbiter_rr_normal_area.inst_arbiter/grant_i_reg[2]_0. Replicated 2 times.
INFO: [Physopt 32-81] Processed net design_1_i/smartconnect_0/inst/s01_nodes/s01_r_node/inst/inst_si_handler/gen_si_handler.gen_arbiter_rr_normal_area.inst_arbiter/grant_i_reg[4]_0. Replicated 2 times.
INFO: [Physopt 32-81] Processed net design_1_i/smartconnect_0/inst/s01_nodes/s01_r_node/inst/inst_mi_handler/gen_normal_area.inst_fifo_node_payld/gen_xpm_memory_fifo.inst_fifo/gen_mem_rep[2].inst_rd_addrb/rd_addrb_incr. Replicated 3 times.
INFO: [Physopt 32-81] Processed net design_1_i/smartconnect_0/inst/s01_nodes/s01_w_node/inst/inst_mi_handler/gen_normal_area.inst_fifo_send/rd_addrb_incr. Replicated 1 times.
INFO: [Physopt 32-81] Processed net design_1_i/smartconnect_0/inst/switchboards/w_switchboard/inst/gen_mi[4].inst_opipe_payld/gen_pipe[1].pipe[1][596]_i_1_n_0. Replicated 2 times.
INFO: [Physopt 32-81] Processed net design_1_i/smartconnect_0/inst/m01_nodes/m01_r_node/inst/inst_mi_handler/gen_normal_area.inst_fifo_node_payld/gen_xpm_memory_fifo.inst_fifo/gen_mem_rep[2].inst_rd_addrb/rd_addrb_incr. Replicated 1 times.
INFO: [Physopt 32-81] Processed net design_1_i/smartconnect_0/inst/m02_nodes/m02_r_node/inst/inst_mi_handler/gen_normal_area.inst_fifo_node_payld/gen_xpm_memory_fifo.inst_fifo/gen_mem_rep[2].inst_rd_addrb/E[0]. Replicated 3 times.
INFO: [Physopt 32-81] Processed net design_1_i/xdma_0/inst/udma_wrapper/dma_top/dma_pcie_req/dma_pcie_rc/u_dma_rc_mem_pfch/SR[0]. Replicated 6 times.
INFO: [Physopt 32-81] Processed net design_1_i/smartconnect_0/inst/switchboards/w_switchboard/inst/gen_mi[2].inst_opipe_payld/gen_pipe[1].pipe[1][596]_i_1_n_0. Replicated 1 times.
INFO: [Physopt 32-572] Net design_1_i/smartconnect_0/inst/m00_nodes/m00_r_node/inst/inst_mi_handler/gen_normal_area.inst_fifo_node_payld/gen_xpm_memory_fifo.inst_fifo/gen_mem_rep[2].inst_rd_addrb/rd_addrb_incr was not replicated.
Resolution: phys_opt_design can be forced to replicate a net driver using the option -force_replication_on_nets <list of net objects>.
INFO: [Physopt 32-81] Processed net design_1_i/xdma_0/inst/udma_wrapper/dma_top/dma_enable.aximm.dma_aximm/axi4mm_axi_mm_master_wr/WPL_FIFO/SR[0]. Replicated 3 times.
INFO: [Physopt 32-81] Processed net design_1_i/smartconnect_0/inst/m03_nodes/m03_r_node/inst/inst_mi_handler/gen_normal_area.inst_fifo_node_payld/gen_xpm_memory_fifo.inst_fifo/gen_mem_rep[2].inst_rd_addrb/E[0]. Replicated 1 times.
INFO: [Physopt 32-81] Processed net design_1_i/smartconnect_0/inst/m04_nodes/m04_r_node/inst/inst_mi_handler/gen_normal_area.inst_fifo_node_payld/gen_xpm_memory_fifo.inst_fifo/gen_mem_rep[2].inst_rd_addrb/E[0]. Replicated 2 times.
INFO: [Physopt 32-81] Processed net design_1_i/smartconnect_0/inst/m05_nodes/m05_r_node/inst/inst_mi_handler/gen_normal_area.inst_fifo_node_payld/gen_xpm_memory_fifo.inst_fifo/gen_mem_rep[2].inst_rd_addrb/E[0]. Replicated 1 times.
INFO: [Physopt 32-232] Optimized 24 nets. Created 44 new instances.
INFO: [Physopt 32-775] End 1 Pass. Optimized 24 nets or cells. Created 44 new cells, deleted 0 existing cell and moved 0 existing cell
INFO: [Physopt 32-619] Estimated Timing Summary | WNS=0.020 | TNS=0.000 |
Netlist sorting complete. Time (s): cpu = 00:00:00.21 ; elapsed = 00:00:00.22 . Memory (MB): peak = 5172.281 ; gain = 0.000 ; free physical = 16810 ; free virtual = 30131
Phase 28 Very High Fanout Optimization | Checksum: 1f48408ad

Time (s): cpu = 00:01:28 ; elapsed = 00:00:21 . Memory (MB): peak = 5172.281 ; gain = 0.000 ; free physical = 16810 ; free virtual = 30131

Phase 29 Single Cell Placement Optimization
INFO: [Physopt 32-670] No setup violation found.  Single Cell Placement Optimization was not performed.
Netlist sorting complete. Time (s): cpu = 00:00:00 ; elapsed = 00:00:00.01 . Memory (MB): peak = 5172.281 ; gain = 0.000 ; free physical = 16809 ; free virtual = 30131
Phase 29 Single Cell Placement Optimization | Checksum: 1f48408ad

Time (s): cpu = 00:01:28 ; elapsed = 00:00:21 . Memory (MB): peak = 5172.281 ; gain = 0.000 ; free physical = 16809 ; free virtual = 30131

Phase 30 Multi Cell Placement Optimization
INFO: [Physopt 32-670] No setup violation found.  Multi Cell Placement Optimization was not performed.
Phase 30 Multi Cell Placement Optimization | Checksum: 1f48408ad

Time (s): cpu = 00:01:28 ; elapsed = 00:00:21 . Memory (MB): peak = 5172.281 ; gain = 0.000 ; free physical = 16809 ; free virtual = 30131

Phase 31 SLR Crossing Optimization
Phase 31 SLR Crossing Optimization | Checksum: 1f48408ad

Time (s): cpu = 00:01:28 ; elapsed = 00:00:21 . Memory (MB): peak = 5172.281 ; gain = 0.000 ; free physical = 16809 ; free virtual = 30130

Phase 32 Critical Path Optimization
INFO: [Physopt 32-619] Estimated Timing Summary | WNS=0.020 | TNS=0.000 |
INFO: [Physopt 32-619] Estimated Timing Summary | WNS=0.020 | TNS=0.000 |
Phase 32 Critical Path Optimization | Checksum: 1f48408ad

Time (s): cpu = 00:01:29 ; elapsed = 00:00:22 . Memory (MB): peak = 5172.281 ; gain = 0.000 ; free physical = 16816 ; free virtual = 30137

Phase 33 BRAM Enable Optimization
Phase 33 BRAM Enable Optimization | Checksum: 1f48408ad

Time (s): cpu = 00:01:29 ; elapsed = 00:00:22 . Memory (MB): peak = 5172.281 ; gain = 0.000 ; free physical = 16818 ; free virtual = 30140
INFO: [Physopt 32-960] Skip hold-fix as initial WHS does not violate hold threshold 250 ps
Netlist sorting complete. Time (s): cpu = 00:00:00.01 ; elapsed = 00:00:00.01 . Memory (MB): peak = 5172.281 ; gain = 0.000 ; free physical = 16818 ; free virtual = 30140
INFO: [Physopt 32-603] Post Physical Optimization Timing Summary | WNS=0.020 | TNS=0.000 |

Summary of Physical Synthesis Optimizations
============================================


----------------------------------------------------------------------------------------------------------------------------------------------------------------------
|  Optimization            |  WNS Gain (ns)  |  TNS Gain (ns)  |  Added Cells  |  Removed Cells  |  Optimized Cells/Nets  |  Dont Touch  |  Iterations  |  Elapsed   |
----------------------------------------------------------------------------------------------------------------------------------------------------------------------
|  Fanout                  |          0.000  |          0.000  |            6  |              0  |                     6  |           0  |           1  |  00:00:01  |
|  Single Cell Placement   |          0.031  |          0.011  |            0  |              0  |                    70  |           0  |           1  |  00:00:04  |
|  Multi Cell Placement    |          0.000  |          0.000  |            0  |              0  |                     0  |           0  |           0  |  00:00:00  |
|  Rewire                  |          0.000  |          0.000  |            0  |              0  |                     0  |           0  |           0  |  00:00:00  |
|  Critical Cell           |          0.000  |          0.000  |            0  |              0  |                     0  |           0  |           0  |  00:00:00  |
|  SLR Crossing            |          0.000  |          0.000  |            0  |              0  |                     0  |           0  |           3  |  00:00:00  |
|  DSP Register            |          0.000  |          0.000  |            0  |              0  |                     0  |           0  |           0  |  00:00:00  |
|  BRAM Register           |          0.000  |          0.000  |            0  |              0  |                     0  |           0  |           0  |  00:00:00  |
|  URAM Register           |          0.000  |          0.000  |            0  |              0  |                     0  |           0  |           0  |  00:00:00  |
|  Shift Register          |          0.000  |          0.000  |            0  |              0  |                     0  |           0  |           0  |  00:00:00  |
|  Critical Pin            |          0.000  |          0.000  |            0  |              0  |                     0  |           0  |           0  |  00:00:00  |
|  Very High Fanout        |          0.000  |          0.000  |           44  |              0  |                    24  |           0  |           1  |  00:00:10  |
|  BRAM Enable             |          0.000  |          0.000  |            0  |              0  |                     0  |           0  |           1  |  00:00:00  |
|  Critical Path           |          0.000  |          0.000  |            0  |              0  |                     0  |           0  |           1  |  00:00:00  |
|  Total                   |          0.031  |          0.011  |           50  |              0  |                   100  |           0  |           8  |  00:00:16  |
----------------------------------------------------------------------------------------------------------------------------------------------------------------------


Netlist sorting complete. Time (s): cpu = 00:00:00.01 ; elapsed = 00:00:00.01 . Memory (MB): peak = 5172.281 ; gain = 0.000 ; free physical = 16816 ; free virtual = 30137
Ending Physical Synthesis Task | Checksum: 118cacef0

Time (s): cpu = 00:01:30 ; elapsed = 00:00:22 . Memory (MB): peak = 5172.281 ; gain = 0.000 ; free physical = 16814 ; free virtual = 30136
INFO: [Common 17-83] Releasing license: Implementation
560 Infos, 24 Warnings, 0 Critical Warnings and 0 Errors encountered.
phys_opt_design completed successfully
phys_opt_design: Time (s): cpu = 00:01:52 ; elapsed = 00:00:28 . Memory (MB): peak = 5172.281 ; gain = 0.000 ; free physical = 16895 ; free virtual = 30217
INFO: [Timing 38-480] Writing timing data to binary archive.
Writing placer database...
Writing XDEF routing.
Writing XDEF routing logical nets.
Writing XDEF routing special nets.
Write XDEF Complete: Time (s): cpu = 00:00:09 ; elapsed = 00:00:03 . Memory (MB): peak = 5172.281 ; gain = 0.000 ; free physical = 16541 ; free virtual = 30094
INFO: [Common 17-1381] The checkpoint '/home/dipen/Kintex7/BasictTest/BasictTest.runs/impl_1/design_1_wrapper_physopt.dcp' has been generated.
write_checkpoint: Time (s): cpu = 00:00:24 ; elapsed = 00:00:17 . Memory (MB): peak = 5172.281 ; gain = 0.000 ; free physical = 16771 ; free virtual = 30146
Command: route_design -directive Explore
Attempting to get a license for feature 'Implementation' and/or device 'xc7k480t'
INFO: [Common 17-349] Got license for feature 'Implementation' and/or device 'xc7k480t'
INFO: [DRC 23-27] Running DRC with 8 threads
INFO: [Vivado_Tcl 4-198] DRC finished with 0 Errors
INFO: [Vivado_Tcl 4-199] Please refer to the DRC report (report_drc) for more information.
Running DRC as a precondition to command route_design
INFO: [DRC 23-27] Running DRC with 8 threads
INFO: [Vivado_Tcl 4-198] DRC finished with 0 Errors
INFO: [Vivado_Tcl 4-199] Please refer to the DRC report (report_drc) for more information.


Starting Routing Task
INFO: [Route 35-270] Using Router directive 'Explore'.
INFO: [Route 35-254] Multithreading enabled for route_design using a maximum of 8 CPUs
Checksum: PlaceDB: c5908e64 ConstDB: 0 ShapeSum: 800f28d RouteDB: 0

Phase 1 Build RT Design
Phase 1 Build RT Design | Checksum: 1614028df

Time (s): cpu = 00:00:28 ; elapsed = 00:00:10 . Memory (MB): peak = 5217.777 ; gain = 45.496 ; free physical = 16498 ; free virtual = 29872
Post Restoration Checksum: NetGraph: 9702388b NumContArr: ca3df054 Constraints: 0 Timing: 0

Phase 2 Router Initialization

Phase 2.1 Create Timer
Phase 2.1 Create Timer | Checksum: 1614028df

Time (s): cpu = 00:00:29 ; elapsed = 00:00:10 . Memory (MB): peak = 5217.777 ; gain = 45.496 ; free physical = 16541 ; free virtual = 29916

Phase 2.2 Fix Topology Constraints
Phase 2.2 Fix Topology Constraints | Checksum: 1614028df

Time (s): cpu = 00:00:29 ; elapsed = 00:00:11 . Memory (MB): peak = 5217.777 ; gain = 45.496 ; free physical = 16479 ; free virtual = 29854

Phase 2.3 Pre Route Cleanup
Phase 2.3 Pre Route Cleanup | Checksum: 1614028df

Time (s): cpu = 00:00:29 ; elapsed = 00:00:11 . Memory (MB): peak = 5217.777 ; gain = 45.496 ; free physical = 16479 ; free virtual = 29854
 Number of Nodes with overlaps = 0

Phase 2.4 Update Timing
Phase 2.4 Update Timing | Checksum: 1ae66261c

Time (s): cpu = 00:00:59 ; elapsed = 00:00:24 . Memory (MB): peak = 5217.777 ; gain = 45.496 ; free physical = 16420 ; free virtual = 29767
INFO: [Route 35-416] Intermediate Timing Summary | WNS=0.075  | TNS=0.000  | WHS=-0.477 | THS=-11014.559|


Phase 2.5 Update Timing for Bus Skew

Phase 2.5.1 Update Timing
Phase 2.5.1 Update Timing | Checksum: 17bf20dc0

Time (s): cpu = 00:01:25 ; elapsed = 00:00:30 . Memory (MB): peak = 5217.777 ; gain = 45.496 ; free physical = 16454 ; free virtual = 29801
INFO: [Route 35-416] Intermediate Timing Summary | WNS=0.075  | TNS=0.000  | WHS=N/A    | THS=N/A    |

Phase 2.5 Update Timing for Bus Skew | Checksum: 1d218443b

Time (s): cpu = 00:01:26 ; elapsed = 00:00:31 . Memory (MB): peak = 5217.777 ; gain = 45.496 ; free physical = 16454 ; free virtual = 29801
Phase 2 Router Initialization | Checksum: 273c77bc0

Time (s): cpu = 00:01:26 ; elapsed = 00:00:31 . Memory (MB): peak = 5217.777 ; gain = 45.496 ; free physical = 16454 ; free virtual = 29801

Router Utilization Summary
  Global Vertical Routing Utilization    = 0 %
  Global Horizontal Routing Utilization  = 0 %
  Routable Net Status*
  *Does not include unroutable nets such as driverless and loadless.
  Run report_route_status for detailed report.
  Number of Failed Nets               = 123688
    (Failed Nets is the sum of unrouted and partially routed nets)
  Number of Unrouted Nets             = 123687
  Number of Partially Routed Nets     = 1
  Number of Node Overlaps             = 0


Phase 3 Initial Routing
Phase 3 Initial Routing | Checksum: 1b2935c68

Time (s): cpu = 00:01:46 ; elapsed = 00:00:36 . Memory (MB): peak = 5217.777 ; gain = 45.496 ; free physical = 16426 ; free virtual = 29773

Phase 4 Rip-up And Reroute

Phase 4.1 Global Iteration 0
 Number of Nodes with overlaps = 12209
 Number of Nodes with overlaps = 1079
 Number of Nodes with overlaps = 197
 Number of Nodes with overlaps = 22
 Number of Nodes with overlaps = 5
 Number of Nodes with overlaps = 1
 Number of Nodes with overlaps = 0
INFO: [Route 35-416] Intermediate Timing Summary | WNS=-0.156 | TNS=-0.390 | WHS=N/A    | THS=N/A    |

Phase 4.1 Global Iteration 0 | Checksum: 187f0404c

Time (s): cpu = 00:02:34 ; elapsed = 00:00:57 . Memory (MB): peak = 5217.777 ; gain = 45.496 ; free physical = 16359 ; free virtual = 29710

Phase 4.2 Global Iteration 1
 Number of Nodes with overlaps = 554
 Number of Nodes with overlaps = 145
 Number of Nodes with overlaps = 35
 Number of Nodes with overlaps = 21
 Number of Nodes with overlaps = 7
 Number of Nodes with overlaps = 1
 Number of Nodes with overlaps = 1
 Number of Nodes with overlaps = 0
INFO: [Route 35-416] Intermediate Timing Summary | WNS=-0.211 | TNS=-0.212 | WHS=N/A    | THS=N/A    |

Phase 4.2 Global Iteration 1 | Checksum: 213313cef

Time (s): cpu = 00:02:45 ; elapsed = 00:01:06 . Memory (MB): peak = 5217.777 ; gain = 45.496 ; free physical = 16416 ; free virtual = 29767
Phase 4 Rip-up And Reroute | Checksum: 213313cef

Time (s): cpu = 00:02:46 ; elapsed = 00:01:06 . Memory (MB): peak = 5217.777 ; gain = 45.496 ; free physical = 16421 ; free virtual = 29772

Phase 5 Delay and Skew Optimization

Phase 5.1 Delay CleanUp

Phase 5.1.1 Update Timing
Phase 5.1.1 Update Timing | Checksum: 178683475

Time (s): cpu = 00:02:53 ; elapsed = 00:01:08 . Memory (MB): peak = 5217.777 ; gain = 45.496 ; free physical = 16429 ; free virtual = 29780
INFO: [Route 35-416] Intermediate Timing Summary | WNS=-0.071 | TNS=-0.071 | WHS=N/A    | THS=N/A    |

 Number of Nodes with overlaps = 0
Phase 5.1 Delay CleanUp | Checksum: 117468f78

Time (s): cpu = 00:02:54 ; elapsed = 00:01:09 . Memory (MB): peak = 5217.777 ; gain = 45.496 ; free physical = 16398 ; free virtual = 29749

Phase 5.2 Clock Skew Optimization
Phase 5.2 Clock Skew Optimization | Checksum: 117468f78

Time (s): cpu = 00:02:54 ; elapsed = 00:01:09 . Memory (MB): peak = 5217.777 ; gain = 45.496 ; free physical = 16398 ; free virtual = 29749
Phase 5 Delay and Skew Optimization | Checksum: 117468f78

Time (s): cpu = 00:02:54 ; elapsed = 00:01:09 . Memory (MB): peak = 5217.777 ; gain = 45.496 ; free physical = 16401 ; free virtual = 29752

Phase 6 Post Hold Fix

Phase 6.1 Hold Fix Iter

Phase 6.1.1 Update Timing
Phase 6.1.1 Update Timing | Checksum: 1102e59d7

Time (s): cpu = 00:03:02 ; elapsed = 00:01:12 . Memory (MB): peak = 5217.777 ; gain = 45.496 ; free physical = 16416 ; free virtual = 29767
INFO: [Route 35-416] Intermediate Timing Summary | WNS=-0.063 | TNS=-0.063 | WHS=0.034  | THS=0.000  |

Phase 6.1 Hold Fix Iter | Checksum: 16c33fcdd

Time (s): cpu = 00:03:03 ; elapsed = 00:01:12 . Memory (MB): peak = 5217.777 ; gain = 45.496 ; free physical = 16421 ; free virtual = 29771
Phase 6 Post Hold Fix | Checksum: 16c33fcdd

Time (s): cpu = 00:03:03 ; elapsed = 00:01:12 . Memory (MB): peak = 5217.777 ; gain = 45.496 ; free physical = 16421 ; free virtual = 29771

Phase 7 Timing Verification

Phase 7.1 Update Timing
Phase 7.1 Update Timing | Checksum: 193336a5b

Time (s): cpu = 00:03:12 ; elapsed = 00:01:15 . Memory (MB): peak = 5217.777 ; gain = 45.496 ; free physical = 16435 ; free virtual = 29786
INFO: [Route 35-416] Intermediate Timing Summary | WNS=-0.063 | TNS=-0.063 | WHS=N/A    | THS=N/A    |

Phase 7 Timing Verification | Checksum: 193336a5b

Time (s): cpu = 00:03:12 ; elapsed = 00:01:15 . Memory (MB): peak = 5217.777 ; gain = 45.496 ; free physical = 16437 ; free virtual = 29788

Phase 8 Route finalize

Router Utilization Summary
  Global Vertical Routing Utilization    = 8.02504 %
  Global Horizontal Routing Utilization  = 8.1418 %
  Routable Net Status*
  *Does not include unroutable nets such as driverless and loadless.
  Run report_route_status for detailed report.
  Number of Failed Nets               = 0
    (Failed Nets is the sum of unrouted and partially routed nets)
  Number of Unrouted Nets             = 0
  Number of Partially Routed Nets     = 0
  Number of Node Overlaps             = 0

Congestion Report
North Dir 1x1 Area, Max Cong = 81.982%, No Congested Regions.
South Dir 1x1 Area, Max Cong = 81.982%, No Congested Regions.
East Dir 1x1 Area, Max Cong = 83.8235%, No Congested Regions.
West Dir 1x1 Area, Max Cong = 86.7647%, Congestion bounded by tiles (Lower Left Tile -> Upper Right Tile):
   INT_L_X28Y129 -> INT_L_X28Y129

------------------------------
Reporting congestion hotspots
------------------------------
Direction: North
----------------
Congested clusters found at Level 0
Effective congestion level: 0 Aspect Ratio: 1 Sparse Ratio: 0
Direction: South
----------------
Congested clusters found at Level 0
Effective congestion level: 0 Aspect Ratio: 1 Sparse Ratio: 0
Direction: East
----------------
Congested clusters found at Level 0
Effective congestion level: 0 Aspect Ratio: 1 Sparse Ratio: 0
Direction: West
----------------
Congested clusters found at Level 0
Effective congestion level: 0 Aspect Ratio: 1 Sparse Ratio: 1

Phase 8 Route finalize | Checksum: 193336a5b

Time (s): cpu = 00:03:13 ; elapsed = 00:01:16 . Memory (MB): peak = 5217.777 ; gain = 45.496 ; free physical = 16438 ; free virtual = 29790

Phase 9 Verifying routed nets

 Verification completed successfully
Phase 9 Verifying routed nets | Checksum: 193336a5b

Time (s): cpu = 00:03:13 ; elapsed = 00:01:16 . Memory (MB): peak = 5217.777 ; gain = 45.496 ; free physical = 16438 ; free virtual = 29790

Phase 10 Depositing Routes
Phase 10 Depositing Routes | Checksum: 25a908701

Time (s): cpu = 00:03:16 ; elapsed = 00:01:19 . Memory (MB): peak = 5217.777 ; gain = 45.496 ; free physical = 16445 ; free virtual = 29796

Phase 11 Incr Placement Change
Netlist sorting complete. Time (s): cpu = 00:00:00.01 ; elapsed = 00:00:00.01 . Memory (MB): peak = 5217.777 ; gain = 0.000 ; free physical = 16442 ; free virtual = 29793
INFO: [Place 30-746] Post Placement Timing Summary WNS=-0.028. For the most accurate timing information please run report_timing.
Ending IncrPlace Task | Checksum: 10bb3b552

Time (s): cpu = 00:00:41 ; elapsed = 00:00:18 . Memory (MB): peak = 5223.770 ; gain = 5.992 ; free physical = 16372 ; free virtual = 29723
Phase 11 Incr Placement Change | Checksum: 25a908701

Time (s): cpu = 00:03:59 ; elapsed = 00:01:39 . Memory (MB): peak = 5223.770 ; gain = 51.488 ; free physical = 16372 ; free virtual = 29724

Phase 12 Build RT Design
Phase 12 Build RT Design | Checksum: bc8a31e2

Time (s): cpu = 00:04:10 ; elapsed = 00:01:44 . Memory (MB): peak = 5223.770 ; gain = 51.488 ; free physical = 16382 ; free virtual = 29734
Post Restoration Checksum: NetGraph: 1ee79ca0 NumContArr: e9389903 Constraints: 0 Timing: 0

Phase 13 Router Initialization

Phase 13.1 Create Timer
Phase 13.1 Create Timer | Checksum: 1082035a3

Time (s): cpu = 00:04:12 ; elapsed = 00:01:46 . Memory (MB): peak = 5223.770 ; gain = 51.488 ; free physical = 16384 ; free virtual = 29735

Phase 13.2 Fix Topology Constraints
Phase 13.2 Fix Topology Constraints | Checksum: 1082035a3

Time (s): cpu = 00:04:12 ; elapsed = 00:01:46 . Memory (MB): peak = 5223.770 ; gain = 51.488 ; free physical = 16345 ; free virtual = 29696

Phase 13.3 Pre Route Cleanup
Phase 13.3 Pre Route Cleanup | Checksum: 168fb6a5d

Time (s): cpu = 00:04:13 ; elapsed = 00:01:47 . Memory (MB): peak = 5223.770 ; gain = 51.488 ; free physical = 16345 ; free virtual = 29696
 Number of Nodes with overlaps = 0

Phase 13.4 Update Timing
Phase 13.4 Update Timing | Checksum: 184372c11

Time (s): cpu = 00:04:44 ; elapsed = 00:01:58 . Memory (MB): peak = 5269.820 ; gain = 97.539 ; free physical = 16122 ; free virtual = 29474
INFO: [Route 35-416] Intermediate Timing Summary | WNS=-0.023 | TNS=-0.023 | WHS=-0.477 | THS=-11002.030|


Phase 13.5 Update Timing for Bus Skew

Phase 13.5.1 Update Timing
Phase 13.5.1 Update Timing | Checksum: 14f334534

Time (s): cpu = 00:05:10 ; elapsed = 00:02:04 . Memory (MB): peak = 5269.820 ; gain = 97.539 ; free physical = 16117 ; free virtual = 29468
INFO: [Route 35-416] Intermediate Timing Summary | WNS=-0.023 | TNS=0.000  | WHS=N/A    | THS=N/A    |

Phase 13.5 Update Timing for Bus Skew | Checksum: 127956702

Time (s): cpu = 00:05:10 ; elapsed = 00:02:05 . Memory (MB): peak = 5285.820 ; gain = 113.539 ; free physical = 16117 ; free virtual = 29468
Phase 13 Router Initialization | Checksum: 1cb437771

Time (s): cpu = 00:05:10 ; elapsed = 00:02:05 . Memory (MB): peak = 5285.820 ; gain = 113.539 ; free physical = 16136 ; free virtual = 29488

Router Utilization Summary
  Global Vertical Routing Utilization    = 8.02315 %
  Global Horizontal Routing Utilization  = 8.13902 %
  Routable Net Status*
  *Does not include unroutable nets such as driverless and loadless.
  Run report_route_status for detailed report.
  Number of Failed Nets               = 168
    (Failed Nets is the sum of unrouted and partially routed nets)
  Number of Unrouted Nets             = 50
  Number of Partially Routed Nets     = 118
  Number of Node Overlaps             = 0


Phase 14 Initial Routing
Phase 14 Initial Routing | Checksum: 204991101

Time (s): cpu = 00:05:12 ; elapsed = 00:02:06 . Memory (MB): peak = 5285.820 ; gain = 113.539 ; free physical = 16080 ; free virtual = 29432
INFO: [Route 35-580] Design has 20 pins with tight setup and hold constraints.

The top 5 pins with tight setup and hold constraints:

+--------------------------+--------------------------+----------------------------------------------------------------------------------------------------------+
|       Launch Clock       |      Capture Clock       |                                                 Pin                                                      |
+--------------------------+--------------------------+----------------------------------------------------------------------------------------------------------+
|           oserdes_clk_11 |        oserdes_clkdiv_11 |design_1_i/mig_7series_0/u_design_1_mig_7series_0_3_mig/c0_u_memc_ui_top_axi/mem_intfc0/ddr_phy_top0/u_ddr_mc_phy_wrapper/u_ddr_mc_phy/ddr_phy_4lanes_2.u_ddr_phy_4lanes/ddr_byte_lane_D.ddr_byte_lane_D/ddr_byte_group_io/output_[9].oserdes_dq_.ddr.oserdes_dq_i/RST|
|           oserdes_clk_23 |        oserdes_clkdiv_23 |design_1_i/mig_7series_0/u_design_1_mig_7series_0_3_mig/c1_u_memc_ui_top_axi/mem_intfc0/ddr_phy_top0/u_ddr_mc_phy_wrapper/u_ddr_mc_phy/ddr_phy_4lanes_2.u_ddr_phy_4lanes/ddr_byte_lane_D.ddr_byte_lane_D/ddr_byte_group_io/output_[9].oserdes_dq_.ddr.oserdes_dq_i/RST|
|           oserdes_clk_22 |        oserdes_clkdiv_22 |design_1_i/mig_7series_0/u_design_1_mig_7series_0_3_mig/c1_u_memc_ui_top_axi/mem_intfc0/ddr_phy_top0/u_ddr_mc_phy_wrapper/u_ddr_mc_phy/ddr_phy_4lanes_2.u_ddr_phy_4lanes/ddr_byte_lane_C.ddr_byte_lane_C/ddr_byte_group_io/output_[9].oserdes_dq_.ddr.oserdes_dq_i/RST|
|           oserdes_clk_18 |        oserdes_clkdiv_18 |design_1_i/mig_7series_0/u_design_1_mig_7series_0_3_mig/c1_u_memc_ui_top_axi/mem_intfc0/ddr_phy_top0/u_ddr_mc_phy_wrapper/u_ddr_mc_phy/ddr_phy_4lanes_1.u_ddr_phy_4lanes/ddr_byte_lane_C.ddr_byte_lane_C/ddr_byte_group_io/output_[9].oserdes_dq_.sdr.oserdes_dq_i/RST|
|           oserdes_clk_19 |        oserdes_clkdiv_19 |design_1_i/mig_7series_0/u_design_1_mig_7series_0_3_mig/c1_u_memc_ui_top_axi/mem_intfc0/ddr_phy_top0/u_ddr_mc_phy_wrapper/u_ddr_mc_phy/ddr_phy_4lanes_1.u_ddr_phy_4lanes/ddr_byte_lane_D.ddr_byte_lane_D/ddr_byte_group_io/output_[9].oserdes_dq_.sdr.oserdes_dq_i/RST|
+--------------------------+--------------------------+----------------------------------------------------------------------------------------------------------+

File with complete list of pins: tight_setup_hold_pins.txt


Phase 15 Rip-up And Reroute

Phase 15.1 Global Iteration 0
 Number of Nodes with overlaps = 494
 Number of Nodes with overlaps = 296
 Number of Nodes with overlaps = 104
 Number of Nodes with overlaps = 46
 Number of Nodes with overlaps = 26
 Number of Nodes with overlaps = 15
 Number of Nodes with overlaps = 1
 Number of Nodes with overlaps = 0
INFO: [Route 35-416] Intermediate Timing Summary | WNS=-0.029 | TNS=-0.029 | WHS=N/A    | THS=N/A    |

Phase 15.1 Global Iteration 0 | Checksum: 16dc1fa18

Time (s): cpu = 00:05:37 ; elapsed = 00:02:21 . Memory (MB): peak = 5285.820 ; gain = 113.539 ; free physical = 16069 ; free virtual = 29421

Phase 15.2 Global Iteration 1
 Number of Nodes with overlaps = 563
 Number of Nodes with overlaps = 143
 Number of Nodes with overlaps = 53
 Number of Nodes with overlaps = 22
 Number of Nodes with overlaps = 16
 Number of Nodes with overlaps = 7
 Number of Nodes with overlaps = 3
 Number of Nodes with overlaps = 0
INFO: [Route 35-416] Intermediate Timing Summary | WNS=-0.016 | TNS=-0.016 | WHS=N/A    | THS=N/A    |

Phase 15.2 Global Iteration 1 | Checksum: 1db3f8fdc

Time (s): cpu = 00:05:53 ; elapsed = 00:02:34 . Memory (MB): peak = 5293.883 ; gain = 121.602 ; free physical = 16077 ; free virtual = 29429

Phase 15.3 Global Iteration 2
 Number of Nodes with overlaps = 448
 Number of Nodes with overlaps = 209
 Number of Nodes with overlaps = 57
 Number of Nodes with overlaps = 16
 Number of Nodes with overlaps = 6
 Number of Nodes with overlaps = 1
 Number of Nodes with overlaps = 0
INFO: [Route 35-416] Intermediate Timing Summary | WNS=0.015  | TNS=0.000  | WHS=N/A    | THS=N/A    |

Phase 15.3 Global Iteration 2 | Checksum: d98568de

Time (s): cpu = 00:06:03 ; elapsed = 00:02:41 . Memory (MB): peak = 5293.883 ; gain = 121.602 ; free physical = 16129 ; free virtual = 29481
Phase 15 Rip-up And Reroute | Checksum: d98568de

Time (s): cpu = 00:06:04 ; elapsed = 00:02:41 . Memory (MB): peak = 5293.883 ; gain = 121.602 ; free physical = 16129 ; free virtual = 29481

Phase 16 Delay and Skew Optimization

Phase 16.1 Delay CleanUp
Phase 16.1 Delay CleanUp | Checksum: d98568de

Time (s): cpu = 00:06:04 ; elapsed = 00:02:42 . Memory (MB): peak = 5293.883 ; gain = 121.602 ; free physical = 16129 ; free virtual = 29481

Phase 16.2 Clock Skew Optimization
Phase 16.2 Clock Skew Optimization | Checksum: d98568de

Time (s): cpu = 00:06:04 ; elapsed = 00:02:42 . Memory (MB): peak = 5293.883 ; gain = 121.602 ; free physical = 16129 ; free virtual = 29481
Phase 16 Delay and Skew Optimization | Checksum: d98568de

Time (s): cpu = 00:06:04 ; elapsed = 00:02:42 . Memory (MB): peak = 5293.883 ; gain = 121.602 ; free physical = 16129 ; free virtual = 29481

Phase 17 Post Hold Fix

Phase 17.1 Hold Fix Iter

Phase 17.1.1 Update Timing
Phase 17.1.1 Update Timing | Checksum: 12aa28a44

Time (s): cpu = 00:06:12 ; elapsed = 00:02:45 . Memory (MB): peak = 5293.883 ; gain = 121.602 ; free physical = 16147 ; free virtual = 29499
INFO: [Route 35-416] Intermediate Timing Summary | WNS=0.126  | TNS=0.000  | WHS=0.034  | THS=0.000  |

Phase 17.1 Hold Fix Iter | Checksum: 18f33f061

Time (s): cpu = 00:06:12 ; elapsed = 00:02:45 . Memory (MB): peak = 5293.883 ; gain = 121.602 ; free physical = 16144 ; free virtual = 29495
Phase 17 Post Hold Fix | Checksum: 18f33f061

Time (s): cpu = 00:06:13 ; elapsed = 00:02:45 . Memory (MB): peak = 5293.883 ; gain = 121.602 ; free physical = 16147 ; free virtual = 29499

Phase 18 Timing Verification

Phase 18.1 Update Timing
Phase 18.1 Update Timing | Checksum: 11c2cbb2f

Time (s): cpu = 00:06:22 ; elapsed = 00:02:48 . Memory (MB): peak = 5293.883 ; gain = 121.602 ; free physical = 16164 ; free virtual = 29515
INFO: [Route 35-416] Intermediate Timing Summary | WNS=0.126  | TNS=0.000  | WHS=N/A    | THS=N/A    |

Phase 18 Timing Verification | Checksum: 11c2cbb2f

Time (s): cpu = 00:06:22 ; elapsed = 00:02:48 . Memory (MB): peak = 5293.883 ; gain = 121.602 ; free physical = 16164 ; free virtual = 29515

Phase 19 Route finalize

Router Utilization Summary
  Global Vertical Routing Utilization    = 8.0361 %
  Global Horizontal Routing Utilization  = 8.15504 %
  Routable Net Status*
  *Does not include unroutable nets such as driverless and loadless.
  Run report_route_status for detailed report.
  Number of Failed Nets               = 0
    (Failed Nets is the sum of unrouted and partially routed nets)
  Number of Unrouted Nets             = 0
  Number of Partially Routed Nets     = 0
  Number of Node Overlaps             = 0

Phase 19 Route finalize | Checksum: 11c2cbb2f

Time (s): cpu = 00:06:23 ; elapsed = 00:02:48 . Memory (MB): peak = 5293.883 ; gain = 121.602 ; free physical = 16163 ; free virtual = 29515

Phase 20 Verifying routed nets

 Verification completed successfully
Phase 20 Verifying routed nets | Checksum: 11c2cbb2f

Time (s): cpu = 00:06:23 ; elapsed = 00:02:48 . Memory (MB): peak = 5293.883 ; gain = 121.602 ; free physical = 16159 ; free virtual = 29511

Phase 21 Depositing Routes
Phase 21 Depositing Routes | Checksum: 18cc57aec

Time (s): cpu = 00:06:26 ; elapsed = 00:02:51 . Memory (MB): peak = 5293.883 ; gain = 121.602 ; free physical = 16157 ; free virtual = 29509

Phase 22 Post Router Timing
INFO: [Route 35-20] Post Routing Timing Summary | WNS=0.128  | TNS=0.000  | WHS=0.034  | THS=0.000  |

INFO: [Route 35-61] The design met the timing requirement.
Phase 22 Post Router Timing | Checksum: 20afe7f33

Time (s): cpu = 00:06:49 ; elapsed = 00:02:58 . Memory (MB): peak = 5293.883 ; gain = 121.602 ; free physical = 16270 ; free virtual = 29622
INFO: [Route 35-16] Router Completed Successfully

Time (s): cpu = 00:06:49 ; elapsed = 00:02:58 . Memory (MB): peak = 5293.883 ; gain = 121.602 ; free physical = 16655 ; free virtual = 30006

Routing Is Done.
INFO: [Common 17-83] Releasing license: Implementation
591 Infos, 24 Warnings, 0 Critical Warnings and 0 Errors encountered.
route_design completed successfully
route_design: Time (s): cpu = 00:06:55 ; elapsed = 00:03:00 . Memory (MB): peak = 5293.883 ; gain = 121.602 ; free physical = 16655 ; free virtual = 30006
INFO: [Timing 38-480] Writing timing data to binary archive.
Writing placer database...
Writing XDEF routing.
Writing XDEF routing logical nets.
Writing XDEF routing special nets.
Write XDEF Complete: Time (s): cpu = 00:00:10 ; elapsed = 00:00:03 . Memory (MB): peak = 5301.887 ; gain = 0.000 ; free physical = 16279 ; free virtual = 29915
INFO: [Common 17-1381] The checkpoint '/home/dipen/Kintex7/BasictTest/BasictTest.runs/impl_1/design_1_wrapper_routed.dcp' has been generated.
write_checkpoint: Time (s): cpu = 00:00:24 ; elapsed = 00:00:17 . Memory (MB): peak = 5301.887 ; gain = 8.004 ; free physical = 16510 ; free virtual = 29927
INFO: [runtcl-4] Executing : report_drc -file design_1_wrapper_drc_routed.rpt -pb design_1_wrapper_drc_routed.pb -rpx design_1_wrapper_drc_routed.rpx
Command: report_drc -file design_1_wrapper_drc_routed.rpt -pb design_1_wrapper_drc_routed.pb -rpx design_1_wrapper_drc_routed.rpx
INFO: [IP_Flow 19-1839] IP Catalog is up to date.
INFO: [DRC 23-27] Running DRC with 8 threads
INFO: [Coretcl 2-168] The results of DRC are in file /home/dipen/Kintex7/BasictTest/BasictTest.runs/impl_1/design_1_wrapper_drc_routed.rpt.
report_drc completed successfully
INFO: [runtcl-4] Executing : report_methodology -file design_1_wrapper_methodology_drc_routed.rpt -pb design_1_wrapper_methodology_drc_routed.pb -rpx design_1_wrapper_methodology_drc_routed.rpx
Command: report_methodology -file design_1_wrapper_methodology_drc_routed.rpt -pb design_1_wrapper_methodology_drc_routed.pb -rpx design_1_wrapper_methodology_drc_routed.rpx
INFO: [Timing 38-35] Done setting XDC timing constraints.
INFO: [DRC 23-133] Running Methodology with 8 threads
INFO: [Coretcl 2-1520] The results of Report Methodology are in file /home/dipen/Kintex7/BasictTest/BasictTest.runs/impl_1/design_1_wrapper_methodology_drc_routed.rpt.
report_methodology completed successfully
report_methodology: Time (s): cpu = 00:00:50 ; elapsed = 00:00:14 . Memory (MB): peak = 5505.148 ; gain = 139.230 ; free physical = 16548 ; free virtual = 29965
INFO: [runtcl-4] Executing : report_power -file design_1_wrapper_power_routed.rpt -pb design_1_wrapper_power_summary_routed.pb -rpx design_1_wrapper_power_routed.rpx
Command: report_power -file design_1_wrapper_power_routed.rpt -pb design_1_wrapper_power_summary_routed.pb -rpx design_1_wrapper_power_routed.rpx
INFO: [Timing 38-35] Done setting XDC timing constraints.
Running Vector-less Activity Propagation...

Finished Running Vector-less Activity Propagation
WARNING: [Power 33-332] Found switching activity that implies high-fanout reset nets being asserted for excessive periods of time which may result in inaccurate power analysis.
Resolution: To review and fix problems, please run Power Constraints Advisor in the GUI from Tools > Power Constraints Advisor or run report_power with the -advisory option to generate a text report.
603 Infos, 25 Warnings, 0 Critical Warnings and 0 Errors encountered.
report_power completed successfully
report_power: Time (s): cpu = 00:00:37 ; elapsed = 00:00:12 . Memory (MB): peak = 5577.184 ; gain = 72.035 ; free physical = 16420 ; free virtual = 29851
INFO: [runtcl-4] Executing : report_route_status -file design_1_wrapper_route_status.rpt -pb design_1_wrapper_route_status.pb
INFO: [runtcl-4] Executing : report_timing_summary -max_paths 10 -file design_1_wrapper_timing_summary_routed.rpt -pb design_1_wrapper_timing_summary_routed.pb -rpx design_1_wrapper_timing_summary_routed.rpx
INFO: [Timing 38-91] UpdateTimingParams: Speed grade: -2, Delay Type: min_max.
INFO: [Timing 38-191] Multithreading enabled for timing update using a maximum of 8 CPUs
WARNING: [Timing 38-436] There are set_bus_skew constraint(s) in this design. Please run report_bus_skew to ensure that bus skew requirements are met.
INFO: [runtcl-4] Executing : report_incremental_reuse -file design_1_wrapper_incremental_reuse_routed.rpt
INFO: [Vivado_Tcl 4-1062] Incremental flow is disabled. No incremental reuse Info to report.
INFO: [runtcl-4] Executing : report_clock_utilization -file design_1_wrapper_clock_utilization_routed.rpt
INFO: [runtcl-4] Executing : report_bus_skew -warn_on_violation -file design_1_wrapper_bus_skew_routed.rpt -pb design_1_wrapper_bus_skew_routed.pb -rpx design_1_wrapper_bus_skew_routed.rpx
INFO: [Timing 38-91] UpdateTimingParams: Speed grade: -2, Delay Type: min_max.
INFO: [Timing 38-191] Multithreading enabled for timing update using a maximum of 8 CPUs
Command: phys_opt_design -directive AggressiveExplore
Attempting to get a license for feature 'Implementation' and/or device 'xc7k480t'
INFO: [Common 17-349] Got license for feature 'Implementation' and/or device 'xc7k480t'
INFO: [Vivado_Tcl 4-241] Physical synthesis in post route mode ( 100.0% nets are fully routed)
INFO: [Vivado_Tcl 4-137] Directive used for phys_opt_design is: AggressiveExplore
INFO: [Vivado_Tcl 4-383] Design worst setup slack (WNS) is greater than or equal to 0.000 ns. Skipping all physical synthesis optimizations.
INFO: [Vivado_Tcl 4-232] No setup violation found. The netlist was not modified.
INFO: [Common 17-83] Releasing license: Implementation
619 Infos, 26 Warnings, 0 Critical Warnings and 0 Errors encountered.
phys_opt_design completed successfully
INFO: [Timing 38-480] Writing timing data to binary archive.
Writing placer database...
Writing XDEF routing.
Writing XDEF routing logical nets.
Writing XDEF routing special nets.
Write XDEF Complete: Time (s): cpu = 00:00:10 ; elapsed = 00:00:03 . Memory (MB): peak = 5577.184 ; gain = 0.000 ; free physical = 15975 ; free virtual = 29723
INFO: [Common 17-1381] The checkpoint '/home/dipen/Kintex7/BasictTest/BasictTest.runs/impl_1/design_1_wrapper_postroute_physopt.dcp' has been generated.
write_checkpoint: Time (s): cpu = 00:00:24 ; elapsed = 00:00:17 . Memory (MB): peak = 5577.184 ; gain = 0.000 ; free physical = 16246 ; free virtual = 29774
INFO: [runtcl-4] Executing : report_timing_summary -max_paths 10 -warn_on_violation -file design_1_wrapper_timing_summary_postroute_physopted.rpt -pb design_1_wrapper_timing_summary_postroute_physopted.pb -rpx design_1_wrapper_timing_summary_postroute_physopted.rpx
INFO: [Timing 38-91] UpdateTimingParams: Speed grade: -2, Delay Type: min_max.
INFO: [Timing 38-191] Multithreading enabled for timing update using a maximum of 8 CPUs
WARNING: [Timing 38-436] There are set_bus_skew constraint(s) in this design. Please run report_bus_skew to ensure that bus skew requirements are met.
INFO: [runtcl-4] Executing : report_bus_skew -warn_on_violation -file design_1_wrapper_bus_skew_postroute_physopted.rpt -pb design_1_wrapper_bus_skew_postroute_physopted.pb -rpx design_1_wrapper_bus_skew_postroute_physopted.rpx
INFO: [Timing 38-91] UpdateTimingParams: Speed grade: -2, Delay Type: min_max.
INFO: [Timing 38-191] Multithreading enabled for timing update using a maximum of 8 CPUs
INFO: [Memdata 28-167] Found XPM memory block design_1_i/smartconnect_0/inst/s01_nodes/s01_w_node/inst/inst_mi_handler/gen_normal_area.inst_fifo_node_payld/gen_xpm_memory_fifo.inst_fifo/gen_mem_rep[2].inst_xpm_memory/xpm_memory_base_inst with a P_MEMORY_PRIMITIVE property set to distributed. A value of block is required. You will not be able to use the updatemem program to update the bitstream with new data for the design_1_i/smartconnect_0/inst/s01_nodes/s01_w_node/inst/inst_mi_handler/gen_normal_area.inst_fifo_node_payld/gen_xpm_memory_fifo.inst_fifo/gen_mem_rep[2].inst_xpm_memory/xpm_memory_base_inst block.
INFO: [Memdata 28-167] Found XPM memory block design_1_i/smartconnect_0/inst/s01_nodes/s01_w_node/inst/inst_mi_handler/gen_normal_area.inst_fifo_node_payld/gen_xpm_memory_fifo.inst_fifo/gen_mem_rep[1].inst_xpm_memory/xpm_memory_base_inst with a P_MEMORY_PRIMITIVE property set to distributed. A value of block is required. You will not be able to use the updatemem program to update the bitstream with new data for the design_1_i/smartconnect_0/inst/s01_nodes/s01_w_node/inst/inst_mi_handler/gen_normal_area.inst_fifo_node_payld/gen_xpm_memory_fifo.inst_fifo/gen_mem_rep[1].inst_xpm_memory/xpm_memory_base_inst block.
INFO: [Memdata 28-167] Found XPM memory block design_1_i/smartconnect_0/inst/s01_nodes/s01_w_node/inst/inst_mi_handler/gen_normal_area.inst_fifo_node_payld/gen_xpm_memory_fifo.inst_fifo/gen_mem_rep[0].inst_xpm_memory/xpm_memory_base_inst with a P_MEMORY_PRIMITIVE property set to distributed. A value of block is required. You will not be able to use the updatemem program to update the bitstream with new data for the design_1_i/smartconnect_0/inst/s01_nodes/s01_w_node/inst/inst_mi_handler/gen_normal_area.inst_fifo_node_payld/gen_xpm_memory_fifo.inst_fifo/gen_mem_rep[0].inst_xpm_memory/xpm_memory_base_inst block.
INFO: [Memdata 28-167] Found XPM memory block design_1_i/smartconnect_0/inst/s01_nodes/s01_w_node/inst/inst_mi_handler/gen_normal_area.gen_fifo_req.inst_fifo_req/gen_xpm_memory_fifo.inst_fifo/gen_mem_rep[0].inst_xpm_memory/xpm_memory_base_inst with a P_MEMORY_PRIMITIVE property set to distributed. A value of block is required. You will not be able to use the updatemem program to update the bitstream with new data for the design_1_i/smartconnect_0/inst/s01_nodes/s01_w_node/inst/inst_mi_handler/gen_normal_area.gen_fifo_req.inst_fifo_req/gen_xpm_memory_fifo.inst_fifo/gen_mem_rep[0].inst_xpm_memory/xpm_memory_base_inst block.
INFO: [Memdata 28-167] Found XPM memory block design_1_i/smartconnect_0/inst/s01_nodes/s01_r_node/inst/inst_mi_handler/gen_normal_area.inst_fifo_node_payld/gen_xpm_memory_fifo.inst_fifo/gen_mem_rep[2].inst_xpm_memory/xpm_memory_base_inst with a P_MEMORY_PRIMITIVE property set to distributed. A value of block is required. You will not be able to use the updatemem program to update the bitstream with new data for the design_1_i/smartconnect_0/inst/s01_nodes/s01_r_node/inst/inst_mi_handler/gen_normal_area.inst_fifo_node_payld/gen_xpm_memory_fifo.inst_fifo/gen_mem_rep[2].inst_xpm_memory/xpm_memory_base_inst block.
INFO: [Memdata 28-167] Found XPM memory block design_1_i/smartconnect_0/inst/s01_nodes/s01_r_node/inst/inst_mi_handler/gen_normal_area.inst_fifo_node_payld/gen_xpm_memory_fifo.inst_fifo/gen_mem_rep[1].inst_xpm_memory/xpm_memory_base_inst with a P_MEMORY_PRIMITIVE property set to distributed. A value of block is required. You will not be able to use the updatemem program to update the bitstream with new data for the design_1_i/smartconnect_0/inst/s01_nodes/s01_r_node/inst/inst_mi_handler/gen_normal_area.inst_fifo_node_payld/gen_xpm_memory_fifo.inst_fifo/gen_mem_rep[1].inst_xpm_memory/xpm_memory_base_inst block.
INFO: [Memdata 28-167] Found XPM memory block design_1_i/smartconnect_0/inst/s01_nodes/s01_r_node/inst/inst_mi_handler/gen_normal_area.inst_fifo_node_payld/gen_xpm_memory_fifo.inst_fifo/gen_mem_rep[0].inst_xpm_memory/xpm_memory_base_inst with a P_MEMORY_PRIMITIVE property set to distributed. A value of block is required. You will not be able to use the updatemem program to update the bitstream with new data for the design_1_i/smartconnect_0/inst/s01_nodes/s01_r_node/inst/inst_mi_handler/gen_normal_area.inst_fifo_node_payld/gen_xpm_memory_fifo.inst_fifo/gen_mem_rep[0].inst_xpm_memory/xpm_memory_base_inst block.
INFO: [Memdata 28-167] Found XPM memory block design_1_i/smartconnect_0/inst/s01_nodes/s01_b_node/inst/inst_mi_handler/gen_normal_area.inst_fifo_node_payld/gen_xpm_memory_fifo.inst_fifo/gen_mem_rep[0].inst_xpm_memory/xpm_memory_base_inst with a P_MEMORY_PRIMITIVE property set to distributed. A value of block is required. You will not be able to use the updatemem program to update the bitstream with new data for the design_1_i/smartconnect_0/inst/s01_nodes/s01_b_node/inst/inst_mi_handler/gen_normal_area.inst_fifo_node_payld/gen_xpm_memory_fifo.inst_fifo/gen_mem_rep[0].inst_xpm_memory/xpm_memory_base_inst block.
INFO: [Memdata 28-167] Found XPM memory block design_1_i/smartconnect_0/inst/s01_nodes/s01_aw_node/inst/inst_mi_handler/gen_normal_area.inst_fifo_node_payld/gen_xpm_memory_fifo.inst_fifo/gen_mem_rep[0].inst_xpm_memory/xpm_memory_base_inst with a P_MEMORY_PRIMITIVE property set to distributed. A value of block is required. You will not be able to use the updatemem program to update the bitstream with new data for the design_1_i/smartconnect_0/inst/s01_nodes/s01_aw_node/inst/inst_mi_handler/gen_normal_area.inst_fifo_node_payld/gen_xpm_memory_fifo.inst_fifo/gen_mem_rep[0].inst_xpm_memory/xpm_memory_base_inst block.
INFO: [Memdata 28-167] Found XPM memory block design_1_i/smartconnect_0/inst/s01_nodes/s01_aw_node/inst/inst_mi_handler/gen_normal_area.gen_fifo_req.inst_fifo_req/gen_xpm_memory_fifo.inst_fifo/gen_mem_rep[0].inst_xpm_memory/xpm_memory_base_inst with a P_MEMORY_PRIMITIVE property set to distributed. A value of block is required. You will not be able to use the updatemem program to update the bitstream with new data for the design_1_i/smartconnect_0/inst/s01_nodes/s01_aw_node/inst/inst_mi_handler/gen_normal_area.gen_fifo_req.inst_fifo_req/gen_xpm_memory_fifo.inst_fifo/gen_mem_rep[0].inst_xpm_memory/xpm_memory_base_inst block.
INFO: [Memdata 28-167] Found XPM memory block design_1_i/smartconnect_0/inst/s01_nodes/s01_ar_node/inst/inst_mi_handler/gen_normal_area.inst_fifo_node_payld/gen_xpm_memory_fifo.inst_fifo/gen_mem_rep[0].inst_xpm_memory/xpm_memory_base_inst with a P_MEMORY_PRIMITIVE property set to distributed. A value of block is required. You will not be able to use the updatemem program to update the bitstream with new data for the design_1_i/smartconnect_0/inst/s01_nodes/s01_ar_node/inst/inst_mi_handler/gen_normal_area.inst_fifo_node_payld/gen_xpm_memory_fifo.inst_fifo/gen_mem_rep[0].inst_xpm_memory/xpm_memory_base_inst block.
INFO: [Memdata 28-167] Found XPM memory block design_1_i/smartconnect_0/inst/s01_nodes/s01_ar_node/inst/inst_mi_handler/gen_normal_area.gen_fifo_req.inst_fifo_req/gen_xpm_memory_fifo.inst_fifo/gen_mem_rep[0].inst_xpm_memory/xpm_memory_base_inst with a P_MEMORY_PRIMITIVE property set to distributed. A value of block is required. You will not be able to use the updatemem program to update the bitstream with new data for the design_1_i/smartconnect_0/inst/s01_nodes/s01_ar_node/inst/inst_mi_handler/gen_normal_area.gen_fifo_req.inst_fifo_req/gen_xpm_memory_fifo.inst_fifo/gen_mem_rep[0].inst_xpm_memory/xpm_memory_base_inst block.
INFO: [Memdata 28-167] Found XPM memory block design_1_i/smartconnect_0/inst/s00_nodes/s00_w_node/inst/inst_mi_handler/gen_normal_area.inst_fifo_node_payld/gen_xpm_memory_fifo.inst_fifo/gen_mem_rep[2].inst_xpm_memory/xpm_memory_base_inst with a P_MEMORY_PRIMITIVE property set to distributed. A value of block is required. You will not be able to use the updatemem program to update the bitstream with new data for the design_1_i/smartconnect_0/inst/s00_nodes/s00_w_node/inst/inst_mi_handler/gen_normal_area.inst_fifo_node_payld/gen_xpm_memory_fifo.inst_fifo/gen_mem_rep[2].inst_xpm_memory/xpm_memory_base_inst block.
INFO: [Memdata 28-167] Found XPM memory block design_1_i/smartconnect_0/inst/s00_nodes/s00_w_node/inst/inst_mi_handler/gen_normal_area.inst_fifo_node_payld/gen_xpm_memory_fifo.inst_fifo/gen_mem_rep[1].inst_xpm_memory/xpm_memory_base_inst with a P_MEMORY_PRIMITIVE property set to distributed. A value of block is required. You will not be able to use the updatemem program to update the bitstream with new data for the design_1_i/smartconnect_0/inst/s00_nodes/s00_w_node/inst/inst_mi_handler/gen_normal_area.inst_fifo_node_payld/gen_xpm_memory_fifo.inst_fifo/gen_mem_rep[1].inst_xpm_memory/xpm_memory_base_inst block.
INFO: [Memdata 28-167] Found XPM memory block design_1_i/smartconnect_0/inst/s00_nodes/s00_w_node/inst/inst_mi_handler/gen_normal_area.inst_fifo_node_payld/gen_xpm_memory_fifo.inst_fifo/gen_mem_rep[0].inst_xpm_memory/xpm_memory_base_inst with a P_MEMORY_PRIMITIVE property set to distributed. A value of block is required. You will not be able to use the updatemem program to update the bitstream with new data for the design_1_i/smartconnect_0/inst/s00_nodes/s00_w_node/inst/inst_mi_handler/gen_normal_area.inst_fifo_node_payld/gen_xpm_memory_fifo.inst_fifo/gen_mem_rep[0].inst_xpm_memory/xpm_memory_base_inst block.
INFO: [Memdata 28-167] Found XPM memory block design_1_i/smartconnect_0/inst/s00_nodes/s00_w_node/inst/inst_mi_handler/gen_normal_area.gen_fifo_req.inst_fifo_req/gen_xpm_memory_fifo.inst_fifo/gen_mem_rep[0].inst_xpm_memory/xpm_memory_base_inst with a P_MEMORY_PRIMITIVE property set to distributed. A value of block is required. You will not be able to use the updatemem program to update the bitstream with new data for the design_1_i/smartconnect_0/inst/s00_nodes/s00_w_node/inst/inst_mi_handler/gen_normal_area.gen_fifo_req.inst_fifo_req/gen_xpm_memory_fifo.inst_fifo/gen_mem_rep[0].inst_xpm_memory/xpm_memory_base_inst block.
INFO: [Memdata 28-167] Found XPM memory block design_1_i/smartconnect_0/inst/s00_nodes/s00_r_node/inst/inst_mi_handler/gen_normal_area.inst_fifo_node_payld/gen_xpm_memory_fifo.inst_fifo/gen_mem_rep[2].inst_xpm_memory/xpm_memory_base_inst with a P_MEMORY_PRIMITIVE property set to distributed. A value of block is required. You will not be able to use the updatemem program to update the bitstream with new data for the design_1_i/smartconnect_0/inst/s00_nodes/s00_r_node/inst/inst_mi_handler/gen_normal_area.inst_fifo_node_payld/gen_xpm_memory_fifo.inst_fifo/gen_mem_rep[2].inst_xpm_memory/xpm_memory_base_inst block.
INFO: [Memdata 28-167] Found XPM memory block design_1_i/smartconnect_0/inst/s00_nodes/s00_r_node/inst/inst_mi_handler/gen_normal_area.inst_fifo_node_payld/gen_xpm_memory_fifo.inst_fifo/gen_mem_rep[1].inst_xpm_memory/xpm_memory_base_inst with a P_MEMORY_PRIMITIVE property set to distributed. A value of block is required. You will not be able to use the updatemem program to update the bitstream with new data for the design_1_i/smartconnect_0/inst/s00_nodes/s00_r_node/inst/inst_mi_handler/gen_normal_area.inst_fifo_node_payld/gen_xpm_memory_fifo.inst_fifo/gen_mem_rep[1].inst_xpm_memory/xpm_memory_base_inst block.
INFO: [Memdata 28-167] Found XPM memory block design_1_i/smartconnect_0/inst/s00_nodes/s00_r_node/inst/inst_mi_handler/gen_normal_area.inst_fifo_node_payld/gen_xpm_memory_fifo.inst_fifo/gen_mem_rep[0].inst_xpm_memory/xpm_memory_base_inst with a P_MEMORY_PRIMITIVE property set to distributed. A value of block is required. You will not be able to use the updatemem program to update the bitstream with new data for the design_1_i/smartconnect_0/inst/s00_nodes/s00_r_node/inst/inst_mi_handler/gen_normal_area.inst_fifo_node_payld/gen_xpm_memory_fifo.inst_fifo/gen_mem_rep[0].inst_xpm_memory/xpm_memory_base_inst block.
INFO: [Memdata 28-167] Found XPM memory block design_1_i/smartconnect_0/inst/s00_nodes/s00_aw_node/inst/inst_mi_handler/gen_normal_area.inst_fifo_node_payld/gen_xpm_memory_fifo.inst_fifo/gen_mem_rep[0].inst_xpm_memory/xpm_memory_base_inst with a P_MEMORY_PRIMITIVE property set to distributed. A value of block is required. You will not be able to use the updatemem program to update the bitstream with new data for the design_1_i/smartconnect_0/inst/s00_nodes/s00_aw_node/inst/inst_mi_handler/gen_normal_area.inst_fifo_node_payld/gen_xpm_memory_fifo.inst_fifo/gen_mem_rep[0].inst_xpm_memory/xpm_memory_base_inst block.
INFO: [Memdata 28-167] Found XPM memory block design_1_i/smartconnect_0/inst/s00_nodes/s00_aw_node/inst/inst_mi_handler/gen_normal_area.gen_fifo_req.inst_fifo_req/gen_xpm_memory_fifo.inst_fifo/gen_mem_rep[0].inst_xpm_memory/xpm_memory_base_inst with a P_MEMORY_PRIMITIVE property set to distributed. A value of block is required. You will not be able to use the updatemem program to update the bitstream with new data for the design_1_i/smartconnect_0/inst/s00_nodes/s00_aw_node/inst/inst_mi_handler/gen_normal_area.gen_fifo_req.inst_fifo_req/gen_xpm_memory_fifo.inst_fifo/gen_mem_rep[0].inst_xpm_memory/xpm_memory_base_inst block.
INFO: [Memdata 28-167] Found XPM memory block design_1_i/smartconnect_0/inst/s00_nodes/s00_ar_node/inst/inst_mi_handler/gen_normal_area.inst_fifo_node_payld/gen_xpm_memory_fifo.inst_fifo/gen_mem_rep[0].inst_xpm_memory/xpm_memory_base_inst with a P_MEMORY_PRIMITIVE property set to distributed. A value of block is required. You will not be able to use the updatemem program to update the bitstream with new data for the design_1_i/smartconnect_0/inst/s00_nodes/s00_ar_node/inst/inst_mi_handler/gen_normal_area.inst_fifo_node_payld/gen_xpm_memory_fifo.inst_fifo/gen_mem_rep[0].inst_xpm_memory/xpm_memory_base_inst block.
INFO: [Memdata 28-167] Found XPM memory block design_1_i/smartconnect_0/inst/s00_nodes/s00_ar_node/inst/inst_mi_handler/gen_normal_area.gen_fifo_req.inst_fifo_req/gen_xpm_memory_fifo.inst_fifo/gen_mem_rep[0].inst_xpm_memory/xpm_memory_base_inst with a P_MEMORY_PRIMITIVE property set to distributed. A value of block is required. You will not be able to use the updatemem program to update the bitstream with new data for the design_1_i/smartconnect_0/inst/s00_nodes/s00_ar_node/inst/inst_mi_handler/gen_normal_area.gen_fifo_req.inst_fifo_req/gen_xpm_memory_fifo.inst_fifo/gen_mem_rep[0].inst_xpm_memory/xpm_memory_base_inst block.
INFO: [Memdata 28-167] Found XPM memory block design_1_i/smartconnect_0/inst/m05_nodes/m05_w_node/inst/inst_si_handler/gen_si_handler.gen_request_fifos.gen_req_fifo[0].inst_req_fifo/gen_xpm_memory_fifo.inst_fifo/gen_mem_rep[0].inst_xpm_memory/xpm_memory_base_inst with a P_MEMORY_PRIMITIVE property set to distributed. A value of block is required. You will not be able to use the updatemem program to update the bitstream with new data for the design_1_i/smartconnect_0/inst/m05_nodes/m05_w_node/inst/inst_si_handler/gen_si_handler.gen_request_fifos.gen_req_fifo[0].inst_req_fifo/gen_xpm_memory_fifo.inst_fifo/gen_mem_rep[0].inst_xpm_memory/xpm_memory_base_inst block.
INFO: [Memdata 28-167] Found XPM memory block design_1_i/smartconnect_0/inst/m05_nodes/m05_w_node/inst/inst_mi_handler/gen_normal_area.inst_fifo_node_payld/gen_xpm_memory_fifo.inst_fifo/gen_mem_rep[3].inst_xpm_memory/xpm_memory_base_inst with a P_MEMORY_PRIMITIVE property set to distributed. A value of block is required. You will not be able to use the updatemem program to update the bitstream with new data for the design_1_i/smartconnect_0/inst/m05_nodes/m05_w_node/inst/inst_mi_handler/gen_normal_area.inst_fifo_node_payld/gen_xpm_memory_fifo.inst_fifo/gen_mem_rep[3].inst_xpm_memory/xpm_memory_base_inst block.
INFO: [Memdata 28-167] Found XPM memory block design_1_i/smartconnect_0/inst/m05_nodes/m05_w_node/inst/inst_mi_handler/gen_normal_area.inst_fifo_node_payld/gen_xpm_memory_fifo.inst_fifo/gen_mem_rep[2].inst_xpm_memory/xpm_memory_base_inst with a P_MEMORY_PRIMITIVE property set to distributed. A value of block is required. You will not be able to use the updatemem program to update the bitstream with new data for the design_1_i/smartconnect_0/inst/m05_nodes/m05_w_node/inst/inst_mi_handler/gen_normal_area.inst_fifo_node_payld/gen_xpm_memory_fifo.inst_fifo/gen_mem_rep[2].inst_xpm_memory/xpm_memory_base_inst block.
INFO: [Memdata 28-167] Found XPM memory block design_1_i/smartconnect_0/inst/m05_nodes/m05_w_node/inst/inst_mi_handler/gen_normal_area.inst_fifo_node_payld/gen_xpm_memory_fifo.inst_fifo/gen_mem_rep[1].inst_xpm_memory/xpm_memory_base_inst with a P_MEMORY_PRIMITIVE property set to distributed. A value of block is required. You will not be able to use the updatemem program to update the bitstream with new data for the design_1_i/smartconnect_0/inst/m05_nodes/m05_w_node/inst/inst_mi_handler/gen_normal_area.inst_fifo_node_payld/gen_xpm_memory_fifo.inst_fifo/gen_mem_rep[1].inst_xpm_memory/xpm_memory_base_inst block.
INFO: [Memdata 28-167] Found XPM memory block design_1_i/smartconnect_0/inst/m05_nodes/m05_w_node/inst/inst_mi_handler/gen_normal_area.inst_fifo_node_payld/gen_xpm_memory_fifo.inst_fifo/gen_mem_rep[0].inst_xpm_memory/xpm_memory_base_inst with a P_MEMORY_PRIMITIVE property set to distributed. A value of block is required. You will not be able to use the updatemem program to update the bitstream with new data for the design_1_i/smartconnect_0/inst/m05_nodes/m05_w_node/inst/inst_mi_handler/gen_normal_area.inst_fifo_node_payld/gen_xpm_memory_fifo.inst_fifo/gen_mem_rep[0].inst_xpm_memory/xpm_memory_base_inst block.
INFO: [Memdata 28-167] Found XPM memory block design_1_i/smartconnect_0/inst/m05_nodes/m05_r_node/inst/inst_mi_handler/gen_normal_area.inst_fifo_node_payld/gen_xpm_memory_fifo.inst_fifo/gen_mem_rep[2].inst_xpm_memory/xpm_memory_base_inst with a P_MEMORY_PRIMITIVE property set to distributed. A value of block is required. You will not be able to use the updatemem program to update the bitstream with new data for the design_1_i/smartconnect_0/inst/m05_nodes/m05_r_node/inst/inst_mi_handler/gen_normal_area.inst_fifo_node_payld/gen_xpm_memory_fifo.inst_fifo/gen_mem_rep[2].inst_xpm_memory/xpm_memory_base_inst block.
INFO: [Memdata 28-167] Found XPM memory block design_1_i/smartconnect_0/inst/m05_nodes/m05_r_node/inst/inst_mi_handler/gen_normal_area.inst_fifo_node_payld/gen_xpm_memory_fifo.inst_fifo/gen_mem_rep[1].inst_xpm_memory/xpm_memory_base_inst with a P_MEMORY_PRIMITIVE property set to distributed. A value of block is required. You will not be able to use the updatemem program to update the bitstream with new data for the design_1_i/smartconnect_0/inst/m05_nodes/m05_r_node/inst/inst_mi_handler/gen_normal_area.inst_fifo_node_payld/gen_xpm_memory_fifo.inst_fifo/gen_mem_rep[1].inst_xpm_memory/xpm_memory_base_inst block.
INFO: [Memdata 28-167] Found XPM memory block design_1_i/smartconnect_0/inst/m05_nodes/m05_r_node/inst/inst_mi_handler/gen_normal_area.inst_fifo_node_payld/gen_xpm_memory_fifo.inst_fifo/gen_mem_rep[0].inst_xpm_memory/xpm_memory_base_inst with a P_MEMORY_PRIMITIVE property set to distributed. A value of block is required. You will not be able to use the updatemem program to update the bitstream with new data for the design_1_i/smartconnect_0/inst/m05_nodes/m05_r_node/inst/inst_mi_handler/gen_normal_area.inst_fifo_node_payld/gen_xpm_memory_fifo.inst_fifo/gen_mem_rep[0].inst_xpm_memory/xpm_memory_base_inst block.
INFO: [Memdata 28-167] Found XPM memory block design_1_i/smartconnect_0/inst/m05_nodes/m05_r_node/inst/inst_mi_handler/gen_normal_area.gen_fifo_req.inst_fifo_req/gen_xpm_memory_fifo.inst_fifo/gen_mem_rep[0].inst_xpm_memory/xpm_memory_base_inst with a P_MEMORY_PRIMITIVE property set to distributed. A value of block is required. You will not be able to use the updatemem program to update the bitstream with new data for the design_1_i/smartconnect_0/inst/m05_nodes/m05_r_node/inst/inst_mi_handler/gen_normal_area.gen_fifo_req.inst_fifo_req/gen_xpm_memory_fifo.inst_fifo/gen_mem_rep[0].inst_xpm_memory/xpm_memory_base_inst block.
INFO: [Memdata 28-167] Found XPM memory block design_1_i/smartconnect_0/inst/m05_nodes/m05_b_node/inst/inst_mi_handler/gen_normal_area.gen_fifo_req.inst_fifo_req/gen_xpm_memory_fifo.inst_fifo/gen_mem_rep[0].inst_xpm_memory/xpm_memory_base_inst with a P_MEMORY_PRIMITIVE property set to distributed. A value of block is required. You will not be able to use the updatemem program to update the bitstream with new data for the design_1_i/smartconnect_0/inst/m05_nodes/m05_b_node/inst/inst_mi_handler/gen_normal_area.gen_fifo_req.inst_fifo_req/gen_xpm_memory_fifo.inst_fifo/gen_mem_rep[0].inst_xpm_memory/xpm_memory_base_inst block.
INFO: [Memdata 28-167] Found XPM memory block design_1_i/smartconnect_0/inst/m05_nodes/m05_aw_node/inst/inst_mi_handler/gen_normal_area.inst_fifo_node_payld/gen_xpm_memory_fifo.inst_fifo/gen_mem_rep[0].inst_xpm_memory/xpm_memory_base_inst with a P_MEMORY_PRIMITIVE property set to distributed. A value of block is required. You will not be able to use the updatemem program to update the bitstream with new data for the design_1_i/smartconnect_0/inst/m05_nodes/m05_aw_node/inst/inst_mi_handler/gen_normal_area.inst_fifo_node_payld/gen_xpm_memory_fifo.inst_fifo/gen_mem_rep[0].inst_xpm_memory/xpm_memory_base_inst block.
INFO: [Memdata 28-167] Found XPM memory block design_1_i/smartconnect_0/inst/m05_nodes/m05_ar_node/inst/inst_mi_handler/gen_normal_area.inst_fifo_node_payld/gen_xpm_memory_fifo.inst_fifo/gen_mem_rep[0].inst_xpm_memory/xpm_memory_base_inst with a P_MEMORY_PRIMITIVE property set to distributed. A value of block is required. You will not be able to use the updatemem program to update the bitstream with new data for the design_1_i/smartconnect_0/inst/m05_nodes/m05_ar_node/inst/inst_mi_handler/gen_normal_area.inst_fifo_node_payld/gen_xpm_memory_fifo.inst_fifo/gen_mem_rep[0].inst_xpm_memory/xpm_memory_base_inst block.
INFO: [Memdata 28-167] Found XPM memory block design_1_i/smartconnect_0/inst/m04_nodes/m04_w_node/inst/inst_si_handler/gen_si_handler.gen_request_fifos.gen_req_fifo[1].inst_req_fifo/gen_xpm_memory_fifo.inst_fifo/gen_mem_rep[0].inst_xpm_memory/xpm_memory_base_inst with a P_MEMORY_PRIMITIVE property set to distributed. A value of block is required. You will not be able to use the updatemem program to update the bitstream with new data for the design_1_i/smartconnect_0/inst/m04_nodes/m04_w_node/inst/inst_si_handler/gen_si_handler.gen_request_fifos.gen_req_fifo[1].inst_req_fifo/gen_xpm_memory_fifo.inst_fifo/gen_mem_rep[0].inst_xpm_memory/xpm_memory_base_inst block.
INFO: [Memdata 28-167] Found XPM memory block design_1_i/smartconnect_0/inst/m04_nodes/m04_w_node/inst/inst_mi_handler/gen_normal_area.inst_fifo_node_payld/gen_xpm_memory_fifo.inst_fifo/gen_mem_rep[3].inst_xpm_memory/xpm_memory_base_inst with a P_MEMORY_PRIMITIVE property set to distributed. A value of block is required. You will not be able to use the updatemem program to update the bitstream with new data for the design_1_i/smartconnect_0/inst/m04_nodes/m04_w_node/inst/inst_mi_handler/gen_normal_area.inst_fifo_node_payld/gen_xpm_memory_fifo.inst_fifo/gen_mem_rep[3].inst_xpm_memory/xpm_memory_base_inst block.
INFO: [Memdata 28-167] Found XPM memory block design_1_i/smartconnect_0/inst/m04_nodes/m04_w_node/inst/inst_mi_handler/gen_normal_area.inst_fifo_node_payld/gen_xpm_memory_fifo.inst_fifo/gen_mem_rep[2].inst_xpm_memory/xpm_memory_base_inst with a P_MEMORY_PRIMITIVE property set to distributed. A value of block is required. You will not be able to use the updatemem program to update the bitstream with new data for the design_1_i/smartconnect_0/inst/m04_nodes/m04_w_node/inst/inst_mi_handler/gen_normal_area.inst_fifo_node_payld/gen_xpm_memory_fifo.inst_fifo/gen_mem_rep[2].inst_xpm_memory/xpm_memory_base_inst block.
INFO: [Memdata 28-167] Found XPM memory block design_1_i/smartconnect_0/inst/m04_nodes/m04_w_node/inst/inst_mi_handler/gen_normal_area.inst_fifo_node_payld/gen_xpm_memory_fifo.inst_fifo/gen_mem_rep[1].inst_xpm_memory/xpm_memory_base_inst with a P_MEMORY_PRIMITIVE property set to distributed. A value of block is required. You will not be able to use the updatemem program to update the bitstream with new data for the design_1_i/smartconnect_0/inst/m04_nodes/m04_w_node/inst/inst_mi_handler/gen_normal_area.inst_fifo_node_payld/gen_xpm_memory_fifo.inst_fifo/gen_mem_rep[1].inst_xpm_memory/xpm_memory_base_inst block.
INFO: [Memdata 28-167] Found XPM memory block design_1_i/smartconnect_0/inst/m04_nodes/m04_w_node/inst/inst_mi_handler/gen_normal_area.inst_fifo_node_payld/gen_xpm_memory_fifo.inst_fifo/gen_mem_rep[0].inst_xpm_memory/xpm_memory_base_inst with a P_MEMORY_PRIMITIVE property set to distributed. A value of block is required. You will not be able to use the updatemem program to update the bitstream with new data for the design_1_i/smartconnect_0/inst/m04_nodes/m04_w_node/inst/inst_mi_handler/gen_normal_area.inst_fifo_node_payld/gen_xpm_memory_fifo.inst_fifo/gen_mem_rep[0].inst_xpm_memory/xpm_memory_base_inst block.
INFO: [Memdata 28-167] Found XPM memory block design_1_i/smartconnect_0/inst/m04_nodes/m04_r_node/inst/inst_mi_handler/gen_normal_area.inst_fifo_node_payld/gen_xpm_memory_fifo.inst_fifo/gen_mem_rep[2].inst_xpm_memory/xpm_memory_base_inst with a P_MEMORY_PRIMITIVE property set to distributed. A value of block is required. You will not be able to use the updatemem program to update the bitstream with new data for the design_1_i/smartconnect_0/inst/m04_nodes/m04_r_node/inst/inst_mi_handler/gen_normal_area.inst_fifo_node_payld/gen_xpm_memory_fifo.inst_fifo/gen_mem_rep[2].inst_xpm_memory/xpm_memory_base_inst block.
INFO: [Memdata 28-167] Found XPM memory block design_1_i/smartconnect_0/inst/m04_nodes/m04_r_node/inst/inst_mi_handler/gen_normal_area.inst_fifo_node_payld/gen_xpm_memory_fifo.inst_fifo/gen_mem_rep[1].inst_xpm_memory/xpm_memory_base_inst with a P_MEMORY_PRIMITIVE property set to distributed. A value of block is required. You will not be able to use the updatemem program to update the bitstream with new data for the design_1_i/smartconnect_0/inst/m04_nodes/m04_r_node/inst/inst_mi_handler/gen_normal_area.inst_fifo_node_payld/gen_xpm_memory_fifo.inst_fifo/gen_mem_rep[1].inst_xpm_memory/xpm_memory_base_inst block.
INFO: [Memdata 28-167] Found XPM memory block design_1_i/smartconnect_0/inst/m04_nodes/m04_r_node/inst/inst_mi_handler/gen_normal_area.inst_fifo_node_payld/gen_xpm_memory_fifo.inst_fifo/gen_mem_rep[0].inst_xpm_memory/xpm_memory_base_inst with a P_MEMORY_PRIMITIVE property set to distributed. A value of block is required. You will not be able to use the updatemem program to update the bitstream with new data for the design_1_i/smartconnect_0/inst/m04_nodes/m04_r_node/inst/inst_mi_handler/gen_normal_area.inst_fifo_node_payld/gen_xpm_memory_fifo.inst_fifo/gen_mem_rep[0].inst_xpm_memory/xpm_memory_base_inst block.
INFO: [Memdata 28-167] Found XPM memory block design_1_i/smartconnect_0/inst/m04_nodes/m04_r_node/inst/inst_mi_handler/gen_normal_area.gen_fifo_req.inst_fifo_req/gen_xpm_memory_fifo.inst_fifo/gen_mem_rep[0].inst_xpm_memory/xpm_memory_base_inst with a P_MEMORY_PRIMITIVE property set to distributed. A value of block is required. You will not be able to use the updatemem program to update the bitstream with new data for the design_1_i/smartconnect_0/inst/m04_nodes/m04_r_node/inst/inst_mi_handler/gen_normal_area.gen_fifo_req.inst_fifo_req/gen_xpm_memory_fifo.inst_fifo/gen_mem_rep[0].inst_xpm_memory/xpm_memory_base_inst block.
INFO: [Memdata 28-167] Found XPM memory block design_1_i/smartconnect_0/inst/m04_nodes/m04_b_node/inst/inst_mi_handler/gen_normal_area.inst_fifo_node_payld/gen_xpm_memory_fifo.inst_fifo/gen_mem_rep[0].inst_xpm_memory/xpm_memory_base_inst with a P_MEMORY_PRIMITIVE property set to distributed. A value of block is required. You will not be able to use the updatemem program to update the bitstream with new data for the design_1_i/smartconnect_0/inst/m04_nodes/m04_b_node/inst/inst_mi_handler/gen_normal_area.inst_fifo_node_payld/gen_xpm_memory_fifo.inst_fifo/gen_mem_rep[0].inst_xpm_memory/xpm_memory_base_inst block.
INFO: [Memdata 28-167] Found XPM memory block design_1_i/smartconnect_0/inst/m04_nodes/m04_b_node/inst/inst_mi_handler/gen_normal_area.gen_fifo_req.inst_fifo_req/gen_xpm_memory_fifo.inst_fifo/gen_mem_rep[0].inst_xpm_memory/xpm_memory_base_inst with a P_MEMORY_PRIMITIVE property set to distributed. A value of block is required. You will not be able to use the updatemem program to update the bitstream with new data for the design_1_i/smartconnect_0/inst/m04_nodes/m04_b_node/inst/inst_mi_handler/gen_normal_area.gen_fifo_req.inst_fifo_req/gen_xpm_memory_fifo.inst_fifo/gen_mem_rep[0].inst_xpm_memory/xpm_memory_base_inst block.
INFO: [Memdata 28-167] Found XPM memory block design_1_i/smartconnect_0/inst/m04_nodes/m04_aw_node/inst/inst_mi_handler/gen_normal_area.inst_fifo_node_payld/gen_xpm_memory_fifo.inst_fifo/gen_mem_rep[0].inst_xpm_memory/xpm_memory_base_inst with a P_MEMORY_PRIMITIVE property set to distributed. A value of block is required. You will not be able to use the updatemem program to update the bitstream with new data for the design_1_i/smartconnect_0/inst/m04_nodes/m04_aw_node/inst/inst_mi_handler/gen_normal_area.inst_fifo_node_payld/gen_xpm_memory_fifo.inst_fifo/gen_mem_rep[0].inst_xpm_memory/xpm_memory_base_inst block.
INFO: [Memdata 28-167] Found XPM memory block design_1_i/smartconnect_0/inst/m04_nodes/m04_ar_node/inst/inst_mi_handler/gen_normal_area.inst_fifo_node_payld/gen_xpm_memory_fifo.inst_fifo/gen_mem_rep[0].inst_xpm_memory/xpm_memory_base_inst with a P_MEMORY_PRIMITIVE property set to distributed. A value of block is required. You will not be able to use the updatemem program to update the bitstream with new data for the design_1_i/smartconnect_0/inst/m04_nodes/m04_ar_node/inst/inst_mi_handler/gen_normal_area.inst_fifo_node_payld/gen_xpm_memory_fifo.inst_fifo/gen_mem_rep[0].inst_xpm_memory/xpm_memory_base_inst block.
INFO: [Memdata 28-167] Found XPM memory block design_1_i/smartconnect_0/inst/m03_nodes/m03_w_node/inst/inst_si_handler/gen_si_handler.gen_request_fifos.gen_req_fifo[0].inst_req_fifo/gen_xpm_memory_fifo.inst_fifo/gen_mem_rep[0].inst_xpm_memory/xpm_memory_base_inst with a P_MEMORY_PRIMITIVE property set to distributed. A value of block is required. You will not be able to use the updatemem program to update the bitstream with new data for the design_1_i/smartconnect_0/inst/m03_nodes/m03_w_node/inst/inst_si_handler/gen_si_handler.gen_request_fifos.gen_req_fifo[0].inst_req_fifo/gen_xpm_memory_fifo.inst_fifo/gen_mem_rep[0].inst_xpm_memory/xpm_memory_base_inst block.
INFO: [Memdata 28-167] Found XPM memory block design_1_i/smartconnect_0/inst/m03_nodes/m03_w_node/inst/inst_mi_handler/gen_normal_area.inst_fifo_node_payld/gen_xpm_memory_fifo.inst_fifo/gen_mem_rep[3].inst_xpm_memory/xpm_memory_base_inst with a P_MEMORY_PRIMITIVE property set to distributed. A value of block is required. You will not be able to use the updatemem program to update the bitstream with new data for the design_1_i/smartconnect_0/inst/m03_nodes/m03_w_node/inst/inst_mi_handler/gen_normal_area.inst_fifo_node_payld/gen_xpm_memory_fifo.inst_fifo/gen_mem_rep[3].inst_xpm_memory/xpm_memory_base_inst block.
INFO: [Memdata 28-167] Found XPM memory block design_1_i/smartconnect_0/inst/m03_nodes/m03_w_node/inst/inst_mi_handler/gen_normal_area.inst_fifo_node_payld/gen_xpm_memory_fifo.inst_fifo/gen_mem_rep[2].inst_xpm_memory/xpm_memory_base_inst with a P_MEMORY_PRIMITIVE property set to distributed. A value of block is required. You will not be able to use the updatemem program to update the bitstream with new data for the design_1_i/smartconnect_0/inst/m03_nodes/m03_w_node/inst/inst_mi_handler/gen_normal_area.inst_fifo_node_payld/gen_xpm_memory_fifo.inst_fifo/gen_mem_rep[2].inst_xpm_memory/xpm_memory_base_inst block.
INFO: [Memdata 28-167] Found XPM memory block design_1_i/smartconnect_0/inst/m03_nodes/m03_w_node/inst/inst_mi_handler/gen_normal_area.inst_fifo_node_payld/gen_xpm_memory_fifo.inst_fifo/gen_mem_rep[1].inst_xpm_memory/xpm_memory_base_inst with a P_MEMORY_PRIMITIVE property set to distributed. A value of block is required. You will not be able to use the updatemem program to update the bitstream with new data for the design_1_i/smartconnect_0/inst/m03_nodes/m03_w_node/inst/inst_mi_handler/gen_normal_area.inst_fifo_node_payld/gen_xpm_memory_fifo.inst_fifo/gen_mem_rep[1].inst_xpm_memory/xpm_memory_base_inst block.
INFO: [Memdata 28-167] Found XPM memory block design_1_i/smartconnect_0/inst/m03_nodes/m03_w_node/inst/inst_mi_handler/gen_normal_area.inst_fifo_node_payld/gen_xpm_memory_fifo.inst_fifo/gen_mem_rep[0].inst_xpm_memory/xpm_memory_base_inst with a P_MEMORY_PRIMITIVE property set to distributed. A value of block is required. You will not be able to use the updatemem program to update the bitstream with new data for the design_1_i/smartconnect_0/inst/m03_nodes/m03_w_node/inst/inst_mi_handler/gen_normal_area.inst_fifo_node_payld/gen_xpm_memory_fifo.inst_fifo/gen_mem_rep[0].inst_xpm_memory/xpm_memory_base_inst block.
INFO: [Memdata 28-167] Found XPM memory block design_1_i/smartconnect_0/inst/m03_nodes/m03_r_node/inst/inst_mi_handler/gen_normal_area.inst_fifo_node_payld/gen_xpm_memory_fifo.inst_fifo/gen_mem_rep[2].inst_xpm_memory/xpm_memory_base_inst with a P_MEMORY_PRIMITIVE property set to distributed. A value of block is required. You will not be able to use the updatemem program to update the bitstream with new data for the design_1_i/smartconnect_0/inst/m03_nodes/m03_r_node/inst/inst_mi_handler/gen_normal_area.inst_fifo_node_payld/gen_xpm_memory_fifo.inst_fifo/gen_mem_rep[2].inst_xpm_memory/xpm_memory_base_inst block.
INFO: [Memdata 28-167] Found XPM memory block design_1_i/smartconnect_0/inst/m03_nodes/m03_r_node/inst/inst_mi_handler/gen_normal_area.inst_fifo_node_payld/gen_xpm_memory_fifo.inst_fifo/gen_mem_rep[1].inst_xpm_memory/xpm_memory_base_inst with a P_MEMORY_PRIMITIVE property set to distributed. A value of block is required. You will not be able to use the updatemem program to update the bitstream with new data for the design_1_i/smartconnect_0/inst/m03_nodes/m03_r_node/inst/inst_mi_handler/gen_normal_area.inst_fifo_node_payld/gen_xpm_memory_fifo.inst_fifo/gen_mem_rep[1].inst_xpm_memory/xpm_memory_base_inst block.
INFO: [Memdata 28-167] Found XPM memory block design_1_i/smartconnect_0/inst/m03_nodes/m03_r_node/inst/inst_mi_handler/gen_normal_area.inst_fifo_node_payld/gen_xpm_memory_fifo.inst_fifo/gen_mem_rep[0].inst_xpm_memory/xpm_memory_base_inst with a P_MEMORY_PRIMITIVE property set to distributed. A value of block is required. You will not be able to use the updatemem program to update the bitstream with new data for the design_1_i/smartconnect_0/inst/m03_nodes/m03_r_node/inst/inst_mi_handler/gen_normal_area.inst_fifo_node_payld/gen_xpm_memory_fifo.inst_fifo/gen_mem_rep[0].inst_xpm_memory/xpm_memory_base_inst block.
INFO: [Memdata 28-167] Found XPM memory block design_1_i/smartconnect_0/inst/m03_nodes/m03_r_node/inst/inst_mi_handler/gen_normal_area.gen_fifo_req.inst_fifo_req/gen_xpm_memory_fifo.inst_fifo/gen_mem_rep[0].inst_xpm_memory/xpm_memory_base_inst with a P_MEMORY_PRIMITIVE property set to distributed. A value of block is required. You will not be able to use the updatemem program to update the bitstream with new data for the design_1_i/smartconnect_0/inst/m03_nodes/m03_r_node/inst/inst_mi_handler/gen_normal_area.gen_fifo_req.inst_fifo_req/gen_xpm_memory_fifo.inst_fifo/gen_mem_rep[0].inst_xpm_memory/xpm_memory_base_inst block.
INFO: [Memdata 28-167] Found XPM memory block design_1_i/smartconnect_0/inst/m03_nodes/m03_b_node/inst/inst_mi_handler/gen_normal_area.gen_fifo_req.inst_fifo_req/gen_xpm_memory_fifo.inst_fifo/gen_mem_rep[0].inst_xpm_memory/xpm_memory_base_inst with a P_MEMORY_PRIMITIVE property set to distributed. A value of block is required. You will not be able to use the updatemem program to update the bitstream with new data for the design_1_i/smartconnect_0/inst/m03_nodes/m03_b_node/inst/inst_mi_handler/gen_normal_area.gen_fifo_req.inst_fifo_req/gen_xpm_memory_fifo.inst_fifo/gen_mem_rep[0].inst_xpm_memory/xpm_memory_base_inst block.
INFO: [Memdata 28-167] Found XPM memory block design_1_i/smartconnect_0/inst/m03_nodes/m03_aw_node/inst/inst_mi_handler/gen_normal_area.inst_fifo_node_payld/gen_xpm_memory_fifo.inst_fifo/gen_mem_rep[0].inst_xpm_memory/xpm_memory_base_inst with a P_MEMORY_PRIMITIVE property set to distributed. A value of block is required. You will not be able to use the updatemem program to update the bitstream with new data for the design_1_i/smartconnect_0/inst/m03_nodes/m03_aw_node/inst/inst_mi_handler/gen_normal_area.inst_fifo_node_payld/gen_xpm_memory_fifo.inst_fifo/gen_mem_rep[0].inst_xpm_memory/xpm_memory_base_inst block.
INFO: [Memdata 28-167] Found XPM memory block design_1_i/smartconnect_0/inst/m03_nodes/m03_ar_node/inst/inst_mi_handler/gen_normal_area.inst_fifo_node_payld/gen_xpm_memory_fifo.inst_fifo/gen_mem_rep[0].inst_xpm_memory/xpm_memory_base_inst with a P_MEMORY_PRIMITIVE property set to distributed. A value of block is required. You will not be able to use the updatemem program to update the bitstream with new data for the design_1_i/smartconnect_0/inst/m03_nodes/m03_ar_node/inst/inst_mi_handler/gen_normal_area.inst_fifo_node_payld/gen_xpm_memory_fifo.inst_fifo/gen_mem_rep[0].inst_xpm_memory/xpm_memory_base_inst block.
INFO: [Memdata 28-167] Found XPM memory block design_1_i/smartconnect_0/inst/m02_nodes/m02_w_node/inst/inst_si_handler/gen_si_handler.gen_request_fifos.gen_req_fifo[1].inst_req_fifo/gen_xpm_memory_fifo.inst_fifo/gen_mem_rep[0].inst_xpm_memory/xpm_memory_base_inst with a P_MEMORY_PRIMITIVE property set to distributed. A value of block is required. You will not be able to use the updatemem program to update the bitstream with new data for the design_1_i/smartconnect_0/inst/m02_nodes/m02_w_node/inst/inst_si_handler/gen_si_handler.gen_request_fifos.gen_req_fifo[1].inst_req_fifo/gen_xpm_memory_fifo.inst_fifo/gen_mem_rep[0].inst_xpm_memory/xpm_memory_base_inst block.
INFO: [Memdata 28-167] Found XPM memory block design_1_i/smartconnect_0/inst/m02_nodes/m02_w_node/inst/inst_mi_handler/gen_normal_area.inst_fifo_node_payld/gen_xpm_memory_fifo.inst_fifo/gen_mem_rep[3].inst_xpm_memory/xpm_memory_base_inst with a P_MEMORY_PRIMITIVE property set to distributed. A value of block is required. You will not be able to use the updatemem program to update the bitstream with new data for the design_1_i/smartconnect_0/inst/m02_nodes/m02_w_node/inst/inst_mi_handler/gen_normal_area.inst_fifo_node_payld/gen_xpm_memory_fifo.inst_fifo/gen_mem_rep[3].inst_xpm_memory/xpm_memory_base_inst block.
INFO: [Memdata 28-167] Found XPM memory block design_1_i/smartconnect_0/inst/m02_nodes/m02_w_node/inst/inst_mi_handler/gen_normal_area.inst_fifo_node_payld/gen_xpm_memory_fifo.inst_fifo/gen_mem_rep[2].inst_xpm_memory/xpm_memory_base_inst with a P_MEMORY_PRIMITIVE property set to distributed. A value of block is required. You will not be able to use the updatemem program to update the bitstream with new data for the design_1_i/smartconnect_0/inst/m02_nodes/m02_w_node/inst/inst_mi_handler/gen_normal_area.inst_fifo_node_payld/gen_xpm_memory_fifo.inst_fifo/gen_mem_rep[2].inst_xpm_memory/xpm_memory_base_inst block.
INFO: [Memdata 28-167] Found XPM memory block design_1_i/smartconnect_0/inst/m02_nodes/m02_w_node/inst/inst_mi_handler/gen_normal_area.inst_fifo_node_payld/gen_xpm_memory_fifo.inst_fifo/gen_mem_rep[1].inst_xpm_memory/xpm_memory_base_inst with a P_MEMORY_PRIMITIVE property set to distributed. A value of block is required. You will not be able to use the updatemem program to update the bitstream with new data for the design_1_i/smartconnect_0/inst/m02_nodes/m02_w_node/inst/inst_mi_handler/gen_normal_area.inst_fifo_node_payld/gen_xpm_memory_fifo.inst_fifo/gen_mem_rep[1].inst_xpm_memory/xpm_memory_base_inst block.
INFO: [Memdata 28-167] Found XPM memory block design_1_i/smartconnect_0/inst/m02_nodes/m02_w_node/inst/inst_mi_handler/gen_normal_area.inst_fifo_node_payld/gen_xpm_memory_fifo.inst_fifo/gen_mem_rep[0].inst_xpm_memory/xpm_memory_base_inst with a P_MEMORY_PRIMITIVE property set to distributed. A value of block is required. You will not be able to use the updatemem program to update the bitstream with new data for the design_1_i/smartconnect_0/inst/m02_nodes/m02_w_node/inst/inst_mi_handler/gen_normal_area.inst_fifo_node_payld/gen_xpm_memory_fifo.inst_fifo/gen_mem_rep[0].inst_xpm_memory/xpm_memory_base_inst block.
INFO: [Memdata 28-167] Found XPM memory block design_1_i/smartconnect_0/inst/m02_nodes/m02_r_node/inst/inst_mi_handler/gen_normal_area.inst_fifo_node_payld/gen_xpm_memory_fifo.inst_fifo/gen_mem_rep[2].inst_xpm_memory/xpm_memory_base_inst with a P_MEMORY_PRIMITIVE property set to distributed. A value of block is required. You will not be able to use the updatemem program to update the bitstream with new data for the design_1_i/smartconnect_0/inst/m02_nodes/m02_r_node/inst/inst_mi_handler/gen_normal_area.inst_fifo_node_payld/gen_xpm_memory_fifo.inst_fifo/gen_mem_rep[2].inst_xpm_memory/xpm_memory_base_inst block.
INFO: [Memdata 28-167] Found XPM memory block design_1_i/smartconnect_0/inst/m02_nodes/m02_r_node/inst/inst_mi_handler/gen_normal_area.inst_fifo_node_payld/gen_xpm_memory_fifo.inst_fifo/gen_mem_rep[1].inst_xpm_memory/xpm_memory_base_inst with a P_MEMORY_PRIMITIVE property set to distributed. A value of block is required. You will not be able to use the updatemem program to update the bitstream with new data for the design_1_i/smartconnect_0/inst/m02_nodes/m02_r_node/inst/inst_mi_handler/gen_normal_area.inst_fifo_node_payld/gen_xpm_memory_fifo.inst_fifo/gen_mem_rep[1].inst_xpm_memory/xpm_memory_base_inst block.
INFO: [Memdata 28-167] Found XPM memory block design_1_i/smartconnect_0/inst/m02_nodes/m02_r_node/inst/inst_mi_handler/gen_normal_area.inst_fifo_node_payld/gen_xpm_memory_fifo.inst_fifo/gen_mem_rep[0].inst_xpm_memory/xpm_memory_base_inst with a P_MEMORY_PRIMITIVE property set to distributed. A value of block is required. You will not be able to use the updatemem program to update the bitstream with new data for the design_1_i/smartconnect_0/inst/m02_nodes/m02_r_node/inst/inst_mi_handler/gen_normal_area.inst_fifo_node_payld/gen_xpm_memory_fifo.inst_fifo/gen_mem_rep[0].inst_xpm_memory/xpm_memory_base_inst block.
INFO: [Memdata 28-167] Found XPM memory block design_1_i/smartconnect_0/inst/m02_nodes/m02_r_node/inst/inst_mi_handler/gen_normal_area.gen_fifo_req.inst_fifo_req/gen_xpm_memory_fifo.inst_fifo/gen_mem_rep[0].inst_xpm_memory/xpm_memory_base_inst with a P_MEMORY_PRIMITIVE property set to distributed. A value of block is required. You will not be able to use the updatemem program to update the bitstream with new data for the design_1_i/smartconnect_0/inst/m02_nodes/m02_r_node/inst/inst_mi_handler/gen_normal_area.gen_fifo_req.inst_fifo_req/gen_xpm_memory_fifo.inst_fifo/gen_mem_rep[0].inst_xpm_memory/xpm_memory_base_inst block.
INFO: [Memdata 28-167] Found XPM memory block design_1_i/smartconnect_0/inst/m02_nodes/m02_b_node/inst/inst_mi_handler/gen_normal_area.inst_fifo_node_payld/gen_xpm_memory_fifo.inst_fifo/gen_mem_rep[0].inst_xpm_memory/xpm_memory_base_inst with a P_MEMORY_PRIMITIVE property set to distributed. A value of block is required. You will not be able to use the updatemem program to update the bitstream with new data for the design_1_i/smartconnect_0/inst/m02_nodes/m02_b_node/inst/inst_mi_handler/gen_normal_area.inst_fifo_node_payld/gen_xpm_memory_fifo.inst_fifo/gen_mem_rep[0].inst_xpm_memory/xpm_memory_base_inst block.
INFO: [Memdata 28-167] Found XPM memory block design_1_i/smartconnect_0/inst/m02_nodes/m02_b_node/inst/inst_mi_handler/gen_normal_area.gen_fifo_req.inst_fifo_req/gen_xpm_memory_fifo.inst_fifo/gen_mem_rep[0].inst_xpm_memory/xpm_memory_base_inst with a P_MEMORY_PRIMITIVE property set to distributed. A value of block is required. You will not be able to use the updatemem program to update the bitstream with new data for the design_1_i/smartconnect_0/inst/m02_nodes/m02_b_node/inst/inst_mi_handler/gen_normal_area.gen_fifo_req.inst_fifo_req/gen_xpm_memory_fifo.inst_fifo/gen_mem_rep[0].inst_xpm_memory/xpm_memory_base_inst block.
INFO: [Memdata 28-167] Found XPM memory block design_1_i/smartconnect_0/inst/m02_nodes/m02_aw_node/inst/inst_mi_handler/gen_normal_area.inst_fifo_node_payld/gen_xpm_memory_fifo.inst_fifo/gen_mem_rep[0].inst_xpm_memory/xpm_memory_base_inst with a P_MEMORY_PRIMITIVE property set to distributed. A value of block is required. You will not be able to use the updatemem program to update the bitstream with new data for the design_1_i/smartconnect_0/inst/m02_nodes/m02_aw_node/inst/inst_mi_handler/gen_normal_area.inst_fifo_node_payld/gen_xpm_memory_fifo.inst_fifo/gen_mem_rep[0].inst_xpm_memory/xpm_memory_base_inst block.
INFO: [Memdata 28-167] Found XPM memory block design_1_i/smartconnect_0/inst/m02_nodes/m02_ar_node/inst/inst_mi_handler/gen_normal_area.inst_fifo_node_payld/gen_xpm_memory_fifo.inst_fifo/gen_mem_rep[0].inst_xpm_memory/xpm_memory_base_inst with a P_MEMORY_PRIMITIVE property set to distributed. A value of block is required. You will not be able to use the updatemem program to update the bitstream with new data for the design_1_i/smartconnect_0/inst/m02_nodes/m02_ar_node/inst/inst_mi_handler/gen_normal_area.inst_fifo_node_payld/gen_xpm_memory_fifo.inst_fifo/gen_mem_rep[0].inst_xpm_memory/xpm_memory_base_inst block.
INFO: [Memdata 28-167] Found XPM memory block design_1_i/smartconnect_0/inst/m01_nodes/m01_w_node/inst/inst_si_handler/gen_si_handler.gen_request_fifos.gen_req_fifo[0].inst_req_fifo/gen_xpm_memory_fifo.inst_fifo/gen_mem_rep[0].inst_xpm_memory/xpm_memory_base_inst with a P_MEMORY_PRIMITIVE property set to distributed. A value of block is required. You will not be able to use the updatemem program to update the bitstream with new data for the design_1_i/smartconnect_0/inst/m01_nodes/m01_w_node/inst/inst_si_handler/gen_si_handler.gen_request_fifos.gen_req_fifo[0].inst_req_fifo/gen_xpm_memory_fifo.inst_fifo/gen_mem_rep[0].inst_xpm_memory/xpm_memory_base_inst block.
INFO: [Memdata 28-167] Found XPM memory block design_1_i/smartconnect_0/inst/m01_nodes/m01_w_node/inst/inst_mi_handler/gen_normal_area.inst_fifo_node_payld/gen_xpm_memory_fifo.inst_fifo/gen_mem_rep[3].inst_xpm_memory/xpm_memory_base_inst with a P_MEMORY_PRIMITIVE property set to distributed. A value of block is required. You will not be able to use the updatemem program to update the bitstream with new data for the design_1_i/smartconnect_0/inst/m01_nodes/m01_w_node/inst/inst_mi_handler/gen_normal_area.inst_fifo_node_payld/gen_xpm_memory_fifo.inst_fifo/gen_mem_rep[3].inst_xpm_memory/xpm_memory_base_inst block.
INFO: [Memdata 28-167] Found XPM memory block design_1_i/smartconnect_0/inst/m01_nodes/m01_w_node/inst/inst_mi_handler/gen_normal_area.inst_fifo_node_payld/gen_xpm_memory_fifo.inst_fifo/gen_mem_rep[2].inst_xpm_memory/xpm_memory_base_inst with a P_MEMORY_PRIMITIVE property set to distributed. A value of block is required. You will not be able to use the updatemem program to update the bitstream with new data for the design_1_i/smartconnect_0/inst/m01_nodes/m01_w_node/inst/inst_mi_handler/gen_normal_area.inst_fifo_node_payld/gen_xpm_memory_fifo.inst_fifo/gen_mem_rep[2].inst_xpm_memory/xpm_memory_base_inst block.
INFO: [Memdata 28-167] Found XPM memory block design_1_i/smartconnect_0/inst/m01_nodes/m01_w_node/inst/inst_mi_handler/gen_normal_area.inst_fifo_node_payld/gen_xpm_memory_fifo.inst_fifo/gen_mem_rep[1].inst_xpm_memory/xpm_memory_base_inst with a P_MEMORY_PRIMITIVE property set to distributed. A value of block is required. You will not be able to use the updatemem program to update the bitstream with new data for the design_1_i/smartconnect_0/inst/m01_nodes/m01_w_node/inst/inst_mi_handler/gen_normal_area.inst_fifo_node_payld/gen_xpm_memory_fifo.inst_fifo/gen_mem_rep[1].inst_xpm_memory/xpm_memory_base_inst block.
INFO: [Memdata 28-167] Found XPM memory block design_1_i/smartconnect_0/inst/m01_nodes/m01_w_node/inst/inst_mi_handler/gen_normal_area.inst_fifo_node_payld/gen_xpm_memory_fifo.inst_fifo/gen_mem_rep[0].inst_xpm_memory/xpm_memory_base_inst with a P_MEMORY_PRIMITIVE property set to distributed. A value of block is required. You will not be able to use the updatemem program to update the bitstream with new data for the design_1_i/smartconnect_0/inst/m01_nodes/m01_w_node/inst/inst_mi_handler/gen_normal_area.inst_fifo_node_payld/gen_xpm_memory_fifo.inst_fifo/gen_mem_rep[0].inst_xpm_memory/xpm_memory_base_inst block.
INFO: [Memdata 28-167] Found XPM memory block design_1_i/smartconnect_0/inst/m01_nodes/m01_r_node/inst/inst_mi_handler/gen_normal_area.inst_fifo_node_payld/gen_xpm_memory_fifo.inst_fifo/gen_mem_rep[2].inst_xpm_memory/xpm_memory_base_inst with a P_MEMORY_PRIMITIVE property set to distributed. A value of block is required. You will not be able to use the updatemem program to update the bitstream with new data for the design_1_i/smartconnect_0/inst/m01_nodes/m01_r_node/inst/inst_mi_handler/gen_normal_area.inst_fifo_node_payld/gen_xpm_memory_fifo.inst_fifo/gen_mem_rep[2].inst_xpm_memory/xpm_memory_base_inst block.
INFO: [Memdata 28-167] Found XPM memory block design_1_i/smartconnect_0/inst/m01_nodes/m01_r_node/inst/inst_mi_handler/gen_normal_area.inst_fifo_node_payld/gen_xpm_memory_fifo.inst_fifo/gen_mem_rep[1].inst_xpm_memory/xpm_memory_base_inst with a P_MEMORY_PRIMITIVE property set to distributed. A value of block is required. You will not be able to use the updatemem program to update the bitstream with new data for the design_1_i/smartconnect_0/inst/m01_nodes/m01_r_node/inst/inst_mi_handler/gen_normal_area.inst_fifo_node_payld/gen_xpm_memory_fifo.inst_fifo/gen_mem_rep[1].inst_xpm_memory/xpm_memory_base_inst block.
INFO: [Memdata 28-167] Found XPM memory block design_1_i/smartconnect_0/inst/m01_nodes/m01_r_node/inst/inst_mi_handler/gen_normal_area.inst_fifo_node_payld/gen_xpm_memory_fifo.inst_fifo/gen_mem_rep[0].inst_xpm_memory/xpm_memory_base_inst with a P_MEMORY_PRIMITIVE property set to distributed. A value of block is required. You will not be able to use the updatemem program to update the bitstream with new data for the design_1_i/smartconnect_0/inst/m01_nodes/m01_r_node/inst/inst_mi_handler/gen_normal_area.inst_fifo_node_payld/gen_xpm_memory_fifo.inst_fifo/gen_mem_rep[0].inst_xpm_memory/xpm_memory_base_inst block.
INFO: [Memdata 28-167] Found XPM memory block design_1_i/smartconnect_0/inst/m01_nodes/m01_r_node/inst/inst_mi_handler/gen_normal_area.gen_fifo_req.inst_fifo_req/gen_xpm_memory_fifo.inst_fifo/gen_mem_rep[0].inst_xpm_memory/xpm_memory_base_inst with a P_MEMORY_PRIMITIVE property set to distributed. A value of block is required. You will not be able to use the updatemem program to update the bitstream with new data for the design_1_i/smartconnect_0/inst/m01_nodes/m01_r_node/inst/inst_mi_handler/gen_normal_area.gen_fifo_req.inst_fifo_req/gen_xpm_memory_fifo.inst_fifo/gen_mem_rep[0].inst_xpm_memory/xpm_memory_base_inst block.
INFO: [Memdata 28-167] Found XPM memory block design_1_i/smartconnect_0/inst/m01_nodes/m01_b_node/inst/inst_mi_handler/gen_normal_area.gen_fifo_req.inst_fifo_req/gen_xpm_memory_fifo.inst_fifo/gen_mem_rep[0].inst_xpm_memory/xpm_memory_base_inst with a P_MEMORY_PRIMITIVE property set to distributed. A value of block is required. You will not be able to use the updatemem program to update the bitstream with new data for the design_1_i/smartconnect_0/inst/m01_nodes/m01_b_node/inst/inst_mi_handler/gen_normal_area.gen_fifo_req.inst_fifo_req/gen_xpm_memory_fifo.inst_fifo/gen_mem_rep[0].inst_xpm_memory/xpm_memory_base_inst block.
INFO: [Memdata 28-167] Found XPM memory block design_1_i/smartconnect_0/inst/m01_nodes/m01_aw_node/inst/inst_mi_handler/gen_normal_area.inst_fifo_node_payld/gen_xpm_memory_fifo.inst_fifo/gen_mem_rep[0].inst_xpm_memory/xpm_memory_base_inst with a P_MEMORY_PRIMITIVE property set to distributed. A value of block is required. You will not be able to use the updatemem program to update the bitstream with new data for the design_1_i/smartconnect_0/inst/m01_nodes/m01_aw_node/inst/inst_mi_handler/gen_normal_area.inst_fifo_node_payld/gen_xpm_memory_fifo.inst_fifo/gen_mem_rep[0].inst_xpm_memory/xpm_memory_base_inst block.
INFO: [Memdata 28-167] Found XPM memory block design_1_i/smartconnect_0/inst/m01_nodes/m01_ar_node/inst/inst_mi_handler/gen_normal_area.inst_fifo_node_payld/gen_xpm_memory_fifo.inst_fifo/gen_mem_rep[0].inst_xpm_memory/xpm_memory_base_inst with a P_MEMORY_PRIMITIVE property set to distributed. A value of block is required. You will not be able to use the updatemem program to update the bitstream with new data for the design_1_i/smartconnect_0/inst/m01_nodes/m01_ar_node/inst/inst_mi_handler/gen_normal_area.inst_fifo_node_payld/gen_xpm_memory_fifo.inst_fifo/gen_mem_rep[0].inst_xpm_memory/xpm_memory_base_inst block.
INFO: [Memdata 28-167] Found XPM memory block design_1_i/smartconnect_0/inst/m00_nodes/m00_w_node/inst/inst_si_handler/gen_si_handler.gen_request_fifos.gen_req_fifo[0].inst_req_fifo/gen_xpm_memory_fifo.inst_fifo/gen_mem_rep[0].inst_xpm_memory/xpm_memory_base_inst with a P_MEMORY_PRIMITIVE property set to distributed. A value of block is required. You will not be able to use the updatemem program to update the bitstream with new data for the design_1_i/smartconnect_0/inst/m00_nodes/m00_w_node/inst/inst_si_handler/gen_si_handler.gen_request_fifos.gen_req_fifo[0].inst_req_fifo/gen_xpm_memory_fifo.inst_fifo/gen_mem_rep[0].inst_xpm_memory/xpm_memory_base_inst block.
INFO: [Memdata 28-167] Found XPM memory block design_1_i/smartconnect_0/inst/m00_nodes/m00_w_node/inst/inst_mi_handler/gen_normal_area.inst_fifo_node_payld/gen_xpm_memory_fifo.inst_fifo/gen_mem_rep[3].inst_xpm_memory/xpm_memory_base_inst with a P_MEMORY_PRIMITIVE property set to distributed. A value of block is required. You will not be able to use the updatemem program to update the bitstream with new data for the design_1_i/smartconnect_0/inst/m00_nodes/m00_w_node/inst/inst_mi_handler/gen_normal_area.inst_fifo_node_payld/gen_xpm_memory_fifo.inst_fifo/gen_mem_rep[3].inst_xpm_memory/xpm_memory_base_inst block.
INFO: [Memdata 28-167] Found XPM memory block design_1_i/smartconnect_0/inst/m00_nodes/m00_w_node/inst/inst_mi_handler/gen_normal_area.inst_fifo_node_payld/gen_xpm_memory_fifo.inst_fifo/gen_mem_rep[2].inst_xpm_memory/xpm_memory_base_inst with a P_MEMORY_PRIMITIVE property set to distributed. A value of block is required. You will not be able to use the updatemem program to update the bitstream with new data for the design_1_i/smartconnect_0/inst/m00_nodes/m00_w_node/inst/inst_mi_handler/gen_normal_area.inst_fifo_node_payld/gen_xpm_memory_fifo.inst_fifo/gen_mem_rep[2].inst_xpm_memory/xpm_memory_base_inst block.
INFO: [Memdata 28-167] Found XPM memory block design_1_i/smartconnect_0/inst/m00_nodes/m00_w_node/inst/inst_mi_handler/gen_normal_area.inst_fifo_node_payld/gen_xpm_memory_fifo.inst_fifo/gen_mem_rep[1].inst_xpm_memory/xpm_memory_base_inst with a P_MEMORY_PRIMITIVE property set to distributed. A value of block is required. You will not be able to use the updatemem program to update the bitstream with new data for the design_1_i/smartconnect_0/inst/m00_nodes/m00_w_node/inst/inst_mi_handler/gen_normal_area.inst_fifo_node_payld/gen_xpm_memory_fifo.inst_fifo/gen_mem_rep[1].inst_xpm_memory/xpm_memory_base_inst block.
INFO: [Memdata 28-167] Found XPM memory block design_1_i/smartconnect_0/inst/m00_nodes/m00_w_node/inst/inst_mi_handler/gen_normal_area.inst_fifo_node_payld/gen_xpm_memory_fifo.inst_fifo/gen_mem_rep[0].inst_xpm_memory/xpm_memory_base_inst with a P_MEMORY_PRIMITIVE property set to distributed. A value of block is required. You will not be able to use the updatemem program to update the bitstream with new data for the design_1_i/smartconnect_0/inst/m00_nodes/m00_w_node/inst/inst_mi_handler/gen_normal_area.inst_fifo_node_payld/gen_xpm_memory_fifo.inst_fifo/gen_mem_rep[0].inst_xpm_memory/xpm_memory_base_inst block.
INFO: [Memdata 28-167] Found XPM memory block design_1_i/smartconnect_0/inst/m00_nodes/m00_r_node/inst/inst_mi_handler/gen_normal_area.inst_fifo_node_payld/gen_xpm_memory_fifo.inst_fifo/gen_mem_rep[2].inst_xpm_memory/xpm_memory_base_inst with a P_MEMORY_PRIMITIVE property set to distributed. A value of block is required. You will not be able to use the updatemem program to update the bitstream with new data for the design_1_i/smartconnect_0/inst/m00_nodes/m00_r_node/inst/inst_mi_handler/gen_normal_area.inst_fifo_node_payld/gen_xpm_memory_fifo.inst_fifo/gen_mem_rep[2].inst_xpm_memory/xpm_memory_base_inst block.
INFO: [Memdata 28-167] Found XPM memory block design_1_i/smartconnect_0/inst/m00_nodes/m00_r_node/inst/inst_mi_handler/gen_normal_area.inst_fifo_node_payld/gen_xpm_memory_fifo.inst_fifo/gen_mem_rep[1].inst_xpm_memory/xpm_memory_base_inst with a P_MEMORY_PRIMITIVE property set to distributed. A value of block is required. You will not be able to use the updatemem program to update the bitstream with new data for the design_1_i/smartconnect_0/inst/m00_nodes/m00_r_node/inst/inst_mi_handler/gen_normal_area.inst_fifo_node_payld/gen_xpm_memory_fifo.inst_fifo/gen_mem_rep[1].inst_xpm_memory/xpm_memory_base_inst block.
INFO: [Memdata 28-167] Found XPM memory block design_1_i/smartconnect_0/inst/m00_nodes/m00_r_node/inst/inst_mi_handler/gen_normal_area.inst_fifo_node_payld/gen_xpm_memory_fifo.inst_fifo/gen_mem_rep[0].inst_xpm_memory/xpm_memory_base_inst with a P_MEMORY_PRIMITIVE property set to distributed. A value of block is required. You will not be able to use the updatemem program to update the bitstream with new data for the design_1_i/smartconnect_0/inst/m00_nodes/m00_r_node/inst/inst_mi_handler/gen_normal_area.inst_fifo_node_payld/gen_xpm_memory_fifo.inst_fifo/gen_mem_rep[0].inst_xpm_memory/xpm_memory_base_inst block.
INFO: [Memdata 28-167] Found XPM memory block design_1_i/smartconnect_0/inst/m00_nodes/m00_r_node/inst/inst_mi_handler/gen_normal_area.gen_fifo_req.inst_fifo_req/gen_xpm_memory_fifo.inst_fifo/gen_mem_rep[0].inst_xpm_memory/xpm_memory_base_inst with a P_MEMORY_PRIMITIVE property set to distributed. A value of block is required. You will not be able to use the updatemem program to update the bitstream with new data for the design_1_i/smartconnect_0/inst/m00_nodes/m00_r_node/inst/inst_mi_handler/gen_normal_area.gen_fifo_req.inst_fifo_req/gen_xpm_memory_fifo.inst_fifo/gen_mem_rep[0].inst_xpm_memory/xpm_memory_base_inst block.
INFO: [Memdata 28-167] Found XPM memory block design_1_i/smartconnect_0/inst/m00_nodes/m00_b_node/inst/inst_mi_handler/gen_normal_area.gen_fifo_req.inst_fifo_req/gen_xpm_memory_fifo.inst_fifo/gen_mem_rep[0].inst_xpm_memory/xpm_memory_base_inst with a P_MEMORY_PRIMITIVE property set to distributed. A value of block is required. You will not be able to use the updatemem program to update the bitstream with new data for the design_1_i/smartconnect_0/inst/m00_nodes/m00_b_node/inst/inst_mi_handler/gen_normal_area.gen_fifo_req.inst_fifo_req/gen_xpm_memory_fifo.inst_fifo/gen_mem_rep[0].inst_xpm_memory/xpm_memory_base_inst block.
INFO: [Memdata 28-167] Found XPM memory block design_1_i/smartconnect_0/inst/m00_nodes/m00_aw_node/inst/inst_mi_handler/gen_normal_area.inst_fifo_node_payld/gen_xpm_memory_fifo.inst_fifo/gen_mem_rep[0].inst_xpm_memory/xpm_memory_base_inst with a P_MEMORY_PRIMITIVE property set to distributed. A value of block is required. You will not be able to use the updatemem program to update the bitstream with new data for the design_1_i/smartconnect_0/inst/m00_nodes/m00_aw_node/inst/inst_mi_handler/gen_normal_area.inst_fifo_node_payld/gen_xpm_memory_fifo.inst_fifo/gen_mem_rep[0].inst_xpm_memory/xpm_memory_base_inst block.
INFO: [Memdata 28-167] Found XPM memory block design_1_i/smartconnect_0/inst/m00_nodes/m00_ar_node/inst/inst_mi_handler/gen_normal_area.inst_fifo_node_payld/gen_xpm_memory_fifo.inst_fifo/gen_mem_rep[0].inst_xpm_memory/xpm_memory_base_inst with a P_MEMORY_PRIMITIVE property set to distributed. A value of block is required. You will not be able to use the updatemem program to update the bitstream with new data for the design_1_i/smartconnect_0/inst/m00_nodes/m00_ar_node/inst/inst_mi_handler/gen_normal_area.inst_fifo_node_payld/gen_xpm_memory_fifo.inst_fifo/gen_mem_rep[0].inst_xpm_memory/xpm_memory_base_inst block.
Command: write_bitstream -force design_1_wrapper.bit
Attempting to get a license for feature 'Implementation' and/or device 'xc7k480t'
INFO: [Common 17-349] Got license for feature 'Implementation' and/or device 'xc7k480t'
Running DRC as a precondition to command write_bitstream
INFO: [IP_Flow 19-1839] IP Catalog is up to date.
INFO: [DRC 23-27] Running DRC with 8 threads
WARNING: [DRC CFGBVS-1] Missing CFGBVS and CONFIG_VOLTAGE Design Properties: Neither the CFGBVS nor CONFIG_VOLTAGE voltage property is set in the current_design.  Configuration bank voltage select (CFGBVS) must be set to VCCO or GND, and CONFIG_VOLTAGE must be set to the correct configuration voltage, in order to determine the I/O voltage support for the pins in bank 0.  It is suggested to specify these either using the 'Edit Device Properties' function in the GUI or directly in the XDC file using the following syntax:

 set_property CFGBVS value1 [current_design]
 #where value1 is either VCCO or GND

 set_property CONFIG_VOLTAGE value2 [current_design]
 #where value2 is the voltage provided to configuration bank 0

Refer to the device configuration user guide for more information.
WARNING: [DRC CHECK-3] Report rule limit reached: REQP-1839 rule limit reached: 20 violations have been found.
WARNING: [DRC REQP-1709] Clock output buffering: PLLE2_ADV connectivity violation. The signal design_1_i/mig_7series_0/u_design_1_mig_7series_0_3_mig/c0_u_ddr3_infrastructure/pll_clk3_out on the design_1_i/mig_7series_0/u_design_1_mig_7series_0_3_mig/c0_u_ddr3_infrastructure/plle2_i/CLKOUT3 pin of design_1_i/mig_7series_0/u_design_1_mig_7series_0_3_mig/c0_u_ddr3_infrastructure/plle2_i does not drive the same kind of BUFFER load as the other CLKOUT pins. Routing from the different buffer types will not be phase aligned.
WARNING: [DRC REQP-1709] Clock output buffering: PLLE2_ADV connectivity violation. The signal design_1_i/mig_7series_0/u_design_1_mig_7series_0_3_mig/c1_u_ddr3_infrastructure/pll_clk3_out on the design_1_i/mig_7series_0/u_design_1_mig_7series_0_3_mig/c1_u_ddr3_infrastructure/plle2_i/CLKOUT3 pin of design_1_i/mig_7series_0/u_design_1_mig_7series_0_3_mig/c1_u_ddr3_infrastructure/plle2_i does not drive the same kind of BUFFER load as the other CLKOUT pins. Routing from the different buffer types will not be phase aligned.
WARNING: [DRC REQP-1839] RAMB36 async control check: The RAMB36E1 design_1_i/xdma_0/inst/design_1_xdma_0_2_pcie2_to_pcie3_wrapper_i/design_1_xdma_0_2_axi_stream_intf_i/design_1_xdma_0_2_rx_demux_i/dma_cpl_fifo_inst/U0/inst_fifo_gen/gaxis_fifo.gaxisf.axisf/grf.rf/gntv_or_sync_fifo.mem/gbm.gbmg.gbmga.ngecc.bmg/inst_blk_mem_gen/gnbram.gnativebmg.native_blk_mem_gen/valid.cstr/ramloop[1].ram.r/prim_noinit.ram/DEVICE_7SERIES.NO_BMM_INFO.SDP.WIDE_PRIM36_NO_ECC.ram has an input control pin design_1_i/xdma_0/inst/design_1_xdma_0_2_pcie2_to_pcie3_wrapper_i/design_1_xdma_0_2_axi_stream_intf_i/design_1_xdma_0_2_rx_demux_i/dma_cpl_fifo_inst/U0/inst_fifo_gen/gaxis_fifo.gaxisf.axisf/grf.rf/gntv_or_sync_fifo.mem/gbm.gbmg.gbmga.ngecc.bmg/inst_blk_mem_gen/gnbram.gnativebmg.native_blk_mem_gen/valid.cstr/ramloop[1].ram.r/prim_noinit.ram/DEVICE_7SERIES.NO_BMM_INFO.SDP.WIDE_PRIM36_NO_ECC.ram/ENARDEN (net: design_1_i/xdma_0/inst/design_1_xdma_0_2_pcie2_to_pcie3_wrapper_i/design_1_xdma_0_2_axi_stream_intf_i/design_1_xdma_0_2_rx_demux_i/dma_cpl_fifo_inst/U0/inst_fifo_gen/gaxis_fifo.gaxisf.axisf/grf.rf/gntv_or_sync_fifo.mem/gbm.gbmg.gbmga.ngecc.bmg/inst_blk_mem_gen/gnbram.gnativebmg.native_blk_mem_gen/valid.cstr/ramloop[1].ram.r/prim_noinit.ram/DEVICE_7SERIES.NO_BMM_INFO.SDP.WIDE_PRIM36_NO_ECC.ram_ENARDEN_cooolgate_en_sig_8) which is driven by a register (design_1_i/xdma_0/inst/design_1_xdma_0_2_pcie2_to_pcie3_wrapper_i/design_1_xdma_0_2_axi_stream_intf_i/design_1_xdma_0_2_rx_demux_i/dma_cpl_fifo_inst/U0/inst_fifo_gen/gaxis_fifo.gaxisf.axisf/grf.rf/gntv_or_sync_fifo.gl0.rd/gr1.gr1_int.rfwft/gfwft_rst_done.fwft_rst_done_reg) that has an active asychronous set or reset. This may cause corruption of the memory contents and/or read values when the set/reset is asserted and is not analyzed by the default static timing analysis. It is suggested to eliminate the use of a set/reset to registers driving this RAMB pin or else use a synchronous reset in which the assertion of the reset is timed by default.
WARNING: [DRC REQP-1839] RAMB36 async control check: The RAMB36E1 design_1_i/xdma_0/inst/design_1_xdma_0_2_pcie2_to_pcie3_wrapper_i/design_1_xdma_0_2_axi_stream_intf_i/design_1_xdma_0_2_rx_demux_i/dma_cpl_fifo_inst/U0/inst_fifo_gen/gaxis_fifo.gaxisf.axisf/grf.rf/gntv_or_sync_fifo.mem/gbm.gbmg.gbmga.ngecc.bmg/inst_blk_mem_gen/gnbram.gnativebmg.native_blk_mem_gen/valid.cstr/ramloop[1].ram.r/prim_noinit.ram/DEVICE_7SERIES.NO_BMM_INFO.SDP.WIDE_PRIM36_NO_ECC.ram has an input control pin design_1_i/xdma_0/inst/design_1_xdma_0_2_pcie2_to_pcie3_wrapper_i/design_1_xdma_0_2_axi_stream_intf_i/design_1_xdma_0_2_rx_demux_i/dma_cpl_fifo_inst/U0/inst_fifo_gen/gaxis_fifo.gaxisf.axisf/grf.rf/gntv_or_sync_fifo.mem/gbm.gbmg.gbmga.ngecc.bmg/inst_blk_mem_gen/gnbram.gnativebmg.native_blk_mem_gen/valid.cstr/ramloop[1].ram.r/prim_noinit.ram/DEVICE_7SERIES.NO_BMM_INFO.SDP.WIDE_PRIM36_NO_ECC.ram/ENARDEN (net: design_1_i/xdma_0/inst/design_1_xdma_0_2_pcie2_to_pcie3_wrapper_i/design_1_xdma_0_2_axi_stream_intf_i/design_1_xdma_0_2_rx_demux_i/dma_cpl_fifo_inst/U0/inst_fifo_gen/gaxis_fifo.gaxisf.axisf/grf.rf/gntv_or_sync_fifo.mem/gbm.gbmg.gbmga.ngecc.bmg/inst_blk_mem_gen/gnbram.gnativebmg.native_blk_mem_gen/valid.cstr/ramloop[1].ram.r/prim_noinit.ram/DEVICE_7SERIES.NO_BMM_INFO.SDP.WIDE_PRIM36_NO_ECC.ram_ENARDEN_cooolgate_en_sig_8) which is driven by a register (design_1_i/xdma_0/inst/design_1_xdma_0_2_pcie2_to_pcie3_wrapper_i/pcie2_ip_i/U0/inst/user_reset_out_reg) that has an active asychronous set or reset. This may cause corruption of the memory contents and/or read values when the set/reset is asserted and is not analyzed by the default static timing analysis. It is suggested to eliminate the use of a set/reset to registers driving this RAMB pin or else use a synchronous reset in which the assertion of the reset is timed by default.
WARNING: [DRC REQP-1839] RAMB36 async control check: The RAMB36E1 design_1_i/xdma_0/inst/ram_top/C2H_PCIE_DSC_CPLD_RAM/the_bram_reg_0 has an input control pin design_1_i/xdma_0/inst/ram_top/C2H_PCIE_DSC_CPLD_RAM/the_bram_reg_0/ENBWREN (net: design_1_i/xdma_0/inst/ram_top/C2H_PCIE_DSC_CPLD_RAM/the_bram_reg_0_ENBWREN_cooolgate_en_sig_50) which is driven by a register (design_1_i/xdma_0/inst/udma_wrapper/dma_top/dma_enable.vul_dma/pcie_dsc_rst_3ff_reg_rep__3) that has an active asychronous set or reset. This may cause corruption of the memory contents and/or read values when the set/reset is asserted and is not analyzed by the default static timing analysis. It is suggested to eliminate the use of a set/reset to registers driving this RAMB pin or else use a synchronous reset in which the assertion of the reset is timed by default.
WARNING: [DRC REQP-1839] RAMB36 async control check: The RAMB36E1 design_1_i/xdma_0/inst/ram_top/C2H_PCIE_DSC_CPLD_RAM/the_bram_reg_0 has an input control pin design_1_i/xdma_0/inst/ram_top/C2H_PCIE_DSC_CPLD_RAM/the_bram_reg_0/ENBWREN (net: design_1_i/xdma_0/inst/ram_top/C2H_PCIE_DSC_CPLD_RAM/the_bram_reg_0_ENBWREN_cooolgate_en_sig_50) which is driven by a register (design_1_i/xdma_0/inst/udma_wrapper/dma_top/dma_enable.vul_dma/pcie_rst_2ff_reg[2]) that has an active asychronous set or reset. This may cause corruption of the memory contents and/or read values when the set/reset is asserted and is not analyzed by the default static timing analysis. It is suggested to eliminate the use of a set/reset to registers driving this RAMB pin or else use a synchronous reset in which the assertion of the reset is timed by default.
WARNING: [DRC REQP-1839] RAMB36 async control check: The RAMB36E1 design_1_i/xdma_0/inst/ram_top/C2H_PCIE_DSC_CPLD_RAM/the_bram_reg_1 has an input control pin design_1_i/xdma_0/inst/ram_top/C2H_PCIE_DSC_CPLD_RAM/the_bram_reg_1/ENBWREN (net: design_1_i/xdma_0/inst/ram_top/C2H_PCIE_DSC_CPLD_RAM/the_bram_reg_1_ENBWREN_cooolgate_en_sig_34) which is driven by a register (design_1_i/xdma_0/inst/udma_wrapper/dma_top/dma_enable.vul_dma/pcie_dsc_rst_3ff_reg_rep__3) that has an active asychronous set or reset. This may cause corruption of the memory contents and/or read values when the set/reset is asserted and is not analyzed by the default static timing analysis. It is suggested to eliminate the use of a set/reset to registers driving this RAMB pin or else use a synchronous reset in which the assertion of the reset is timed by default.
WARNING: [DRC REQP-1839] RAMB36 async control check: The RAMB36E1 design_1_i/xdma_0/inst/ram_top/C2H_PCIE_DSC_CPLD_RAM/the_bram_reg_1 has an input control pin design_1_i/xdma_0/inst/ram_top/C2H_PCIE_DSC_CPLD_RAM/the_bram_reg_1/ENBWREN (net: design_1_i/xdma_0/inst/ram_top/C2H_PCIE_DSC_CPLD_RAM/the_bram_reg_1_ENBWREN_cooolgate_en_sig_34) which is driven by a register (design_1_i/xdma_0/inst/udma_wrapper/dma_top/dma_enable.vul_dma/pcie_rst_2ff_reg[2]) that has an active asychronous set or reset. This may cause corruption of the memory contents and/or read values when the set/reset is asserted and is not analyzed by the default static timing analysis. It is suggested to eliminate the use of a set/reset to registers driving this RAMB pin or else use a synchronous reset in which the assertion of the reset is timed by default.
WARNING: [DRC REQP-1839] RAMB36 async control check: The RAMB36E1 design_1_i/xdma_0/inst/ram_top/MASTER_READ_BRAM/genblk1[0].u_buffermem/U0/inst_blk_mem_gen/gnbram.gnativebmg.native_blk_mem_gen/valid.cstr/ramloop[0].ram.r/prim_noinit.ram/DEVICE_7SERIES.NO_BMM_INFO.SDP.WIDE_PRIM36_NO_ECC.ram has an input control pin design_1_i/xdma_0/inst/ram_top/MASTER_READ_BRAM/genblk1[0].u_buffermem/U0/inst_blk_mem_gen/gnbram.gnativebmg.native_blk_mem_gen/valid.cstr/ramloop[0].ram.r/prim_noinit.ram/DEVICE_7SERIES.NO_BMM_INFO.SDP.WIDE_PRIM36_NO_ECC.ram/ADDRARDADDR[10] (net: design_1_i/xdma_0/inst/ram_top/MASTER_READ_BRAM/genblk1[0].u_buffermem/U0/inst_blk_mem_gen/gnbram.gnativebmg.native_blk_mem_gen/valid.cstr/ramloop[0].ram.r/prim_noinit.ram/addrb[4]) which is driven by a register (design_1_i/xdma_0/inst/design_1_xdma_0_2_pcie2_to_pcie3_wrapper_i/pcie2_ip_i/U0/inst/user_reset_out_reg) that has an active asychronous set or reset. This may cause corruption of the memory contents and/or read values when the set/reset is asserted and is not analyzed by the default static timing analysis. It is suggested to eliminate the use of a set/reset to registers driving this RAMB pin or else use a synchronous reset in which the assertion of the reset is timed by default.
WARNING: [DRC REQP-1839] RAMB36 async control check: The RAMB36E1 design_1_i/xdma_0/inst/ram_top/MASTER_READ_BRAM/genblk1[0].u_buffermem/U0/inst_blk_mem_gen/gnbram.gnativebmg.native_blk_mem_gen/valid.cstr/ramloop[0].ram.r/prim_noinit.ram/DEVICE_7SERIES.NO_BMM_INFO.SDP.WIDE_PRIM36_NO_ECC.ram has an input control pin design_1_i/xdma_0/inst/ram_top/MASTER_READ_BRAM/genblk1[0].u_buffermem/U0/inst_blk_mem_gen/gnbram.gnativebmg.native_blk_mem_gen/valid.cstr/ramloop[0].ram.r/prim_noinit.ram/DEVICE_7SERIES.NO_BMM_INFO.SDP.WIDE_PRIM36_NO_ECC.ram/ADDRARDADDR[11] (net: design_1_i/xdma_0/inst/ram_top/MASTER_READ_BRAM/genblk1[0].u_buffermem/U0/inst_blk_mem_gen/gnbram.gnativebmg.native_blk_mem_gen/valid.cstr/ramloop[0].ram.r/prim_noinit.ram/addrb[5]) which is driven by a register (design_1_i/xdma_0/inst/design_1_xdma_0_2_pcie2_to_pcie3_wrapper_i/pcie2_ip_i/U0/inst/user_reset_out_reg) that has an active asychronous set or reset. This may cause corruption of the memory contents and/or read values when the set/reset is asserted and is not analyzed by the default static timing analysis. It is suggested to eliminate the use of a set/reset to registers driving this RAMB pin or else use a synchronous reset in which the assertion of the reset is timed by default.
WARNING: [DRC REQP-1839] RAMB36 async control check: The RAMB36E1 design_1_i/xdma_0/inst/ram_top/MASTER_READ_BRAM/genblk1[0].u_buffermem/U0/inst_blk_mem_gen/gnbram.gnativebmg.native_blk_mem_gen/valid.cstr/ramloop[0].ram.r/prim_noinit.ram/DEVICE_7SERIES.NO_BMM_INFO.SDP.WIDE_PRIM36_NO_ECC.ram has an input control pin design_1_i/xdma_0/inst/ram_top/MASTER_READ_BRAM/genblk1[0].u_buffermem/U0/inst_blk_mem_gen/gnbram.gnativebmg.native_blk_mem_gen/valid.cstr/ramloop[0].ram.r/prim_noinit.ram/DEVICE_7SERIES.NO_BMM_INFO.SDP.WIDE_PRIM36_NO_ECC.ram/ADDRARDADDR[12] (net: design_1_i/xdma_0/inst/ram_top/MASTER_READ_BRAM/genblk1[0].u_buffermem/U0/inst_blk_mem_gen/gnbram.gnativebmg.native_blk_mem_gen/valid.cstr/ramloop[0].ram.r/prim_noinit.ram/addrb[6]) which is driven by a register (design_1_i/xdma_0/inst/design_1_xdma_0_2_pcie2_to_pcie3_wrapper_i/pcie2_ip_i/U0/inst/user_reset_out_reg) that has an active asychronous set or reset. This may cause corruption of the memory contents and/or read values when the set/reset is asserted and is not analyzed by the default static timing analysis. It is suggested to eliminate the use of a set/reset to registers driving this RAMB pin or else use a synchronous reset in which the assertion of the reset is timed by default.
WARNING: [DRC REQP-1839] RAMB36 async control check: The RAMB36E1 design_1_i/xdma_0/inst/ram_top/MASTER_READ_BRAM/genblk1[0].u_buffermem/U0/inst_blk_mem_gen/gnbram.gnativebmg.native_blk_mem_gen/valid.cstr/ramloop[0].ram.r/prim_noinit.ram/DEVICE_7SERIES.NO_BMM_INFO.SDP.WIDE_PRIM36_NO_ECC.ram has an input control pin design_1_i/xdma_0/inst/ram_top/MASTER_READ_BRAM/genblk1[0].u_buffermem/U0/inst_blk_mem_gen/gnbram.gnativebmg.native_blk_mem_gen/valid.cstr/ramloop[0].ram.r/prim_noinit.ram/DEVICE_7SERIES.NO_BMM_INFO.SDP.WIDE_PRIM36_NO_ECC.ram/ADDRARDADDR[13] (net: design_1_i/xdma_0/inst/ram_top/MASTER_READ_BRAM/genblk1[0].u_buffermem/U0/inst_blk_mem_gen/gnbram.gnativebmg.native_blk_mem_gen/valid.cstr/ramloop[0].ram.r/prim_noinit.ram/addrb[7]) which is driven by a register (design_1_i/xdma_0/inst/design_1_xdma_0_2_pcie2_to_pcie3_wrapper_i/pcie2_ip_i/U0/inst/user_reset_out_reg) that has an active asychronous set or reset. This may cause corruption of the memory contents and/or read values when the set/reset is asserted and is not analyzed by the default static timing analysis. It is suggested to eliminate the use of a set/reset to registers driving this RAMB pin or else use a synchronous reset in which the assertion of the reset is timed by default.
WARNING: [DRC REQP-1839] RAMB36 async control check: The RAMB36E1 design_1_i/xdma_0/inst/ram_top/MASTER_READ_BRAM/genblk1[0].u_buffermem/U0/inst_blk_mem_gen/gnbram.gnativebmg.native_blk_mem_gen/valid.cstr/ramloop[0].ram.r/prim_noinit.ram/DEVICE_7SERIES.NO_BMM_INFO.SDP.WIDE_PRIM36_NO_ECC.ram has an input control pin design_1_i/xdma_0/inst/ram_top/MASTER_READ_BRAM/genblk1[0].u_buffermem/U0/inst_blk_mem_gen/gnbram.gnativebmg.native_blk_mem_gen/valid.cstr/ramloop[0].ram.r/prim_noinit.ram/DEVICE_7SERIES.NO_BMM_INFO.SDP.WIDE_PRIM36_NO_ECC.ram/ADDRARDADDR[14] (net: design_1_i/xdma_0/inst/ram_top/MASTER_READ_BRAM/genblk1[0].u_buffermem/U0/inst_blk_mem_gen/gnbram.gnativebmg.native_blk_mem_gen/valid.cstr/ramloop[0].ram.r/prim_noinit.ram/addrb[8]) which is driven by a register (design_1_i/xdma_0/inst/design_1_xdma_0_2_pcie2_to_pcie3_wrapper_i/pcie2_ip_i/U0/inst/user_reset_out_reg) that has an active asychronous set or reset. This may cause corruption of the memory contents and/or read values when the set/reset is asserted and is not analyzed by the default static timing analysis. It is suggested to eliminate the use of a set/reset to registers driving this RAMB pin or else use a synchronous reset in which the assertion of the reset is timed by default.
WARNING: [DRC REQP-1839] RAMB36 async control check: The RAMB36E1 design_1_i/xdma_0/inst/ram_top/MASTER_READ_BRAM/genblk1[0].u_buffermem/U0/inst_blk_mem_gen/gnbram.gnativebmg.native_blk_mem_gen/valid.cstr/ramloop[0].ram.r/prim_noinit.ram/DEVICE_7SERIES.NO_BMM_INFO.SDP.WIDE_PRIM36_NO_ECC.ram has an input control pin design_1_i/xdma_0/inst/ram_top/MASTER_READ_BRAM/genblk1[0].u_buffermem/U0/inst_blk_mem_gen/gnbram.gnativebmg.native_blk_mem_gen/valid.cstr/ramloop[0].ram.r/prim_noinit.ram/DEVICE_7SERIES.NO_BMM_INFO.SDP.WIDE_PRIM36_NO_ECC.ram/ADDRARDADDR[6] (net: design_1_i/xdma_0/inst/ram_top/MASTER_READ_BRAM/genblk1[0].u_buffermem/U0/inst_blk_mem_gen/gnbram.gnativebmg.native_blk_mem_gen/valid.cstr/ramloop[0].ram.r/prim_noinit.ram/addrb[0]) which is driven by a register (design_1_i/xdma_0/inst/design_1_xdma_0_2_pcie2_to_pcie3_wrapper_i/pcie2_ip_i/U0/inst/user_reset_out_reg) that has an active asychronous set or reset. This may cause corruption of the memory contents and/or read values when the set/reset is asserted and is not analyzed by the default static timing analysis. It is suggested to eliminate the use of a set/reset to registers driving this RAMB pin or else use a synchronous reset in which the assertion of the reset is timed by default.
WARNING: [DRC REQP-1839] RAMB36 async control check: The RAMB36E1 design_1_i/xdma_0/inst/ram_top/MASTER_READ_BRAM/genblk1[0].u_buffermem/U0/inst_blk_mem_gen/gnbram.gnativebmg.native_blk_mem_gen/valid.cstr/ramloop[0].ram.r/prim_noinit.ram/DEVICE_7SERIES.NO_BMM_INFO.SDP.WIDE_PRIM36_NO_ECC.ram has an input control pin design_1_i/xdma_0/inst/ram_top/MASTER_READ_BRAM/genblk1[0].u_buffermem/U0/inst_blk_mem_gen/gnbram.gnativebmg.native_blk_mem_gen/valid.cstr/ramloop[0].ram.r/prim_noinit.ram/DEVICE_7SERIES.NO_BMM_INFO.SDP.WIDE_PRIM36_NO_ECC.ram/ADDRARDADDR[7] (net: design_1_i/xdma_0/inst/ram_top/MASTER_READ_BRAM/genblk1[0].u_buffermem/U0/inst_blk_mem_gen/gnbram.gnativebmg.native_blk_mem_gen/valid.cstr/ramloop[0].ram.r/prim_noinit.ram/addrb[1]) which is driven by a register (design_1_i/xdma_0/inst/design_1_xdma_0_2_pcie2_to_pcie3_wrapper_i/pcie2_ip_i/U0/inst/user_reset_out_reg) that has an active asychronous set or reset. This may cause corruption of the memory contents and/or read values when the set/reset is asserted and is not analyzed by the default static timing analysis. It is suggested to eliminate the use of a set/reset to registers driving this RAMB pin or else use a synchronous reset in which the assertion of the reset is timed by default.
WARNING: [DRC REQP-1839] RAMB36 async control check: The RAMB36E1 design_1_i/xdma_0/inst/ram_top/MASTER_READ_BRAM/genblk1[0].u_buffermem/U0/inst_blk_mem_gen/gnbram.gnativebmg.native_blk_mem_gen/valid.cstr/ramloop[0].ram.r/prim_noinit.ram/DEVICE_7SERIES.NO_BMM_INFO.SDP.WIDE_PRIM36_NO_ECC.ram has an input control pin design_1_i/xdma_0/inst/ram_top/MASTER_READ_BRAM/genblk1[0].u_buffermem/U0/inst_blk_mem_gen/gnbram.gnativebmg.native_blk_mem_gen/valid.cstr/ramloop[0].ram.r/prim_noinit.ram/DEVICE_7SERIES.NO_BMM_INFO.SDP.WIDE_PRIM36_NO_ECC.ram/ADDRARDADDR[8] (net: design_1_i/xdma_0/inst/ram_top/MASTER_READ_BRAM/genblk1[0].u_buffermem/U0/inst_blk_mem_gen/gnbram.gnativebmg.native_blk_mem_gen/valid.cstr/ramloop[0].ram.r/prim_noinit.ram/addrb[2]) which is driven by a register (design_1_i/xdma_0/inst/design_1_xdma_0_2_pcie2_to_pcie3_wrapper_i/pcie2_ip_i/U0/inst/user_reset_out_reg) that has an active asychronous set or reset. This may cause corruption of the memory contents and/or read values when the set/reset is asserted and is not analyzed by the default static timing analysis. It is suggested to eliminate the use of a set/reset to registers driving this RAMB pin or else use a synchronous reset in which the assertion of the reset is timed by default.
WARNING: [DRC REQP-1839] RAMB36 async control check: The RAMB36E1 design_1_i/xdma_0/inst/ram_top/MASTER_READ_BRAM/genblk1[0].u_buffermem/U0/inst_blk_mem_gen/gnbram.gnativebmg.native_blk_mem_gen/valid.cstr/ramloop[0].ram.r/prim_noinit.ram/DEVICE_7SERIES.NO_BMM_INFO.SDP.WIDE_PRIM36_NO_ECC.ram has an input control pin design_1_i/xdma_0/inst/ram_top/MASTER_READ_BRAM/genblk1[0].u_buffermem/U0/inst_blk_mem_gen/gnbram.gnativebmg.native_blk_mem_gen/valid.cstr/ramloop[0].ram.r/prim_noinit.ram/DEVICE_7SERIES.NO_BMM_INFO.SDP.WIDE_PRIM36_NO_ECC.ram/ADDRARDADDR[9] (net: design_1_i/xdma_0/inst/ram_top/MASTER_READ_BRAM/genblk1[0].u_buffermem/U0/inst_blk_mem_gen/gnbram.gnativebmg.native_blk_mem_gen/valid.cstr/ramloop[0].ram.r/prim_noinit.ram/addrb[3]) which is driven by a register (design_1_i/xdma_0/inst/design_1_xdma_0_2_pcie2_to_pcie3_wrapper_i/pcie2_ip_i/U0/inst/user_reset_out_reg) that has an active asychronous set or reset. This may cause corruption of the memory contents and/or read values when the set/reset is asserted and is not analyzed by the default static timing analysis. It is suggested to eliminate the use of a set/reset to registers driving this RAMB pin or else use a synchronous reset in which the assertion of the reset is timed by default.
WARNING: [DRC REQP-1839] RAMB36 async control check: The RAMB36E1 design_1_i/xdma_0/inst/ram_top/MASTER_READ_BRAM/genblk1[0].u_buffermem/U0/inst_blk_mem_gen/gnbram.gnativebmg.native_blk_mem_gen/valid.cstr/ramloop[0].ram.r/prim_noinit.ram/DEVICE_7SERIES.NO_BMM_INFO.SDP.WIDE_PRIM36_NO_ECC.ram has an input control pin design_1_i/xdma_0/inst/ram_top/MASTER_READ_BRAM/genblk1[0].u_buffermem/U0/inst_blk_mem_gen/gnbram.gnativebmg.native_blk_mem_gen/valid.cstr/ramloop[0].ram.r/prim_noinit.ram/DEVICE_7SERIES.NO_BMM_INFO.SDP.WIDE_PRIM36_NO_ECC.ram/ENARDEN (net: design_1_i/xdma_0/inst/ram_top/MASTER_READ_BRAM/genblk1[0].u_buffermem/U0/inst_blk_mem_gen/gnbram.gnativebmg.native_blk_mem_gen/valid.cstr/ramloop[0].ram.r/prim_noinit.ram/DEVICE_7SERIES.NO_BMM_INFO.SDP.WIDE_PRIM36_NO_ECC.ram_ENARDEN_cooolgate_en_sig_58) which is driven by a register (design_1_i/xdma_0/inst/design_1_xdma_0_2_pcie2_to_pcie3_wrapper_i/pcie2_ip_i/U0/inst/user_reset_out_reg) that has an active asychronous set or reset. This may cause corruption of the memory contents and/or read values when the set/reset is asserted and is not analyzed by the default static timing analysis. It is suggested to eliminate the use of a set/reset to registers driving this RAMB pin or else use a synchronous reset in which the assertion of the reset is timed by default.
WARNING: [DRC REQP-1839] RAMB36 async control check: The RAMB36E1 design_1_i/xdma_0/inst/ram_top/MASTER_READ_BRAM/genblk1[0].u_buffermem/U0/inst_blk_mem_gen/gnbram.gnativebmg.native_blk_mem_gen/valid.cstr/ramloop[0].ram.r/prim_noinit.ram/DEVICE_7SERIES.NO_BMM_INFO.SDP.WIDE_PRIM36_NO_ECC.ram has an input control pin design_1_i/xdma_0/inst/ram_top/MASTER_READ_BRAM/genblk1[0].u_buffermem/U0/inst_blk_mem_gen/gnbram.gnativebmg.native_blk_mem_gen/valid.cstr/ramloop[0].ram.r/prim_noinit.ram/DEVICE_7SERIES.NO_BMM_INFO.SDP.WIDE_PRIM36_NO_ECC.ram/ENARDEN (net: design_1_i/xdma_0/inst/ram_top/MASTER_READ_BRAM/genblk1[0].u_buffermem/U0/inst_blk_mem_gen/gnbram.gnativebmg.native_blk_mem_gen/valid.cstr/ramloop[0].ram.r/prim_noinit.ram/DEVICE_7SERIES.NO_BMM_INFO.SDP.WIDE_PRIM36_NO_ECC.ram_ENARDEN_cooolgate_en_sig_58) which is driven by a register (design_1_i/xdma_0/inst/udma_wrapper/dma_top/user_rst_n_2ff_reg[0]) that has an active asychronous set or reset. This may cause corruption of the memory contents and/or read values when the set/reset is asserted and is not analyzed by the default static timing analysis. It is suggested to eliminate the use of a set/reset to registers driving this RAMB pin or else use a synchronous reset in which the assertion of the reset is timed by default.
WARNING: [DRC REQP-1839] RAMB36 async control check: The RAMB36E1 design_1_i/xdma_0/inst/udma_wrapper/dma_top/dma_enable.vul_dma/RD/gen_rdwr_loop[0].gen_rdwr_eng.RDWR_INST/rrq_wadr_nn1_reg has an input control pin design_1_i/xdma_0/inst/udma_wrapper/dma_top/dma_enable.vul_dma/RD/gen_rdwr_loop[0].gen_rdwr_eng.RDWR_INST/rrq_wadr_nn1_reg/ENARDEN (net: design_1_i/xdma_0/inst/udma_wrapper/dma_top/dma_enable.vul_dma/RD/gen_rdwr_loop[0].gen_rdwr_eng.RDWR_INST/rrq_wadr_nn1_reg_ENARDEN_cooolgate_en_sig_33) which is driven by a register (design_1_i/xdma_0/inst/udma_wrapper/dma_top/dma_enable.vul_dma/pcie_h2c_rst_3ff_reg[0]) that has an active asychronous set or reset. This may cause corruption of the memory contents and/or read values when the set/reset is asserted and is not analyzed by the default static timing analysis. It is suggested to eliminate the use of a set/reset to registers driving this RAMB pin or else use a synchronous reset in which the assertion of the reset is timed by default.
WARNING: [DRC REQP-1839] RAMB36 async control check: The RAMB36E1 design_1_i/xdma_0/inst/udma_wrapper/dma_top/dma_enable.vul_dma/RD/gen_rdwr_loop[0].gen_rdwr_eng.RDWR_INST/rrq_wadr_nn1_reg has an input control pin design_1_i/xdma_0/inst/udma_wrapper/dma_top/dma_enable.vul_dma/RD/gen_rdwr_loop[0].gen_rdwr_eng.RDWR_INST/rrq_wadr_nn1_reg/ENARDEN (net: design_1_i/xdma_0/inst/udma_wrapper/dma_top/dma_enable.vul_dma/RD/gen_rdwr_loop[0].gen_rdwr_eng.RDWR_INST/rrq_wadr_nn1_reg_ENARDEN_cooolgate_en_sig_33) which is driven by a register (design_1_i/xdma_0/inst/udma_wrapper/dma_top/dma_enable.vul_dma/pcie_rst_2ff_reg[0]) that has an active asychronous set or reset. This may cause corruption of the memory contents and/or read values when the set/reset is asserted and is not analyzed by the default static timing analysis. It is suggested to eliminate the use of a set/reset to registers driving this RAMB pin or else use a synchronous reset in which the assertion of the reset is timed by default.
WARNING: [DRC REQP-1839] RAMB36 async control check: The RAMB36E1 design_1_i/xdma_0/inst/udma_wrapper/dma_top/dma_enable.vul_dma/RD/gen_rdwr_loop[0].gen_rdwr_eng.RDWR_INST/rrq_wadr_nn1_reg has an input control pin design_1_i/xdma_0/inst/udma_wrapper/dma_top/dma_enable.vul_dma/RD/gen_rdwr_loop[0].gen_rdwr_eng.RDWR_INST/rrq_wadr_nn1_reg/RSTRAMARSTRAM (net: design_1_i/xdma_0/inst/udma_wrapper/dma_top/dma_enable.vul_dma/RD/gen_rdwr_loop[0].gen_rdwr_eng.RDWR_INST/rrq_wadr_nn1_reg_0) which is driven by a register (design_1_i/xdma_0/inst/udma_wrapper/dma_top/dma_enable.vul_dma/pcie_h2c_rst_3ff_reg[0]_rep__5) that has an active asychronous set or reset. This may cause corruption of the memory contents and/or read values when the set/reset is asserted and is not analyzed by the default static timing analysis. It is suggested to eliminate the use of a set/reset to registers driving this RAMB pin or else use a synchronous reset in which the assertion of the reset is timed by default.
WARNING: [DRC REQP-1840] RAMB18 async control check: The RAMB18E1 design_1_i/xdma_0/inst/design_1_xdma_0_2_pcie2_to_pcie3_wrapper_i/design_1_xdma_0_2_axi_stream_intf_i/design_1_xdma_0_2_rx_demux_i/dma_cpl_fifo_inst/U0/inst_fifo_gen/gaxis_fifo.gaxisf.axisf/grf.rf/gntv_or_sync_fifo.mem/gbm.gbmg.gbmga.ngecc.bmg/inst_blk_mem_gen/gnbram.gnativebmg.native_blk_mem_gen/valid.cstr/ramloop[0].ram.r/prim_noinit.ram/DEVICE_7SERIES.NO_BMM_INFO.SDP.WIDE_PRIM18.ram has an input control pin design_1_i/xdma_0/inst/design_1_xdma_0_2_pcie2_to_pcie3_wrapper_i/design_1_xdma_0_2_axi_stream_intf_i/design_1_xdma_0_2_rx_demux_i/dma_cpl_fifo_inst/U0/inst_fifo_gen/gaxis_fifo.gaxisf.axisf/grf.rf/gntv_or_sync_fifo.mem/gbm.gbmg.gbmga.ngecc.bmg/inst_blk_mem_gen/gnbram.gnativebmg.native_blk_mem_gen/valid.cstr/ramloop[0].ram.r/prim_noinit.ram/DEVICE_7SERIES.NO_BMM_INFO.SDP.WIDE_PRIM18.ram/ENARDEN (net: design_1_i/xdma_0/inst/design_1_xdma_0_2_pcie2_to_pcie3_wrapper_i/design_1_xdma_0_2_axi_stream_intf_i/design_1_xdma_0_2_rx_demux_i/dma_cpl_fifo_inst/U0/inst_fifo_gen/gaxis_fifo.gaxisf.axisf/grf.rf/gntv_or_sync_fifo.mem/gbm.gbmg.gbmga.ngecc.bmg/inst_blk_mem_gen/gnbram.gnativebmg.native_blk_mem_gen/valid.cstr/ramloop[0].ram.r/prim_noinit.ram/DEVICE_7SERIES.NO_BMM_INFO.SDP.WIDE_PRIM18.ram_ENARDEN_cooolgate_en_sig_7) which is driven by a register (design_1_i/xdma_0/inst/design_1_xdma_0_2_pcie2_to_pcie3_wrapper_i/design_1_xdma_0_2_axi_stream_intf_i/design_1_xdma_0_2_rx_demux_i/dma_cpl_fifo_inst/U0/inst_fifo_gen/gaxis_fifo.gaxisf.axisf/grf.rf/gntv_or_sync_fifo.gl0.rd/gr1.gr1_int.rfwft/gfwft_rst_done.fwft_rst_done_reg) that has an active asychronous set or reset. This may cause corruption of the memory contents and/or read values when the set/reset is asserted and is not analyzed by the default static timing analysis. It is suggested to eliminate the use of a set/reset to registers driving this RAMB pin or else use a synchronous reset in which the assertion of the reset is timed by default.
WARNING: [DRC REQP-1840] RAMB18 async control check: The RAMB18E1 design_1_i/xdma_0/inst/design_1_xdma_0_2_pcie2_to_pcie3_wrapper_i/design_1_xdma_0_2_axi_stream_intf_i/design_1_xdma_0_2_rx_demux_i/dma_cpl_fifo_inst/U0/inst_fifo_gen/gaxis_fifo.gaxisf.axisf/grf.rf/gntv_or_sync_fifo.mem/gbm.gbmg.gbmga.ngecc.bmg/inst_blk_mem_gen/gnbram.gnativebmg.native_blk_mem_gen/valid.cstr/ramloop[0].ram.r/prim_noinit.ram/DEVICE_7SERIES.NO_BMM_INFO.SDP.WIDE_PRIM18.ram has an input control pin design_1_i/xdma_0/inst/design_1_xdma_0_2_pcie2_to_pcie3_wrapper_i/design_1_xdma_0_2_axi_stream_intf_i/design_1_xdma_0_2_rx_demux_i/dma_cpl_fifo_inst/U0/inst_fifo_gen/gaxis_fifo.gaxisf.axisf/grf.rf/gntv_or_sync_fifo.mem/gbm.gbmg.gbmga.ngecc.bmg/inst_blk_mem_gen/gnbram.gnativebmg.native_blk_mem_gen/valid.cstr/ramloop[0].ram.r/prim_noinit.ram/DEVICE_7SERIES.NO_BMM_INFO.SDP.WIDE_PRIM18.ram/ENARDEN (net: design_1_i/xdma_0/inst/design_1_xdma_0_2_pcie2_to_pcie3_wrapper_i/design_1_xdma_0_2_axi_stream_intf_i/design_1_xdma_0_2_rx_demux_i/dma_cpl_fifo_inst/U0/inst_fifo_gen/gaxis_fifo.gaxisf.axisf/grf.rf/gntv_or_sync_fifo.mem/gbm.gbmg.gbmga.ngecc.bmg/inst_blk_mem_gen/gnbram.gnativebmg.native_blk_mem_gen/valid.cstr/ramloop[0].ram.r/prim_noinit.ram/DEVICE_7SERIES.NO_BMM_INFO.SDP.WIDE_PRIM18.ram_ENARDEN_cooolgate_en_sig_7) which is driven by a register (design_1_i/xdma_0/inst/design_1_xdma_0_2_pcie2_to_pcie3_wrapper_i/pcie2_ip_i/U0/inst/user_reset_out_reg) that has an active asychronous set or reset. This may cause corruption of the memory contents and/or read values when the set/reset is asserted and is not analyzed by the default static timing analysis. It is suggested to eliminate the use of a set/reset to registers driving this RAMB pin or else use a synchronous reset in which the assertion of the reset is timed by default.
WARNING: [DRC RTSTAT-10] No routable loads: 17 net(s) have no routable loads. The problem bus(es) and/or net(s) are design_1_i/xdma_0/inst/design_1_xdma_0_2_pcie2_to_pcie3_wrapper_i/design_1_xdma_0_2_axi_stream_intf_i/design_1_xdma_0_2_rx_demux_i/tgt_brdg_fifo_inst/U0/inst_fifo_gen/gaxis_fifo.gaxisf.axisf/grf.rf/gntv_or_sync_fifo.gl0.rd/gr1.gr1_int.rfwft/aempty_fwft_i, design_1_i/xdma_0/inst/design_1_xdma_0_2_pcie2_to_pcie3_wrapper_i/design_1_xdma_0_2_axi_stream_intf_i/design_1_xdma_0_2_rx_demux_i/dma_cpl_fifo_inst/U0/inst_fifo_gen/gaxis_fifo.gaxisf.axisf/grf.rf/gntv_or_sync_fifo.gl0.rd/gr1.gr1_int.rfwft/aempty_fwft_i, design_1_i/xdma_0/inst/design_1_xdma_0_2_pcie2_to_pcie3_wrapper_i/design_1_xdma_0_2_axi_stream_intf_i/design_1_xdma_0_2_rx_demux_i/dma_cpl_fifo_inst/U0/inst_fifo_gen/gaxis_fifo.gaxisf.axisf/grf.rf/gntv_or_sync_fifo.gl0.wr/gwss.wsts/ram_afull_fb, design_1_i/xdma_0/inst/design_1_xdma_0_2_pcie2_to_pcie3_wrapper_i/design_1_xdma_0_2_axi_stream_intf_i/design_1_xdma_0_2_rx_demux_i/tgt_brdg_fifo_inst/U0/inst_fifo_gen/gaxis_fifo.gaxisf.axisf/grf.rf/gntv_or_sync_fifo.gl0.wr/gwss.wsts/ram_afull_fb, design_1_i/xdma_0/inst/design_1_xdma_0_2_pcie2_to_pcie3_wrapper_i/design_1_xdma_0_2_axi_stream_intf_i/design_1_xdma_0_2_rx_demux_i/dma_cpl_fifo_inst/U0/inst_fifo_gen/gaxis_fifo.gaxisf.axisf/grf.rf/gntv_or_sync_fifo.gl0.wr/gwss.wsts/ram_afull_i, design_1_i/xdma_0/inst/design_1_xdma_0_2_pcie2_to_pcie3_wrapper_i/design_1_xdma_0_2_axi_stream_intf_i/design_1_xdma_0_2_rx_demux_i/tgt_brdg_fifo_inst/U0/inst_fifo_gen/gaxis_fifo.gaxisf.axisf/grf.rf/gntv_or_sync_fifo.gl0.wr/gwss.wsts/ram_afull_i, design_1_i/xdma_0/inst/design_1_xdma_0_2_pcie2_to_pcie3_wrapper_i/design_1_xdma_0_2_axi_stream_intf_i/design_1_xdma_0_2_rx_demux_i/dma_cpl_fifo_inst/U0/inst_fifo_gen/gaxis_fifo.gaxisf.axisf/grf.rf/gntv_or_sync_fifo.gl0.rd/grss.rsts/ram_empty_i, design_1_i/xdma_0/inst/design_1_xdma_0_2_pcie2_to_pcie3_wrapper_i/design_1_xdma_0_2_axi_stream_intf_i/design_1_xdma_0_2_rx_demux_i/tgt_brdg_fifo_inst/U0/inst_fifo_gen/gaxis_fifo.gaxisf.axisf/grf.rf/gntv_or_sync_fifo.gl0.rd/grss.rsts/ram_empty_i, design_1_i/xdma_0/inst/design_1_xdma_0_2_pcie2_to_pcie3_wrapper_i/design_1_xdma_0_2_axi_stream_intf_i/design_1_xdma_0_2_rx_demux_i/tgt_brdg_fifo_inst/U0/inst_fifo_gen/gaxis_fifo.gaxisf.axisf/grf.rf/rstblk/rd_rst_reg[1], design_1_i/xdma_0/inst/design_1_xdma_0_2_pcie2_to_pcie3_wrapper_i/design_1_xdma_0_2_axi_stream_intf_i/design_1_xdma_0_2_rx_demux_i/dma_cpl_fifo_inst/U0/inst_fifo_gen/gaxis_fifo.gaxisf.axisf/grf.rf/rstblk/rd_rst_reg[1], design_1_i/xdma_0/inst/design_1_xdma_0_2_pcie2_to_pcie3_wrapper_i/pcie2_ip_i/U0/inst/store_ltssm, design_1_i/xdma_0/inst/design_1_xdma_0_2_pcie2_to_pcie3_wrapper_i/design_1_xdma_0_2_axi_stream_intf_i/design_1_xdma_0_2_rx_demux_i/dma_cpl_fifo_inst/U0/inst_fifo_gen/gaxis_fifo.gaxisf.axisf/grf.rf/gntv_or_sync_fifo.gl0.rd/gr1.gr1_int.rfwft/user_valid, design_1_i/xdma_0/inst/design_1_xdma_0_2_pcie2_to_pcie3_wrapper_i/design_1_xdma_0_2_axi_stream_intf_i/design_1_xdma_0_2_rx_demux_i/tgt_brdg_fifo_inst/U0/inst_fifo_gen/gaxis_fifo.gaxisf.axisf/grf.rf/gntv_or_sync_fifo.gl0.rd/gr1.gr1_int.rfwft/user_valid, design_1_i/xdma_0/inst/design_1_xdma_0_2_pcie2_to_pcie3_wrapper_i/design_1_xdma_0_2_axi_stream_intf_i/design_1_xdma_0_2_rx_demux_i/dma_cpl_fifo_inst/U0/inst_fifo_gen/gaxis_fifo.gaxisf.axisf/grf.rf/rstblk/wr_rst_reg[0], design_1_i/xdma_0/inst/design_1_xdma_0_2_pcie2_to_pcie3_wrapper_i/design_1_xdma_0_2_axi_stream_intf_i/design_1_xdma_0_2_rx_demux_i/tgt_brdg_fifo_inst/U0/inst_fifo_gen/gaxis_fifo.gaxisf.axisf/grf.rf/rstblk/wr_rst_reg[0]... and (the first 15 of 17 listed).
INFO: [Vivado 12-3199] DRC finished with 0 Errors, 27 Warnings
INFO: [Vivado 12-3200] Please refer to the DRC report (report_drc) for more information.
INFO: [Designutils 20-2272] Running write_bitstream with 8 threads.
Loading data files...
Loading site data...
Loading route data...
Processing options...
Creating bitmap...
Creating bitstream...
Bitstream compression saved 82226848 bits.
Writing bitstream ./design_1_wrapper.bit...
INFO: [Vivado 12-1842] Bitgen Completed Successfully.
INFO: [Project 1-118] WebTalk data collection is enabled (User setting is ON. Install Setting is ON.).
INFO: [Common 17-83] Releasing license: Implementation
733 Infos, 54 Warnings, 0 Critical Warnings and 0 Errors encountered.
write_bitstream completed successfully
write_bitstream: Time (s): cpu = 00:00:55 ; elapsed = 00:00:35 . Memory (MB): peak = 5633.211 ; gain = 0.000 ; free physical = 16224 ; free virtual = 29802
INFO: [Common 17-206] Exiting Vivado at Tue Sep 22 23:20:48 2026...
