Copyright 1986-2020 Xilinx, Inc. All Rights Reserved.
----------------------------------------------------------------------------------------------
| Tool Version : Vivado v.2020.1 (lin64) Build 2902540 Wed May 27 19:54:35 MDT 2020
| Date         : Thu Sep 24 11:02:39 2026
| Host         : dipen-ubuntu-mate running 64-bit Ubuntu 24.04.3 LTS
| Command      : report_clock_utilization -file design_1_wrapper_clock_utilization_routed.rpt
| Design       : design_1_wrapper
| Device       : 7k480t-ffg1156
| Speed File   : -2  PRODUCTION 1.12 2017-02-17
| Design State : Routed
----------------------------------------------------------------------------------------------

Clock Utilization Report

Table of Contents
-----------------
1. Clock Primitive Utilization
2. Global Clock Resources
3. Global Clock Source Details
4. Local Clock Details
5. Clock Regions: Key Resource Utilization
6. Clock Regions : Global Clock Summary
7. Device Cell Placement Summary for Global Clock g0
8. Device Cell Placement Summary for Global Clock g1
9. Device Cell Placement Summary for Global Clock g2
10. Device Cell Placement Summary for Global Clock g3
11. Device Cell Placement Summary for Global Clock g4
12. Device Cell Placement Summary for Global Clock g5
13. Device Cell Placement Summary for Global Clock g6
14. Device Cell Placement Summary for Global Clock g7
15. Device Cell Placement Summary for Global Clock g8
16. Device Cell Placement Summary for Global Clock g9
17. Device Cell Placement Summary for Global Clock g10
18. Device Cell Placement Summary for Global Clock g11
19. Clock Region Cell Placement per Global Clock: Region X0Y0
20. Clock Region Cell Placement per Global Clock: Region X0Y1
21. Clock Region Cell Placement per Global Clock: Region X0Y2
22. Clock Region Cell Placement per Global Clock: Region X1Y2
23. Clock Region Cell Placement per Global Clock: Region X0Y3
24. Clock Region Cell Placement per Global Clock: Region X1Y3
25. Clock Region Cell Placement per Global Clock: Region X0Y4
26. Clock Region Cell Placement per Global Clock: Region X1Y4
27. Clock Region Cell Placement per Global Clock: Region X0Y5
28. Clock Region Cell Placement per Global Clock: Region X1Y5
29. Clock Region Cell Placement per Global Clock: Region X0Y6
30. Clock Region Cell Placement per Global Clock: Region X0Y7

1. Clock Primitive Utilization
------------------------------

+----------+------+-----------+-----+--------------+--------+
| Type     | Used | Available | LOC | Clock Region | Pblock |
+----------+------+-----------+-----+--------------+--------+
| BUFGCTRL |   10 |        32 |   0 |            0 |      0 |
| BUFH     |    2 |       192 |   0 |            0 |      0 |
| BUFIO    |    0 |        32 |   0 |            0 |      0 |
| BUFMR    |    0 |        16 |   0 |            0 |      0 |
| BUFR     |    0 |        32 |   0 |            0 |      0 |
| MMCM     |    3 |         8 |   2 |            0 |      0 |
| PLL      |    2 |         8 |   2 |            0 |      0 |
+----------+------+-----------+-----+--------------+--------+


2. Global Clock Resources
-------------------------

+-----------+-----------+-----------------+------------+----------------+--------------+-------------------+-------------+-----------------+--------------+-----------------------+---------------------------------------------------------------------------------------------------------------------------------------------------------------------+-----------------------------------------------------------------------------------------------------------------------------------------------------------+
| Global Id | Source Id | Driver Type/Pin | Constraint | Site           | Clock Region | Load Clock Region | Clock Loads | Non-Clock Loads | Clock Period | Clock                 | Driver Pin                                                                                                                                                          | Net                                                                                                                                                       |
+-----------+-----------+-----------------+------------+----------------+--------------+-------------------+-------------+-----------------+--------------+-----------------------+---------------------------------------------------------------------------------------------------------------------------------------------------------------------+-----------------------------------------------------------------------------------------------------------------------------------------------------------+
| g0        | src0      | BUFG/O          | None       | BUFGCTRL_X0Y0  | n/a          |                 6 |       31908 |               0 |        4.000 | userclk1              | design_1_i/xdma_0/inst/design_1_xdma_0_2_pcie2_to_pcie3_wrapper_i/pcie2_ip_i/U0/inst/gt_top_i/pipe_wrapper_i/pipe_clock_int.pipe_clock_i/userclk1_i1.usrclk1_i1/O   | design_1_i/xdma_0/inst/design_1_xdma_0_2_pcie2_to_pcie3_wrapper_i/pcie2_ip_i/U0/inst/gt_top_i/pipe_wrapper_i/pipe_clock_int.pipe_clock_i/INT_USERCLK1_OUT |
| g1        | src1      | BUFG/O          | None       | BUFGCTRL_X0Y16 | n/a          |                 8 |       15216 |               0 |        7.500 | clk_pll_i_1           | design_1_i/mig_7series_0/u_design_1_mig_7series_0_3_mig/c1_u_ddr3_infrastructure/u_bufg_clkdiv0/O                                                                   | design_1_i/mig_7series_0/u_design_1_mig_7series_0_3_mig/c1_u_ddr3_infrastructure/CLK                                                                      |
| g2        | src2      | BUFG/O          | None       | BUFGCTRL_X0Y1  | n/a          |                 8 |       15180 |               0 |        7.500 | clk_pll_i             | design_1_i/mig_7series_0/u_design_1_mig_7series_0_3_mig/c0_u_ddr3_infrastructure/u_bufg_clkdiv0/O                                                                   | design_1_i/mig_7series_0/u_design_1_mig_7series_0_3_mig/c0_u_ddr3_infrastructure/CLK                                                                      |
| g3        | src0      | BUFGCTRL/O      | None       | BUFGCTRL_X0Y2  | n/a          |                 2 |        1479 |               0 |        8.000 | Multiple              | design_1_i/xdma_0/inst/design_1_xdma_0_2_pcie2_to_pcie3_wrapper_i/pcie2_ip_i/U0/inst/gt_top_i/pipe_wrapper_i/pipe_clock_int.pipe_clock_i/pclk_i1_bufgctrl.pclk_i1/O | design_1_i/xdma_0/inst/design_1_xdma_0_2_pcie2_to_pcie3_wrapper_i/pcie2_ip_i/U0/inst/gt_top_i/pipe_wrapper_i/pipe_clock_int.pipe_clock_i/pclk_sel_reg_0   |
| g4        | src0      | BUFG/O          | None       | BUFGCTRL_X0Y3  | n/a          |                 2 |         397 |               0 |        8.000 | clk_125mhz_x0y0       | design_1_i/xdma_0/inst/design_1_xdma_0_2_pcie2_to_pcie3_wrapper_i/pcie2_ip_i/U0/inst/gt_top_i/pipe_wrapper_i/pipe_clock_int.pipe_clock_i/dclk_i_bufg.dclk_i/O       | design_1_i/xdma_0/inst/design_1_xdma_0_2_pcie2_to_pcie3_wrapper_i/pcie2_ip_i/U0/inst/gt_top_i/pipe_wrapper_i/pipe_clock_int.pipe_clock_i/CLK              |
| g5        | src3      | BUFG/O          | None       | BUFGCTRL_X0Y4  | n/a          |                 8 |          67 |               0 |        5.000 | sys_diff_clock_clk_p  | design_1_i/mig_7series_0/u_design_1_mig_7series_0_3_mig/u_iodelay_ctrl/clk_ref_200.u_bufg_clk_ref/O                                                                 | design_1_i/mig_7series_0/u_design_1_mig_7series_0_3_mig/u_iodelay_ctrl/CLK                                                                                |
| g6        | src4      | BUFG/O          | None       | BUFGCTRL_X0Y18 | n/a          |                 1 |          36 |               0 |              |                       | design_1_i/xdma_0/inst/design_1_xdma_0_2_pcie2_to_pcie3_wrapper_i/pcie2_ip_i/U0/inst/gt_top_i/pipe_wrapper_i/cpllpd_refclk_inst/O                                   | design_1_i/xdma_0/inst/design_1_xdma_0_2_pcie2_to_pcie3_wrapper_i/pcie2_ip_i/U0/inst/gt_top_i/pipe_wrapper_i/gt_cpllpdrefclk                              |
| g7        | src2      | BUFG/O          | None       | BUFGCTRL_X0Y5  | n/a          |                 3 |          23 |               0 |       15.000 | mmcm_ps_clk_bufg_in   | design_1_i/mig_7series_0/u_design_1_mig_7series_0_3_mig/c0_u_ddr3_infrastructure/gen_mmcm.u_bufg_mmcm_ps_clk/O                                                      | design_1_i/mig_7series_0/u_design_1_mig_7series_0_3_mig/c0_u_ddr3_infrastructure/c0_mmcm_ps_clk                                                           |
| g8        | src1      | BUFG/O          | None       | BUFGCTRL_X0Y17 | n/a          |                 3 |          23 |               0 |       15.000 | mmcm_ps_clk_bufg_in_1 | design_1_i/mig_7series_0/u_design_1_mig_7series_0_3_mig/c1_u_ddr3_infrastructure/gen_mmcm.u_bufg_mmcm_ps_clk/O                                                      | design_1_i/mig_7series_0/u_design_1_mig_7series_0_3_mig/c1_u_ddr3_infrastructure/c1_mmcm_ps_clk                                                           |
| g9        | src5      | BUFH/O          | None       | BUFHCE_X0Y12   | X0Y1         |                 1 |           1 |               0 |        7.500 | pll_clk3_out          | design_1_i/mig_7series_0/u_design_1_mig_7series_0_3_mig/c0_u_ddr3_infrastructure/u_bufh_pll_clk3/O                                                                  | design_1_i/mig_7series_0/u_design_1_mig_7series_0_3_mig/c0_u_ddr3_infrastructure/pll_clk3                                                                 |
| g10       | src6      | BUFH/O          | None       | BUFHCE_X0Y72   | X0Y6         |                 1 |           1 |               0 |        7.500 | pll_clk3_out_1        | design_1_i/mig_7series_0/u_design_1_mig_7series_0_3_mig/c1_u_ddr3_infrastructure/u_bufh_pll_clk3/O                                                                  | design_1_i/mig_7series_0/u_design_1_mig_7series_0_3_mig/c1_u_ddr3_infrastructure/pll_clk3                                                                 |
| g11       | src7      | BUFG/O          | None       | BUFGCTRL_X0Y19 | n/a          |                 1 |           1 |               0 |       10.000 | txoutclk_x0y0         | design_1_i/xdma_0/inst/design_1_xdma_0_2_pcie2_to_pcie3_wrapper_i/pcie2_ip_i/U0/inst/gt_top_i/pipe_wrapper_i/pipe_clock_int.pipe_clock_i/txoutclk_i.txoutclk_i/O    | design_1_i/xdma_0/inst/design_1_xdma_0_2_pcie2_to_pcie3_wrapper_i/pcie2_ip_i/U0/inst/gt_top_i/pipe_wrapper_i/pipe_clock_int.pipe_clock_i/refclk           |
+-----------+-----------+-----------------+------------+----------------+--------------+-------------------+-------------+-----------------+--------------+-----------------------+---------------------------------------------------------------------------------------------------------------------------------------------------------------------+-----------------------------------------------------------------------------------------------------------------------------------------------------------+
* Clock Loads column represents the clock pin loads (pin count)
** Non-Clock Loads column represents the non-clock pin loads (pin count)


3. Global Clock Source Details
------------------------------

+-----------+-----------+------------------------+---------------------+---------------------+--------------+-------------+-----------------+---------------------+-----------------------+-----------------------------------------------------------------------------------------------------------------------------------------------------------------------------+----------------------------------------------------------------------------------------------------------------------------------------------------------+
| Source Id | Global Id | Driver Type/Pin        | Constraint          | Site                | Clock Region | Clock Loads | Non-Clock Loads | Source Clock Period | Source Clock          | Driver Pin                                                                                                                                                                  | Net                                                                                                                                                      |
+-----------+-----------+------------------------+---------------------+---------------------+--------------+-------------+-----------------+---------------------+-----------------------+-----------------------------------------------------------------------------------------------------------------------------------------------------------------------------+----------------------------------------------------------------------------------------------------------------------------------------------------------+
| src0      | g3, g4    | MMCME2_ADV/CLKOUT0     | None                | MMCME2_ADV_X0Y3     | X0Y3         |           2 |               0 |               8.000 | clk_125mhz_x0y0       | design_1_i/xdma_0/inst/design_1_xdma_0_2_pcie2_to_pcie3_wrapper_i/pcie2_ip_i/U0/inst/gt_top_i/pipe_wrapper_i/pipe_clock_int.pipe_clock_i/mmcm_i/CLKOUT0                     | design_1_i/xdma_0/inst/design_1_xdma_0_2_pcie2_to_pcie3_wrapper_i/pcie2_ip_i/U0/inst/gt_top_i/pipe_wrapper_i/pipe_clock_int.pipe_clock_i/clk_125mhz      |
| src0      | g0        | MMCME2_ADV/CLKOUT2     | None                | MMCME2_ADV_X0Y3     | X0Y3         |           1 |               0 |               4.000 | userclk1              | design_1_i/xdma_0/inst/design_1_xdma_0_2_pcie2_to_pcie3_wrapper_i/pcie2_ip_i/U0/inst/gt_top_i/pipe_wrapper_i/pipe_clock_int.pipe_clock_i/mmcm_i/CLKOUT2                     | design_1_i/xdma_0/inst/design_1_xdma_0_2_pcie2_to_pcie3_wrapper_i/pcie2_ip_i/U0/inst/gt_top_i/pipe_wrapper_i/pipe_clock_int.pipe_clock_i/userclk1        |
| src1      | g1        | MMCME2_ADV/CLKFBOUT    | MMCME2_ADV_X0Y6     | MMCME2_ADV_X0Y6     | X0Y6         |           1 |               0 |               7.500 | clk_pll_i_1           | design_1_i/mig_7series_0/u_design_1_mig_7series_0_3_mig/c1_u_ddr3_infrastructure/gen_mmcm.mmcm_i/CLKFBOUT                                                                   | design_1_i/mig_7series_0/u_design_1_mig_7series_0_3_mig/c1_u_ddr3_infrastructure/clk_pll_i                                                               |
| src1      | g8        | MMCME2_ADV/CLKOUT0     | MMCME2_ADV_X0Y6     | MMCME2_ADV_X0Y6     | X0Y6         |           1 |               0 |              15.000 | mmcm_ps_clk_bufg_in_1 | design_1_i/mig_7series_0/u_design_1_mig_7series_0_3_mig/c1_u_ddr3_infrastructure/gen_mmcm.mmcm_i/CLKOUT0                                                                    | design_1_i/mig_7series_0/u_design_1_mig_7series_0_3_mig/c1_u_ddr3_infrastructure/mmcm_ps_clk_bufg_in                                                     |
| src2      | g2        | MMCME2_ADV/CLKFBOUT    | MMCME2_ADV_X0Y1     | MMCME2_ADV_X0Y1     | X0Y1         |           1 |               0 |               7.500 | clk_pll_i             | design_1_i/mig_7series_0/u_design_1_mig_7series_0_3_mig/c0_u_ddr3_infrastructure/gen_mmcm.mmcm_i/CLKFBOUT                                                                   | design_1_i/mig_7series_0/u_design_1_mig_7series_0_3_mig/c0_u_ddr3_infrastructure/clk_pll_i                                                               |
| src2      | g7        | MMCME2_ADV/CLKOUT0     | MMCME2_ADV_X0Y1     | MMCME2_ADV_X0Y1     | X0Y1         |           1 |               0 |              15.000 | mmcm_ps_clk_bufg_in   | design_1_i/mig_7series_0/u_design_1_mig_7series_0_3_mig/c0_u_ddr3_infrastructure/gen_mmcm.mmcm_i/CLKOUT0                                                                    | design_1_i/mig_7series_0/u_design_1_mig_7series_0_3_mig/c0_u_ddr3_infrastructure/mmcm_ps_clk_bufg_in                                                     |
| src3      | g5        | IBUFDS/O               | IOB_X0Y72           | IOB_X0Y72           | X0Y1         |           2 |               0 |               5.000 | sys_diff_clock_clk_p  | design_1_i/mig_7series_0/u_design_1_mig_7series_0_3_mig/c0_u_ddr3_clk_ibuf/diff_input_clk.u_ibufg_sys_clk/O                                                                 | design_1_i/mig_7series_0/u_design_1_mig_7series_0_3_mig/c0_u_ddr3_clk_ibuf/sys_clk_ibufg                                                                 |
| src4      | g6        | IBUFDS_GTE2/O          | IBUFDS_GTE2_X0Y10   | IBUFDS_GTE2_X0Y10   | X1Y5         |           6 |               0 |                     |                       | design_1_i/util_ds_buf/U0/USE_IBUFDS_GTE2.GEN_IBUFDS_GTE2[0].IBUFDS_GTE2_I/O                                                                                                | design_1_i/util_ds_buf/U0/IBUF_OUT[0]                                                                                                                    |
| src5      | g9        | PLLE2_ADV/CLKOUT3      | PLLE2_ADV_X0Y1      | PLLE2_ADV_X0Y1      | X0Y1         |           1 |               0 |               7.500 | pll_clk3_out          | design_1_i/mig_7series_0/u_design_1_mig_7series_0_3_mig/c0_u_ddr3_infrastructure/plle2_i/CLKOUT3                                                                            | design_1_i/mig_7series_0/u_design_1_mig_7series_0_3_mig/c0_u_ddr3_infrastructure/pll_clk3_out                                                            |
| src6      | g10       | PLLE2_ADV/CLKOUT3      | PLLE2_ADV_X0Y6      | PLLE2_ADV_X0Y6      | X0Y6         |           1 |               0 |               7.500 | pll_clk3_out_1        | design_1_i/mig_7series_0/u_design_1_mig_7series_0_3_mig/c1_u_ddr3_infrastructure/plle2_i/CLKOUT3                                                                            | design_1_i/mig_7series_0/u_design_1_mig_7series_0_3_mig/c1_u_ddr3_infrastructure/pll_clk3_out                                                            |
| src7      | g11       | GTXE2_CHANNEL/TXOUTCLK | GTXE2_CHANNEL_X0Y23 | GTXE2_CHANNEL_X0Y23 | X1Y5         |           1 |               0 |              10.000 | txoutclk_x0y0         | design_1_i/xdma_0/inst/design_1_xdma_0_2_pcie2_to_pcie3_wrapper_i/pcie2_ip_i/U0/inst/gt_top_i/pipe_wrapper_i/pipe_lane[0].gt_wrapper_i/gtx_channel.gtxe2_channel_i/TXOUTCLK | design_1_i/xdma_0/inst/design_1_xdma_0_2_pcie2_to_pcie3_wrapper_i/pcie2_ip_i/U0/inst/gt_top_i/pipe_wrapper_i/pipe_lane[0].gt_wrapper_i/pipe_txoutclk_out |
+-----------+-----------+------------------------+---------------------+---------------------+--------------+-------------+-----------------+---------------------+-----------------------+-----------------------------------------------------------------------------------------------------------------------------------------------------------------------------+----------------------------------------------------------------------------------------------------------------------------------------------------------+
* Clock Loads column represents the clock pin loads (pin count)
** Non-Clock Loads column represents the non-clock pin loads (pin count)


4. Local Clock Details
----------------------

+----------+----------------------------+----------------------+-------------------------------------+--------------+-------------+-----------------+--------------+----------------+---------------------------------------------------------------------------------------------------------------------------------------------------------------------------------------------------------------------------------+------------------------------------------------------------------------------------------------------------------------------------------------------------------------------------------------------------------------------+
| Local Id | Driver Type/Pin            | Constraint           | Site/BEL                            | Clock Region | Clock Loads | Non-Clock Loads | Clock Period | Clock          | Driver Pin                                                                                                                                                                                                                      | Net                                                                                                                                                                                                                          |
+----------+----------------------------+----------------------+-------------------------------------+--------------+-------------+-----------------+--------------+----------------+---------------------------------------------------------------------------------------------------------------------------------------------------------------------------------------------------------------------------------+------------------------------------------------------------------------------------------------------------------------------------------------------------------------------------------------------------------------------||
| 0        | PLLE2_ADV/CLKOUT0          | PLLE2_ADV_X0Y1       | PLLE2_ADV_X0Y1/PLLE2_ADV            | X0Y1         |          15 |               9 |        1.875 | c0_freq_refclk | design_1_i/mig_7series_0/u_design_1_mig_7series_0_3_mig/c0_u_ddr3_infrastructure/plle2_i/CLKOUT0                                                                                                                                | design_1_i/mig_7series_0/u_design_1_mig_7series_0_3_mig/c0_u_ddr3_infrastructure/c0_freq_refclk                                                                                                                              - Static -
| 1        | PLLE2_ADV/CLKOUT0          | PLLE2_ADV_X0Y6       | PLLE2_ADV_X0Y6/PLLE2_ADV            | X0Y6         |          15 |               9 |        1.875 | c1_freq_refclk | design_1_i/mig_7series_0/u_design_1_mig_7series_0_3_mig/c1_u_ddr3_infrastructure/plle2_i/CLKOUT0                                                                                                                                | design_1_i/mig_7series_0/u_design_1_mig_7series_0_3_mig/c1_u_ddr3_infrastructure/c1_freq_refclk                                                                                                                              - Static -
| 2        | PLLE2_ADV/CLKOUT1          | PLLE2_ADV_X0Y1       | PLLE2_ADV_X0Y1/PLLE2_ADV            | X0Y1         |           3 |              21 |        1.875 | c0_mem_refclk  | design_1_i/mig_7series_0/u_design_1_mig_7series_0_3_mig/c0_u_ddr3_infrastructure/plle2_i/CLKOUT1                                                                                                                                | design_1_i/mig_7series_0/u_design_1_mig_7series_0_3_mig/c0_u_ddr3_infrastructure/c0_mem_refclk                                                                                                                               - Static -
| 3        | PLLE2_ADV/CLKOUT1          | PLLE2_ADV_X0Y6       | PLLE2_ADV_X0Y6/PLLE2_ADV            | X0Y6         |           3 |              21 |        1.875 | c1_mem_refclk  | design_1_i/mig_7series_0/u_design_1_mig_7series_0_3_mig/c1_u_ddr3_infrastructure/plle2_i/CLKOUT1                                                                                                                                | design_1_i/mig_7series_0/u_design_1_mig_7series_0_3_mig/c1_u_ddr3_infrastructure/c1_mem_refclk                                                                                                                               - Static -
| 4        | PHASER_OUT_PHY/OCLKDELAYED | PHASER_OUT_PHY_X0Y8  | PHASER_OUT_PHY_X0Y8/PHASER_OUT_PHY  | X0Y2         |           2 |               0 |        1.875 | oserdes_clk    | design_1_i/mig_7series_0/u_design_1_mig_7series_0_3_mig/c0_u_memc_ui_top_axi/mem_intfc0/ddr_phy_top0/u_ddr_mc_phy_wrapper/u_ddr_mc_phy/ddr_phy_4lanes_0.u_ddr_phy_4lanes/ddr_byte_lane_A.ddr_byte_lane_A/phaser_out/OCLKDELAYED | design_1_i/mig_7series_0/u_design_1_mig_7series_0_3_mig/c0_u_memc_ui_top_axi/mem_intfc0/ddr_phy_top0/u_ddr_mc_phy_wrapper/u_ddr_mc_phy/ddr_phy_4lanes_0.u_ddr_phy_4lanes/ddr_byte_lane_A.ddr_byte_lane_A/oserdes_clk_delayed - Static -
| 5        | PHASER_OUT_PHY/OCLKDELAYED | PHASER_OUT_PHY_X0Y9  | PHASER_OUT_PHY_X0Y9/PHASER_OUT_PHY  | X0Y2         |           2 |               0 |        1.875 | oserdes_clk_1  | design_1_i/mig_7series_0/u_design_1_mig_7series_0_3_mig/c0_u_memc_ui_top_axi/mem_intfc0/ddr_phy_top0/u_ddr_mc_phy_wrapper/u_ddr_mc_phy/ddr_phy_4lanes_0.u_ddr_phy_4lanes/ddr_byte_lane_B.ddr_byte_lane_B/phaser_out/OCLKDELAYED | design_1_i/mig_7series_0/u_design_1_mig_7series_0_3_mig/c0_u_memc_ui_top_axi/mem_intfc0/ddr_phy_top0/u_ddr_mc_phy_wrapper/u_ddr_mc_phy/ddr_phy_4lanes_0.u_ddr_phy_4lanes/ddr_byte_lane_B.ddr_byte_lane_B/oserdes_clk_delayed - Static -
| 6        | PHASER_OUT_PHY/OCLKDELAYED | PHASER_OUT_PHY_X0Y10 | PHASER_OUT_PHY_X0Y10/PHASER_OUT_PHY | X0Y2         |           2 |               0 |        1.875 | oserdes_clk_2  | design_1_i/mig_7series_0/u_design_1_mig_7series_0_3_mig/c0_u_memc_ui_top_axi/mem_intfc0/ddr_phy_top0/u_ddr_mc_phy_wrapper/u_ddr_mc_phy/ddr_phy_4lanes_0.u_ddr_phy_4lanes/ddr_byte_lane_C.ddr_byte_lane_C/phaser_out/OCLKDELAYED | design_1_i/mig_7series_0/u_design_1_mig_7series_0_3_mig/c0_u_memc_ui_top_axi/mem_intfc0/ddr_phy_top0/u_ddr_mc_phy_wrapper/u_ddr_mc_phy/ddr_phy_4lanes_0.u_ddr_phy_4lanes/ddr_byte_lane_C.ddr_byte_lane_C/oserdes_clk_delayed - Static -
| 7        | PHASER_OUT_PHY/OCLKDELAYED | PHASER_OUT_PHY_X0Y11 | PHASER_OUT_PHY_X0Y11/PHASER_OUT_PHY | X0Y2         |           2 |               0 |        1.875 | oserdes_clk_3  | design_1_i/mig_7series_0/u_design_1_mig_7series_0_3_mig/c0_u_memc_ui_top_axi/mem_intfc0/ddr_phy_top0/u_ddr_mc_phy_wrapper/u_ddr_mc_phy/ddr_phy_4lanes_0.u_ddr_phy_4lanes/ddr_byte_lane_D.ddr_byte_lane_D/phaser_out/OCLKDELAYED | design_1_i/mig_7series_0/u_design_1_mig_7series_0_3_mig/c0_u_memc_ui_top_axi/mem_intfc0/ddr_phy_top0/u_ddr_mc_phy_wrapper/u_ddr_mc_phy/ddr_phy_4lanes_0.u_ddr_phy_4lanes/ddr_byte_lane_D.ddr_byte_lane_D/oserdes_clk_delayed - Static -
| 8        | PHASER_OUT_PHY/OCLKDELAYED | PHASER_OUT_PHY_X0Y4  | PHASER_OUT_PHY_X0Y4/PHASER_OUT_PHY  | X0Y1         |           2 |               0 |        1.875 | oserdes_clk_4  | design_1_i/mig_7series_0/u_design_1_mig_7series_0_3_mig/c0_u_memc_ui_top_axi/mem_intfc0/ddr_phy_top0/u_ddr_mc_phy_wrapper/u_ddr_mc_phy/ddr_phy_4lanes_1.u_ddr_phy_4lanes/ddr_byte_lane_A.ddr_byte_lane_A/phaser_out/OCLKDELAYED | design_1_i/mig_7series_0/u_design_1_mig_7series_0_3_mig/c0_u_memc_ui_top_axi/mem_intfc0/ddr_phy_top0/u_ddr_mc_phy_wrapper/u_ddr_mc_phy/ddr_phy_4lanes_1.u_ddr_phy_4lanes/ddr_byte_lane_A.ddr_byte_lane_A/oserdes_clk_delayed - Static -
| 9        | PHASER_OUT_PHY/OCLKDELAYED | PHASER_OUT_PHY_X0Y0  | PHASER_OUT_PHY_X0Y0/PHASER_OUT_PHY  | X0Y0         |           2 |               0 |        1.875 | oserdes_clk_8  | design_1_i/mig_7series_0/u_design_1_mig_7series_0_3_mig/c0_u_memc_ui_top_axi/mem_intfc0/ddr_phy_top0/u_ddr_mc_phy_wrapper/u_ddr_mc_phy/ddr_phy_4lanes_2.u_ddr_phy_4lanes/ddr_byte_lane_A.ddr_byte_lane_A/phaser_out/OCLKDELAYED | design_1_i/mig_7series_0/u_design_1_mig_7series_0_3_mig/c0_u_memc_ui_top_axi/mem_intfc0/ddr_phy_top0/u_ddr_mc_phy_wrapper/u_ddr_mc_phy/ddr_phy_4lanes_2.u_ddr_phy_4lanes/ddr_byte_lane_A.ddr_byte_lane_A/oserdes_clk_delayed - Static -
| 10       | PHASER_OUT_PHY/OCLKDELAYED | PHASER_OUT_PHY_X0Y1  | PHASER_OUT_PHY_X0Y1/PHASER_OUT_PHY  | X0Y0         |           2 |               0 |        1.875 | oserdes_clk_9  | design_1_i/mig_7series_0/u_design_1_mig_7series_0_3_mig/c0_u_memc_ui_top_axi/mem_intfc0/ddr_phy_top0/u_ddr_mc_phy_wrapper/u_ddr_mc_phy/ddr_phy_4lanes_2.u_ddr_phy_4lanes/ddr_byte_lane_B.ddr_byte_lane_B/phaser_out/OCLKDELAYED | design_1_i/mig_7series_0/u_design_1_mig_7series_0_3_mig/c0_u_memc_ui_top_axi/mem_intfc0/ddr_phy_top0/u_ddr_mc_phy_wrapper/u_ddr_mc_phy/ddr_phy_4lanes_2.u_ddr_phy_4lanes/ddr_byte_lane_B.ddr_byte_lane_B/oserdes_clk_delayed - Static -
| 11       | PHASER_OUT_PHY/OCLKDELAYED | PHASER_OUT_PHY_X0Y2  | PHASER_OUT_PHY_X0Y2/PHASER_OUT_PHY  | X0Y0         |           2 |               0 |        1.875 | oserdes_clk_10 | design_1_i/mig_7series_0/u_design_1_mig_7series_0_3_mig/c0_u_memc_ui_top_axi/mem_intfc0/ddr_phy_top0/u_ddr_mc_phy_wrapper/u_ddr_mc_phy/ddr_phy_4lanes_2.u_ddr_phy_4lanes/ddr_byte_lane_C.ddr_byte_lane_C/phaser_out/OCLKDELAYED | design_1_i/mig_7series_0/u_design_1_mig_7series_0_3_mig/c0_u_memc_ui_top_axi/mem_intfc0/ddr_phy_top0/u_ddr_mc_phy_wrapper/u_ddr_mc_phy/ddr_phy_4lanes_2.u_ddr_phy_4lanes/ddr_byte_lane_C.ddr_byte_lane_C/oserdes_clk_delayed - Static -
| 12       | PHASER_OUT_PHY/OCLKDELAYED | PHASER_OUT_PHY_X0Y3  | PHASER_OUT_PHY_X0Y3/PHASER_OUT_PHY  | X0Y0         |           2 |               0 |        1.875 | oserdes_clk_11 | design_1_i/mig_7series_0/u_design_1_mig_7series_0_3_mig/c0_u_memc_ui_top_axi/mem_intfc0/ddr_phy_top0/u_ddr_mc_phy_wrapper/u_ddr_mc_phy/ddr_phy_4lanes_2.u_ddr_phy_4lanes/ddr_byte_lane_D.ddr_byte_lane_D/phaser_out/OCLKDELAYED | design_1_i/mig_7series_0/u_design_1_mig_7series_0_3_mig/c0_u_memc_ui_top_axi/mem_intfc0/ddr_phy_top0/u_ddr_mc_phy_wrapper/u_ddr_mc_phy/ddr_phy_4lanes_2.u_ddr_phy_4lanes/ddr_byte_lane_D.ddr_byte_lane_D/oserdes_clk_delayed - Static -
| 13       | PHASER_OUT_PHY/OCLKDELAYED | PHASER_OUT_PHY_X0Y28 | PHASER_OUT_PHY_X0Y28/PHASER_OUT_PHY | X0Y7         |           2 |               0 |        1.875 | oserdes_clk_12 | design_1_i/mig_7series_0/u_design_1_mig_7series_0_3_mig/c1_u_memc_ui_top_axi/mem_intfc0/ddr_phy_top0/u_ddr_mc_phy_wrapper/u_ddr_mc_phy/ddr_phy_4lanes_0.u_ddr_phy_4lanes/ddr_byte_lane_A.ddr_byte_lane_A/phaser_out/OCLKDELAYED | design_1_i/mig_7series_0/u_design_1_mig_7series_0_3_mig/c1_u_memc_ui_top_axi/mem_intfc0/ddr_phy_top0/u_ddr_mc_phy_wrapper/u_ddr_mc_phy/ddr_phy_4lanes_0.u_ddr_phy_4lanes/ddr_byte_lane_A.ddr_byte_lane_A/oserdes_clk_delayed - Static -
| 14       | PHASER_OUT_PHY/OCLKDELAYED | PHASER_OUT_PHY_X0Y29 | PHASER_OUT_PHY_X0Y29/PHASER_OUT_PHY | X0Y7         |           2 |               0 |        1.875 | oserdes_clk_13 | design_1_i/mig_7series_0/u_design_1_mig_7series_0_3_mig/c1_u_memc_ui_top_axi/mem_intfc0/ddr_phy_top0/u_ddr_mc_phy_wrapper/u_ddr_mc_phy/ddr_phy_4lanes_0.u_ddr_phy_4lanes/ddr_byte_lane_B.ddr_byte_lane_B/phaser_out/OCLKDELAYED | design_1_i/mig_7series_0/u_design_1_mig_7series_0_3_mig/c1_u_memc_ui_top_axi/mem_intfc0/ddr_phy_top0/u_ddr_mc_phy_wrapper/u_ddr_mc_phy/ddr_phy_4lanes_0.u_ddr_phy_4lanes/ddr_byte_lane_B.ddr_byte_lane_B/oserdes_clk_delayed - Static -
| 15       | PHASER_OUT_PHY/OCLKDELAYED | PHASER_OUT_PHY_X0Y30 | PHASER_OUT_PHY_X0Y30/PHASER_OUT_PHY | X0Y7         |           2 |               0 |        1.875 | oserdes_clk_14 | design_1_i/mig_7series_0/u_design_1_mig_7series_0_3_mig/c1_u_memc_ui_top_axi/mem_intfc0/ddr_phy_top0/u_ddr_mc_phy_wrapper/u_ddr_mc_phy/ddr_phy_4lanes_0.u_ddr_phy_4lanes/ddr_byte_lane_C.ddr_byte_lane_C/phaser_out/OCLKDELAYED | design_1_i/mig_7series_0/u_design_1_mig_7series_0_3_mig/c1_u_memc_ui_top_axi/mem_intfc0/ddr_phy_top0/u_ddr_mc_phy_wrapper/u_ddr_mc_phy/ddr_phy_4lanes_0.u_ddr_phy_4lanes/ddr_byte_lane_C.ddr_byte_lane_C/oserdes_clk_delayed - Static -
| 16       | PHASER_OUT_PHY/OCLKDELAYED | PHASER_OUT_PHY_X0Y31 | PHASER_OUT_PHY_X0Y31/PHASER_OUT_PHY | X0Y7         |           2 |               0 |        1.875 | oserdes_clk_15 | design_1_i/mig_7series_0/u_design_1_mig_7series_0_3_mig/c1_u_memc_ui_top_axi/mem_intfc0/ddr_phy_top0/u_ddr_mc_phy_wrapper/u_ddr_mc_phy/ddr_phy_4lanes_0.u_ddr_phy_4lanes/ddr_byte_lane_D.ddr_byte_lane_D/phaser_out/OCLKDELAYED | design_1_i/mig_7series_0/u_design_1_mig_7series_0_3_mig/c1_u_memc_ui_top_axi/mem_intfc0/ddr_phy_top0/u_ddr_mc_phy_wrapper/u_ddr_mc_phy/ddr_phy_4lanes_0.u_ddr_phy_4lanes/ddr_byte_lane_D.ddr_byte_lane_D/oserdes_clk_delayed - Static -
| 17       | PHASER_OUT_PHY/OCLKDELAYED | PHASER_OUT_PHY_X0Y24 | PHASER_OUT_PHY_X0Y24/PHASER_OUT_PHY | X0Y6         |           2 |               0 |        1.875 | oserdes_clk_16 | design_1_i/mig_7series_0/u_design_1_mig_7series_0_3_mig/c1_u_memc_ui_top_axi/mem_intfc0/ddr_phy_top0/u_ddr_mc_phy_wrapper/u_ddr_mc_phy/ddr_phy_4lanes_1.u_ddr_phy_4lanes/ddr_byte_lane_A.ddr_byte_lane_A/phaser_out/OCLKDELAYED | design_1_i/mig_7series_0/u_design_1_mig_7series_0_3_mig/c1_u_memc_ui_top_axi/mem_intfc0/ddr_phy_top0/u_ddr_mc_phy_wrapper/u_ddr_mc_phy/ddr_phy_4lanes_1.u_ddr_phy_4lanes/ddr_byte_lane_A.ddr_byte_lane_A/oserdes_clk_delayed - Static -
| 18       | PHASER_OUT_PHY/OCLKDELAYED | PHASER_OUT_PHY_X0Y20 | PHASER_OUT_PHY_X0Y20/PHASER_OUT_PHY | X0Y5         |           2 |               0 |        1.875 | oserdes_clk_20 | design_1_i/mig_7series_0/u_design_1_mig_7series_0_3_mig/c1_u_memc_ui_top_axi/mem_intfc0/ddr_phy_top0/u_ddr_mc_phy_wrapper/u_ddr_mc_phy/ddr_phy_4lanes_2.u_ddr_phy_4lanes/ddr_byte_lane_A.ddr_byte_lane_A/phaser_out/OCLKDELAYED | design_1_i/mig_7series_0/u_design_1_mig_7series_0_3_mig/c1_u_memc_ui_top_axi/mem_intfc0/ddr_phy_top0/u_ddr_mc_phy_wrapper/u_ddr_mc_phy/ddr_phy_4lanes_2.u_ddr_phy_4lanes/ddr_byte_lane_A.ddr_byte_lane_A/oserdes_clk_delayed - Static -
| 19       | PHASER_OUT_PHY/OCLKDELAYED | PHASER_OUT_PHY_X0Y21 | PHASER_OUT_PHY_X0Y21/PHASER_OUT_PHY | X0Y5         |           2 |               0 |        1.875 | oserdes_clk_21 | design_1_i/mig_7series_0/u_design_1_mig_7series_0_3_mig/c1_u_memc_ui_top_axi/mem_intfc0/ddr_phy_top0/u_ddr_mc_phy_wrapper/u_ddr_mc_phy/ddr_phy_4lanes_2.u_ddr_phy_4lanes/ddr_byte_lane_B.ddr_byte_lane_B/phaser_out/OCLKDELAYED | design_1_i/mig_7series_0/u_design_1_mig_7series_0_3_mig/c1_u_memc_ui_top_axi/mem_intfc0/ddr_phy_top0/u_ddr_mc_phy_wrapper/u_ddr_mc_phy/ddr_phy_4lanes_2.u_ddr_phy_4lanes/ddr_byte_lane_B.ddr_byte_lane_B/oserdes_clk_delayed - Static -
| 20       | PHASER_OUT_PHY/OCLKDELAYED | PHASER_OUT_PHY_X0Y22 | PHASER_OUT_PHY_X0Y22/PHASER_OUT_PHY | X0Y5         |           2 |               0 |        1.875 | oserdes_clk_22 | design_1_i/mig_7series_0/u_design_1_mig_7series_0_3_mig/c1_u_memc_ui_top_axi/mem_intfc0/ddr_phy_top0/u_ddr_mc_phy_wrapper/u_ddr_mc_phy/ddr_phy_4lanes_2.u_ddr_phy_4lanes/ddr_byte_lane_C.ddr_byte_lane_C/phaser_out/OCLKDELAYED | design_1_i/mig_7series_0/u_design_1_mig_7series_0_3_mig/c1_u_memc_ui_top_axi/mem_intfc0/ddr_phy_top0/u_ddr_mc_phy_wrapper/u_ddr_mc_phy/ddr_phy_4lanes_2.u_ddr_phy_4lanes/ddr_byte_lane_C.ddr_byte_lane_C/oserdes_clk_delayed - Static -
| 21       | PHASER_OUT_PHY/OCLKDELAYED | PHASER_OUT_PHY_X0Y23 | PHASER_OUT_PHY_X0Y23/PHASER_OUT_PHY | X0Y5         |           2 |               0 |        1.875 | oserdes_clk_23 | design_1_i/mig_7series_0/u_design_1_mig_7series_0_3_mig/c1_u_memc_ui_top_axi/mem_intfc0/ddr_phy_top0/u_ddr_mc_phy_wrapper/u_ddr_mc_phy/ddr_phy_4lanes_2.u_ddr_phy_4lanes/ddr_byte_lane_D.ddr_byte_lane_D/phaser_out/OCLKDELAYED | design_1_i/mig_7series_0/u_design_1_mig_7series_0_3_mig/c1_u_memc_ui_top_axi/mem_intfc0/ddr_phy_top0/u_ddr_mc_phy_wrapper/u_ddr_mc_phy/ddr_phy_4lanes_2.u_ddr_phy_4lanes/ddr_byte_lane_D.ddr_byte_lane_D/oserdes_clk_delayed - Static -
+----------+----------------------------+----------------------+-------------------------------------+--------------+-------------+-----------------+--------------+----------------+---------------------------------------------------------------------------------------------------------------------------------------------------------------------------------------------------------------------------------+------------------------------------------------------------------------------------------------------------------------------------------------------------------------------------------------------------------------------||
* Local Clocks in this context represents only clocks driven by non-global buffers
** Clock Loads column represents the clock pin loads (pin count)
*** Non-Clock Loads column represents the non-clock pin loads (pin count)


5. Clock Regions: Key Resource Utilization
------------------------------------------

+-------------------+--------------+--------------+--------------+--------------+--------------+--------------+--------------+--------------+--------------+--------------+---------------+--------------+--------------+--------------+--------------+
|                   | Global Clock |     BUFRs    |    BUFMRs    |    BUFIOs    |     MMCM     |      PLL     |      GT      |      PCI     |    ILOGIC    |    OLOGIC    |       FF      |     LUTM     |    RAMB18    |    RAMB36    |    DSP48E2   |
+-------------------+------+-------+------+-------+------+-------+------+-------+------+-------+------+-------+------+-------+------+-------+------+-------+------+-------+-------+-------+------+-------+------+-------+------+-------+------+-------+
| Clock Region Name | Used | Avail | Used | Avail | Used | Avail | Used | Avail | Used | Avail | Used | Avail | Used | Avail | Used | Avail | Used | Avail | Used | Avail | Used  | Avail | Used | Avail | Used | Avail | Used | Avail | Used | Avail |
+-------------------+------+-------+------+-------+------+-------+------+-------+------+-------+------+-------+------+-------+------+-------+------+-------+------+-------+-------+-------+------+-------+------+-------+------+-------+------+-------+
| X0Y0              |    3 |    12 |    0 |     4 |    0 |     2 |    0 |     4 |    0 |     1 |    0 |     1 |    0 |     0 |    0 |     0 |    4 |    50 |    8 |    50 |    33 |  4600 |    3 |  1600 |    0 |   120 |    0 |    60 |    0 |   120 |
| X1Y0              |    0 |    12 |    0 |     0 |    0 |     0 |    0 |     0 |    0 |     0 |    0 |     0 |    0 |     4 |    0 |     0 |    0 |     0 |    0 |     0 |     0 |  4900 |    0 |  1800 |    0 |   120 |    0 |    60 |    0 |   120 |
| X0Y1              |    4 |    12 |    0 |     4 |    0 |     2 |    0 |     4 |    1 |     1 |    0 |     1 |    0 |     0 |    0 |     0 |    1 |    50 |    2 |    50 |  2094 |  4600 |  630 |  1600 |    0 |   120 |    0 |    60 |    0 |   120 |
| X1Y1              |    0 |    12 |    0 |     0 |    0 |     0 |    0 |     0 |    0 |     0 |    0 |     0 |    0 |     4 |    0 |     0 |    0 |     0 |    0 |     0 |     0 |  4900 |    0 |  1800 |    0 |   120 |    0 |    60 |    0 |   120 |
| X0Y2              |    5 |    12 |    0 |     4 |    0 |     2 |    0 |     4 |    0 |     1 |    0 |     1 |    0 |     0 |    0 |     0 |    4 |    50 |    8 |    50 |  6979 |  4600 | 1964 |  1600 |    0 |   120 |    0 |    60 |    0 |   120 |
| X1Y2              |    2 |    12 |    0 |     0 |    0 |     0 |    0 |     0 |    0 |     0 |    0 |     0 |    0 |     4 |    0 |     0 |    0 |     0 |    0 |     0 |   348 |  4900 |  134 |  1800 |    0 |   120 |    0 |    60 |    0 |   120 |
| X0Y3              |    5 |    12 |    0 |     4 |    0 |     2 |    0 |     4 |    1 |     1 |    0 |     1 |    0 |     0 |    0 |     0 |    0 |    50 |    0 |    50 | 11434 |  4000 | 4752 |  1600 |    0 |   120 |    0 |    60 |    0 |   120 |
| X1Y3              |    3 |    12 |    0 |     0 |    0 |     0 |    0 |     0 |    0 |     0 |    0 |     0 |    0 |     4 |    0 |     0 |    0 |     0 |    0 |     0 | 12241 |  4900 | 3933 |  1800 |    0 |   120 |    8 |    60 |    0 |   120 |
| X0Y4              |    4 |    12 |    0 |     4 |    0 |     2 |    0 |     4 |    0 |     1 |    0 |     1 |    0 |     0 |    0 |     0 |    0 |    50 |    0 |    50 |  9338 |  4000 | 4158 |  1600 |    0 |   120 |    0 |    60 |    0 |   120 |
| X1Y4              |    5 |    12 |    0 |     0 |    0 |     0 |    0 |     0 |    0 |     0 |    0 |     0 |    0 |     4 |    1 |     1 |    0 |     0 |    0 |     0 |  7223 |  4750 | 2646 |  1750 |    0 |   110 |   16 |    55 |    0 |   120 |
| X0Y5              |    3 |    12 |    0 |     4 |    0 |     2 |    0 |     4 |    0 |     1 |    0 |     1 |    0 |     0 |    0 |     0 |    4 |    50 |    8 |    50 |  7038 |  4600 | 2192 |  1600 |    0 |   120 |    0 |    60 |    0 |   120 |
| X1Y5              |    3 |    12 |    0 |     0 |    0 |     0 |    0 |     0 |    0 |     0 |    0 |     0 |    4 |     4 |    0 |     0 |    0 |     0 |    0 |     0 |  1590 |  4900 |  598 |  1800 |    0 |   120 |    0 |    60 |    0 |   120 |
| X0Y6              |    4 |    12 |    0 |     4 |    0 |     2 |    0 |     4 |    1 |     1 |    0 |     1 |    0 |     0 |    0 |     0 |    1 |    50 |    2 |    50 |  1786 |  4600 |  488 |  1600 |    0 |   120 |    0 |    60 |    0 |   120 |
| X1Y6              |    0 |    12 |    0 |     0 |    0 |     0 |    0 |     0 |    0 |     0 |    0 |     0 |    0 |     4 |    0 |     0 |    0 |     0 |    0 |     0 |     0 |  4900 |    0 |  1800 |    0 |   120 |    0 |    60 |    0 |   120 |
| X0Y7              |    3 |    12 |    0 |     4 |    0 |     2 |    0 |     4 |    0 |     1 |    0 |     1 |    0 |     0 |    0 |     0 |    4 |    50 |    8 |    50 |    44 |  4600 |   13 |  1600 |    0 |   120 |    0 |    60 |    0 |   120 |
| X1Y7              |    0 |    12 |    0 |     0 |    0 |     0 |    0 |     0 |    0 |     0 |    0 |     0 |    0 |     4 |    0 |     0 |    0 |     0 |    0 |     0 |     0 |  4900 |    0 |  1800 |    0 |   120 |    0 |    60 |    0 |   120 |
+-------------------+------+-------+------+-------+------+-------+------+-------+------+-------+------+-------+------+-------+------+-------+------+-------+------+-------+-------+-------+------+-------+------+-------+------+-------+------+-------+
* Global Clock column represents track count; while other columns represents cell counts


6. Clock Regions : Global Clock Summary
---------------------------------------

All Modules
+----+----+----+
|    | X0 | X1 |
+----+----+----+
| Y7 |  3 |  0 |
| Y6 |  4 |  0 |
| Y5 |  3 |  3 |
| Y4 |  4 |  5 |
| Y3 |  5 |  3 |
| Y2 |  5 |  2 |
| Y1 |  4 |  0 |
| Y0 |  3 |  0 |
+----+----+----+


7. Device Cell Placement Summary for Global Clock g0
----------------------------------------------------

+-----------+-----------------+-------------------+----------+-------------+---------------+-------------+----------+----------------+----------+-----------------------------------------------------------------------------------------------------------------------------------------------------------+
| Global Id | Driver Type/Pin | Driver Region (D) | Clock    | Period (ns) | Waveform (ns) | Slice Loads | IO Loads | Clocking Loads | GT Loads | Net                                                                                                                                                       |
+-----------+-----------------+-------------------+----------+-------------+---------------+-------------+----------+----------------+----------+-----------------------------------------------------------------------------------------------------------------------------------------------------------+
| g0        | BUFG/O          | n/a               | userclk1 |       4.000 | {0.000 2.000} |       30578 |        0 |              0 |        0 | design_1_i/xdma_0/inst/design_1_xdma_0_2_pcie2_to_pcie3_wrapper_i/pcie2_ip_i/U0/inst/gt_top_i/pipe_wrapper_i/pipe_clock_int.pipe_clock_i/INT_USERCLK1_OUT |
+-----------+-----------------+-------------------+----------+-------------+---------------+-------------+----------+----------------+----------+-----------------------------------------------------------------------------------------------------------------------------------------------------------+
* Slice Loads column represents load cell count of all cell types other than IO, GT and clock resources
** IO Loads column represents load cell count of IO types
*** Clocking Loads column represents load cell count that are clock resources (global clock buffer, MMCM, PLL, etc)
**** GT Loads column represents load cell count of GT types


+----+-------+--------+
|    | X0    | X1     |
+----+-------+--------+
| Y7 |     0 |      0 |
| Y6 |     0 |      0 |
| Y5 |     0 |      0 |
| Y4 |  4714 |   6985 |
| Y3 |  6255 |  12245 |
| Y2 |    68 |    311 |
| Y1 |     0 |      0 |
| Y0 |     0 |      0 |
+----+-------+--------+


8. Device Cell Placement Summary for Global Clock g1
----------------------------------------------------

+-----------+-----------------+-------------------+-------------+-------------+---------------+-------------+----------+----------------+----------+--------------------------------------------------------------------------------------+
| Global Id | Driver Type/Pin | Driver Region (D) | Clock       | Period (ns) | Waveform (ns) | Slice Loads | IO Loads | Clocking Loads | GT Loads | Net                                                                                  |
+-----------+-----------------+-------------------+-------------+-------------+---------------+-------------+----------+----------------+----------+--------------------------------------------------------------------------------------+
| g1        | BUFG/O          | n/a               | clk_pll_i_1 |       7.500 | {0.000 3.750} |       14602 |        0 |              1 |        0 | design_1_i/mig_7series_0/u_design_1_mig_7series_0_3_mig/c1_u_ddr3_infrastructure/CLK |
+-----------+-----------------+-------------------+-------------+-------------+---------------+-------------+----------+----------------+----------+--------------------------------------------------------------------------------------+
* Slice Loads column represents load cell count of all cell types other than IO, GT and clock resources
** IO Loads column represents load cell count of IO types
*** Clocking Loads column represents load cell count that are clock resources (global clock buffer, MMCM, PLL, etc)
**** GT Loads column represents load cell count of GT types


+----+-------+----+
|    | X0    | X1 |
+----+-------+----+
| Y7 |    94 |  0 |
| Y6 |  1805 |  0 |
| Y5 |  7097 |  0 |
| Y4 |  4918 |  6 |
| Y3 |   634 |  5 |
| Y2 |    44 |  0 |
| Y1 |     0 |  0 |
| Y0 |     0 |  0 |
+----+-------+----+


9. Device Cell Placement Summary for Global Clock g2
----------------------------------------------------

+-----------+-----------------+-------------------+-----------+-------------+---------------+-------------+----------+----------------+----------+--------------------------------------------------------------------------------------+
| Global Id | Driver Type/Pin | Driver Region (D) | Clock     | Period (ns) | Waveform (ns) | Slice Loads | IO Loads | Clocking Loads | GT Loads | Net                                                                                  |
+-----------+-----------------+-------------------+-----------+-------------+---------------+-------------+----------+----------------+----------+--------------------------------------------------------------------------------------+
| g2        | BUFG/O          | n/a               | clk_pll_i |       7.500 | {0.000 3.750} |       14568 |        0 |              1 |        0 | design_1_i/mig_7series_0/u_design_1_mig_7series_0_3_mig/c0_u_ddr3_infrastructure/CLK |
+-----------+-----------------+-------------------+-----------+-------------+---------------+-------------+----------+----------------+----------+--------------------------------------------------------------------------------------+
* Slice Loads column represents load cell count of all cell types other than IO, GT and clock resources
** IO Loads column represents load cell count of IO types
*** Clocking Loads column represents load cell count that are clock resources (global clock buffer, MMCM, PLL, etc)
**** GT Loads column represents load cell count of GT types


+----+-------+-----+
|    | X0    | X1  |
+----+-------+-----+
| Y7 |     0 |   0 |
| Y6 |     0 |   0 |
| Y5 |     0 |   0 |
| Y4 |   307 |   2 |
| Y3 |  5098 |   3 |
| Y2 |  6930 |  37 |
| Y1 |  2109 |   0 |
| Y0 |    83 |   0 |
+----+-------+-----+


10. Device Cell Placement Summary for Global Clock g3
-----------------------------------------------------

+-----------+-----------------+-------------------+----------+-------------+---------------+-------------+----------+----------------+----------+---------------------------------------------------------------------------------------------------------------------------------------------------------+
| Global Id | Driver Type/Pin | Driver Region (D) | Clock    | Period (ns) | Waveform (ns) | Slice Loads | IO Loads | Clocking Loads | GT Loads | Net                                                                                                                                                     |
+-----------+-----------------+-------------------+----------+-------------+---------------+-------------+----------+----------------+----------+---------------------------------------------------------------------------------------------------------------------------------------------------------+
| g3        | BUFGCTRL/O      | n/a               | Multiple |       8.000 | {0.000 4.000} |        1463 |        0 |              0 |        4 | design_1_i/xdma_0/inst/design_1_xdma_0_2_pcie2_to_pcie3_wrapper_i/pcie2_ip_i/U0/inst/gt_top_i/pipe_wrapper_i/pipe_clock_int.pipe_clock_i/pclk_sel_reg_0 |
+-----------+-----------------+-------------------+----------+-------------+---------------+-------------+----------+----------------+----------+---------------------------------------------------------------------------------------------------------------------------------------------------------+
* Slice Loads column represents load cell count of all cell types other than IO, GT and clock resources
** IO Loads column represents load cell count of IO types
*** Clocking Loads column represents load cell count that are clock resources (global clock buffer, MMCM, PLL, etc)
**** GT Loads column represents load cell count of GT types


+----+----+-------+
|    | X0 | X1    |
+----+----+-------+
| Y7 |  0 |     0 |
| Y6 |  0 |     0 |
| Y5 |  0 |  1224 |
| Y4 |  0 |   243 |
| Y3 |  0 |     0 |
| Y2 |  0 |     0 |
| Y1 |  0 |     0 |
| Y0 |  0 |     0 |
+----+----+-------+


11. Device Cell Placement Summary for Global Clock g4
-----------------------------------------------------

+-----------+-----------------+-------------------+-----------------+-------------+---------------+-------------+----------+----------------+----------+----------------------------------------------------------------------------------------------------------------------------------------------+
| Global Id | Driver Type/Pin | Driver Region (D) | Clock           | Period (ns) | Waveform (ns) | Slice Loads | IO Loads | Clocking Loads | GT Loads | Net                                                                                                                                          |
+-----------+-----------------+-------------------+-----------------+-------------+---------------+-------------+----------+----------------+----------+----------------------------------------------------------------------------------------------------------------------------------------------+
| g4        | BUFG/O          | n/a               | clk_125mhz_x0y0 |       8.000 | {0.000 4.000} |         392 |        0 |              0 |        5 | design_1_i/xdma_0/inst/design_1_xdma_0_2_pcie2_to_pcie3_wrapper_i/pcie2_ip_i/U0/inst/gt_top_i/pipe_wrapper_i/pipe_clock_int.pipe_clock_i/CLK |
+-----------+-----------------+-------------------+-----------------+-------------+---------------+-------------+----------+----------------+----------+----------------------------------------------------------------------------------------------------------------------------------------------+
* Slice Loads column represents load cell count of all cell types other than IO, GT and clock resources
** IO Loads column represents load cell count of IO types
*** Clocking Loads column represents load cell count that are clock resources (global clock buffer, MMCM, PLL, etc)
**** GT Loads column represents load cell count of GT types


+----+----+------+
|    | X0 | X1   |
+----+----+------+
| Y7 |  0 |    0 |
| Y6 |  0 |    0 |
| Y5 |  0 |  367 |
| Y4 |  0 |   30 |
| Y3 |  0 |    0 |
| Y2 |  0 |    0 |
| Y1 |  0 |    0 |
| Y0 |  0 |    0 |
+----+----+------+


12. Device Cell Placement Summary for Global Clock g5
-----------------------------------------------------

+-----------+-----------------+-------------------+----------------------+-------------+---------------+-------------+----------+----------------+----------+----------------------------------------------------------------------------+
| Global Id | Driver Type/Pin | Driver Region (D) | Clock                | Period (ns) | Waveform (ns) | Slice Loads | IO Loads | Clocking Loads | GT Loads | Net                                                                        |
+-----------+-----------------+-------------------+----------------------+-------------+---------------+-------------+----------+----------------+----------+----------------------------------------------------------------------------+
| g5        | BUFG/O          | n/a               | sys_diff_clock_clk_p |       5.000 | {0.000 2.500} |          67 |        0 |              0 |        0 | design_1_i/mig_7series_0/u_design_1_mig_7series_0_3_mig/u_iodelay_ctrl/CLK |
+-----------+-----------------+-------------------+----------------------+-------------+---------------+-------------+----------+----------------+----------+----------------------------------------------------------------------------+
* Slice Loads column represents load cell count of all cell types other than IO, GT and clock resources
** IO Loads column represents load cell count of IO types
*** Clocking Loads column represents load cell count that are clock resources (global clock buffer, MMCM, PLL, etc)
**** GT Loads column represents load cell count of GT types


+----+-----+----+
|    | X0  | X1 |
+----+-----+----+
| Y7 |   1 |  0 |
| Y6 |   1 |  0 |
| Y5 |   1 |  0 |
| Y4 |  46 |  0 |
| Y3 |  15 |  0 |
| Y2 |   1 |  0 |
| Y1 |   1 |  0 |
| Y0 |   1 |  0 |
+----+-----+----+


13. Device Cell Placement Summary for Global Clock g6
-----------------------------------------------------

+-----------+-----------------+-------------------+-------+-------------+---------------+-------------+----------+----------------+----------+------------------------------------------------------------------------------------------------------------------------------+
| Global Id | Driver Type/Pin | Driver Region (D) | Clock | Period (ns) | Waveform (ns) | Slice Loads | IO Loads | Clocking Loads | GT Loads | Net                                                                                                                          |
+-----------+-----------------+-------------------+-------+-------------+---------------+-------------+----------+----------------+----------+------------------------------------------------------------------------------------------------------------------------------+
| g6        | BUFG/O          | n/a               |       |             |               |          36 |        0 |              0 |        0 | design_1_i/xdma_0/inst/design_1_xdma_0_2_pcie2_to_pcie3_wrapper_i/pcie2_ip_i/U0/inst/gt_top_i/pipe_wrapper_i/gt_cpllpdrefclk |
+-----------+-----------------+-------------------+-------+-------------+---------------+-------------+----------+----------------+----------+------------------------------------------------------------------------------------------------------------------------------+
* Slice Loads column represents load cell count of all cell types other than IO, GT and clock resources
** IO Loads column represents load cell count of IO types
*** Clocking Loads column represents load cell count that are clock resources (global clock buffer, MMCM, PLL, etc)
**** GT Loads column represents load cell count of GT types


+----+----+-----+
|    | X0 | X1  |
+----+----+-----+
| Y7 |  0 |   0 |
| Y6 |  0 |   0 |
| Y5 |  0 |  36 |
| Y4 |  0 |   0 |
| Y3 |  0 |   0 |
| Y2 |  0 |   0 |
| Y1 |  0 |   0 |
| Y0 |  0 |   0 |
+----+----+-----+


14. Device Cell Placement Summary for Global Clock g7
-----------------------------------------------------

+-----------+-----------------+-------------------+---------------------+-------------+---------------+-------------+----------+----------------+----------+-------------------------------------------------------------------------------------------------+
| Global Id | Driver Type/Pin | Driver Region (D) | Clock               | Period (ns) | Waveform (ns) | Slice Loads | IO Loads | Clocking Loads | GT Loads | Net                                                                                             |
+-----------+-----------------+-------------------+---------------------+-------------+---------------+-------------+----------+----------------+----------+-------------------------------------------------------------------------------------------------+
| g7        | BUFG/O          | n/a               | mmcm_ps_clk_bufg_in |      15.000 | {0.000 7.500} |          23 |        0 |              0 |        0 | design_1_i/mig_7series_0/u_design_1_mig_7series_0_3_mig/c0_u_ddr3_infrastructure/c0_mmcm_ps_clk |
+-----------+-----------------+-------------------+---------------------+-------------+---------------+-------------+----------+----------------+----------+-------------------------------------------------------------------------------------------------+
* Slice Loads column represents load cell count of all cell types other than IO, GT and clock resources
** IO Loads column represents load cell count of IO types
*** Clocking Loads column represents load cell count that are clock resources (global clock buffer, MMCM, PLL, etc)
**** GT Loads column represents load cell count of GT types


+----+-----+----+
|    | X0  | X1 |
+----+-----+----+
| Y7 |   0 |  0 |
| Y6 |   0 |  0 |
| Y5 |   0 |  0 |
| Y4 |   0 |  0 |
| Y3 |   0 |  0 |
| Y2 |   4 |  0 |
| Y1 |  15 |  0 |
| Y0 |   4 |  0 |
+----+-----+----+


15. Device Cell Placement Summary for Global Clock g8
-----------------------------------------------------

+-----------+-----------------+-------------------+-----------------------+-------------+---------------+-------------+----------+----------------+----------+-------------------------------------------------------------------------------------------------+
| Global Id | Driver Type/Pin | Driver Region (D) | Clock                 | Period (ns) | Waveform (ns) | Slice Loads | IO Loads | Clocking Loads | GT Loads | Net                                                                                             |
+-----------+-----------------+-------------------+-----------------------+-------------+---------------+-------------+----------+----------------+----------+-------------------------------------------------------------------------------------------------+
| g8        | BUFG/O          | n/a               | mmcm_ps_clk_bufg_in_1 |      15.000 | {0.000 7.500} |          23 |        0 |              0 |        0 | design_1_i/mig_7series_0/u_design_1_mig_7series_0_3_mig/c1_u_ddr3_infrastructure/c1_mmcm_ps_clk |
+-----------+-----------------+-------------------+-----------------------+-------------+---------------+-------------+----------+----------------+----------+-------------------------------------------------------------------------------------------------+
* Slice Loads column represents load cell count of all cell types other than IO, GT and clock resources
** IO Loads column represents load cell count of IO types
*** Clocking Loads column represents load cell count that are clock resources (global clock buffer, MMCM, PLL, etc)
**** GT Loads column represents load cell count of GT types


+----+-----+----+
|    | X0  | X1 |
+----+-----+----+
| Y7 |   4 |  0 |
| Y6 |  15 |  0 |
| Y5 |   4 |  0 |
| Y4 |   0 |  0 |
| Y3 |   0 |  0 |
| Y2 |   0 |  0 |
| Y1 |   0 |  0 |
| Y0 |   0 |  0 |
+----+-----+----+


16. Device Cell Placement Summary for Global Clock g9
-----------------------------------------------------

+-----------+-----------------+-------------------+--------------+-------------+---------------+-------------+----------+----------------+----------+-------------------------------------------------------------------------------------------+
| Global Id | Driver Type/Pin | Driver Region (D) | Clock        | Period (ns) | Waveform (ns) | Slice Loads | IO Loads | Clocking Loads | GT Loads | Net                                                                                       |
+-----------+-----------------+-------------------+--------------+-------------+---------------+-------------+----------+----------------+----------+-------------------------------------------------------------------------------------------+
| g9        | BUFH/O          | X0Y1              | pll_clk3_out |       7.500 | {0.000 3.750} |           0 |        0 |              1 |        0 | design_1_i/mig_7series_0/u_design_1_mig_7series_0_3_mig/c0_u_ddr3_infrastructure/pll_clk3 |
+-----------+-----------------+-------------------+--------------+-------------+---------------+-------------+----------+----------------+----------+-------------------------------------------------------------------------------------------+
* Slice Loads column represents load cell count of all cell types other than IO, GT and clock resources
** IO Loads column represents load cell count of IO types
*** Clocking Loads column represents load cell count that are clock resources (global clock buffer, MMCM, PLL, etc)
**** GT Loads column represents load cell count of GT types


+----+--------+----+
|    | X0     | X1 |
+----+--------+----+
| Y7 |      0 |  0 |
| Y6 |      0 |  0 |
| Y5 |      0 |  0 |
| Y4 |      0 |  0 |
| Y3 |      0 |  0 |
| Y2 |      0 |  0 |
| Y1 |  (D) 1 |  0 |
| Y0 |      0 |  0 |
+----+--------+----+


17. Device Cell Placement Summary for Global Clock g10
------------------------------------------------------

+-----------+-----------------+-------------------+----------------+-------------+---------------+-------------+----------+----------------+----------+-------------------------------------------------------------------------------------------+
| Global Id | Driver Type/Pin | Driver Region (D) | Clock          | Period (ns) | Waveform (ns) | Slice Loads | IO Loads | Clocking Loads | GT Loads | Net                                                                                       |
+-----------+-----------------+-------------------+----------------+-------------+---------------+-------------+----------+----------------+----------+-------------------------------------------------------------------------------------------+
| g10       | BUFH/O          | X0Y6              | pll_clk3_out_1 |       7.500 | {0.000 3.750} |           0 |        0 |              1 |        0 | design_1_i/mig_7series_0/u_design_1_mig_7series_0_3_mig/c1_u_ddr3_infrastructure/pll_clk3 |
+-----------+-----------------+-------------------+----------------+-------------+---------------+-------------+----------+----------------+----------+-------------------------------------------------------------------------------------------+
* Slice Loads column represents load cell count of all cell types other than IO, GT and clock resources
** IO Loads column represents load cell count of IO types
*** Clocking Loads column represents load cell count that are clock resources (global clock buffer, MMCM, PLL, etc)
**** GT Loads column represents load cell count of GT types


+----+--------+----+
|    | X0     | X1 |
+----+--------+----+
| Y7 |      0 |  0 |
| Y6 |  (D) 1 |  0 |
| Y5 |      0 |  0 |
| Y4 |      0 |  0 |
| Y3 |      0 |  0 |
| Y2 |      0 |  0 |
| Y1 |      0 |  0 |
| Y0 |      0 |  0 |
+----+--------+----+


18. Device Cell Placement Summary for Global Clock g11
------------------------------------------------------

+-----------+-----------------+-------------------+---------------+-------------+---------------+-------------+----------+----------------+----------+-------------------------------------------------------------------------------------------------------------------------------------------------+
| Global Id | Driver Type/Pin | Driver Region (D) | Clock         | Period (ns) | Waveform (ns) | Slice Loads | IO Loads | Clocking Loads | GT Loads | Net                                                                                                                                             |
+-----------+-----------------+-------------------+---------------+-------------+---------------+-------------+----------+----------------+----------+-------------------------------------------------------------------------------------------------------------------------------------------------+
| g11       | BUFG/O          | n/a               | txoutclk_x0y0 |      10.000 | {0.000 5.000} |           0 |        0 |              1 |        0 | design_1_i/xdma_0/inst/design_1_xdma_0_2_pcie2_to_pcie3_wrapper_i/pcie2_ip_i/U0/inst/gt_top_i/pipe_wrapper_i/pipe_clock_int.pipe_clock_i/refclk |
+-----------+-----------------+-------------------+---------------+-------------+---------------+-------------+----------+----------------+----------+-------------------------------------------------------------------------------------------------------------------------------------------------+
* Slice Loads column represents load cell count of all cell types other than IO, GT and clock resources
** IO Loads column represents load cell count of IO types
*** Clocking Loads column represents load cell count that are clock resources (global clock buffer, MMCM, PLL, etc)
**** GT Loads column represents load cell count of GT types


+----+----+----+
|    | X0 | X1 |
+----+----+----+
| Y7 |  0 |  0 |
| Y6 |  0 |  0 |
| Y5 |  0 |  0 |
| Y4 |  0 |  0 |
| Y3 |  1 |  0 |
| Y2 |  0 |  0 |
| Y1 |  0 |  0 |
| Y0 |  0 |  0 |
+----+----+----+


19. Clock Region Cell Placement per Global Clock: Region X0Y0
-------------------------------------------------------------

+-----------+-------+-----------------+------------+-------------+-----------------+----+--------+------+-----+----+------+-----+---------+-------------------------------------------------------------------------------------------------+
| Global Id | Track | Driver Type/Pin | Constraint | Clock Loads | Non-Clock Loads | FF | LUTRAM | RAMB | DSP | GT | MMCM | PLL | Hard IP | Net                                                                                             |
+-----------+-------+-----------------+------------+-------------+-----------------+----+--------+------+-----+----+------+-----+---------+-------------------------------------------------------------------------------------------------+
| g2        | n/a   | BUFG/O          | None       |          83 |               0 | 33 |      1 |    0 |   0 |  0 |    0 |   0 |       0 | design_1_i/mig_7series_0/u_design_1_mig_7series_0_3_mig/c0_u_ddr3_infrastructure/CLK            |
| g5        | n/a   | BUFG/O          | None       |           1 |               0 |  0 |      0 |    0 |   0 |  0 |    0 |   0 |       0 | design_1_i/mig_7series_0/u_design_1_mig_7series_0_3_mig/u_iodelay_ctrl/CLK                      |
| g7        | n/a   | BUFG/O          | None       |           4 |               0 |  0 |      0 |    0 |   0 |  0 |    0 |   0 |       0 | design_1_i/mig_7series_0/u_design_1_mig_7series_0_3_mig/c0_u_ddr3_infrastructure/c0_mmcm_ps_clk |
+-----------+-------+-----------------+------------+-------------+-----------------+----+--------+------+-----+----+------+-----+---------+-------------------------------------------------------------------------------------------------+
* Clock Loads column represents the clock pin loads (pin count)
** Non-Clock Loads column represents the non-clock pin loads (pin count)
*** Columns FF, LUTRAM, RAMB through 'Hard IP' represents load cell counts


20. Clock Region Cell Placement per Global Clock: Region X0Y1
-------------------------------------------------------------

+-----------+-------+-----------------+------------+-------------+-----------------+------+--------+------+-----+----+------+-----+---------+-------------------------------------------------------------------------------------------------+
| Global Id | Track | Driver Type/Pin | Constraint | Clock Loads | Non-Clock Loads | FF   | LUTRAM | RAMB | DSP | GT | MMCM | PLL | Hard IP | Net                                                                                             |
+-----------+-------+-----------------+------------+-------------+-----------------+------+--------+------+-----+----+------+-----+---------+-------------------------------------------------------------------------------------------------+
| g2        | n/a   | BUFG/O          | None       |        2109 |               0 | 2080 |      9 |    0 |   0 |  0 |    1 |   0 |       0 | design_1_i/mig_7series_0/u_design_1_mig_7series_0_3_mig/c0_u_ddr3_infrastructure/CLK            |
| g5        | n/a   | BUFG/O          | None       |           1 |               0 |    0 |      0 |    0 |   0 |  0 |    0 |   0 |       0 | design_1_i/mig_7series_0/u_design_1_mig_7series_0_3_mig/u_iodelay_ctrl/CLK                      |
| g7        | n/a   | BUFG/O          | None       |          15 |               0 |   14 |      0 |    0 |   0 |  0 |    0 |   0 |       0 | design_1_i/mig_7series_0/u_design_1_mig_7series_0_3_mig/c0_u_ddr3_infrastructure/c0_mmcm_ps_clk |
| g9        | n/a   | BUFH/O          | None       |           1 |               0 |    0 |      0 |    0 |   0 |  0 |    1 |   0 |       0 | design_1_i/mig_7series_0/u_design_1_mig_7series_0_3_mig/c0_u_ddr3_infrastructure/pll_clk3       |
+-----------+-------+-----------------+------------+-------------+-----------------+------+--------+------+-----+----+------+-----+---------+-------------------------------------------------------------------------------------------------+
* Clock Loads column represents the clock pin loads (pin count)
** Non-Clock Loads column represents the non-clock pin loads (pin count)
*** Columns FF, LUTRAM, RAMB through 'Hard IP' represents load cell counts


21. Clock Region Cell Placement per Global Clock: Region X0Y2
-------------------------------------------------------------

+-----------+-------+-----------------+------------+-------------+-----------------+------+--------+------+-----+----+------+-----+---------+-----------------------------------------------------------------------------------------------------------------------------------------------------------+
| Global Id | Track | Driver Type/Pin | Constraint | Clock Loads | Non-Clock Loads | FF   | LUTRAM | RAMB | DSP | GT | MMCM | PLL | Hard IP | Net                                                                                                                                                       |
+-----------+-------+-----------------+------------+-------------+-----------------+------+--------+------+-----+----+------+-----+---------+-----------------------------------------------------------------------------------------------------------------------------------------------------------+
| g0        | n/a   | BUFG/O          | None       |          68 |               0 |   68 |      0 |    0 |   0 |  0 |    0 |   0 |       0 | design_1_i/xdma_0/inst/design_1_xdma_0_2_pcie2_to_pcie3_wrapper_i/pcie2_ip_i/U0/inst/gt_top_i/pipe_wrapper_i/pipe_clock_int.pipe_clock_i/INT_USERCLK1_OUT |
| g1        | n/a   | BUFG/O          | None       |          44 |               0 |   44 |      0 |    0 |   0 |  0 |    0 |   0 |       0 | design_1_i/mig_7series_0/u_design_1_mig_7series_0_3_mig/c1_u_ddr3_infrastructure/CLK                                                                      |
| g2        | n/a   | BUFG/O          | None       |        6930 |               0 | 6867 |     14 |    0 |   0 |  0 |    0 |   0 |       0 | design_1_i/mig_7series_0/u_design_1_mig_7series_0_3_mig/c0_u_ddr3_infrastructure/CLK                                                                      |
| g5        | n/a   | BUFG/O          | None       |           1 |               0 |    0 |      0 |    0 |   0 |  0 |    0 |   0 |       0 | design_1_i/mig_7series_0/u_design_1_mig_7series_0_3_mig/u_iodelay_ctrl/CLK                                                                                |
| g7        | n/a   | BUFG/O          | None       |           4 |               0 |    0 |      0 |    0 |   0 |  0 |    0 |   0 |       0 | design_1_i/mig_7series_0/u_design_1_mig_7series_0_3_mig/c0_u_ddr3_infrastructure/c0_mmcm_ps_clk                                                           |
+-----------+-------+-----------------+------------+-------------+-----------------+------+--------+------+-----+----+------+-----+---------+-----------------------------------------------------------------------------------------------------------------------------------------------------------+
* Clock Loads column represents the clock pin loads (pin count)
** Non-Clock Loads column represents the non-clock pin loads (pin count)
*** Columns FF, LUTRAM, RAMB through 'Hard IP' represents load cell counts


22. Clock Region Cell Placement per Global Clock: Region X1Y2
-------------------------------------------------------------

+-----------+-------+-----------------+------------+-------------+-----------------+-----+--------+------+-----+----+------+-----+---------+-----------------------------------------------------------------------------------------------------------------------------------------------------------+
| Global Id | Track | Driver Type/Pin | Constraint | Clock Loads | Non-Clock Loads | FF  | LUTRAM | RAMB | DSP | GT | MMCM | PLL | Hard IP | Net                                                                                                                                                       |
+-----------+-------+-----------------+------------+-------------+-----------------+-----+--------+------+-----+----+------+-----+---------+-----------------------------------------------------------------------------------------------------------------------------------------------------------+
| g0        | n/a   | BUFG/O          | None       |         311 |               0 | 311 |      0 |    0 |   0 |  0 |    0 |   0 |       0 | design_1_i/xdma_0/inst/design_1_xdma_0_2_pcie2_to_pcie3_wrapper_i/pcie2_ip_i/U0/inst/gt_top_i/pipe_wrapper_i/pipe_clock_int.pipe_clock_i/INT_USERCLK1_OUT |
| g2        | n/a   | BUFG/O          | None       |          37 |               0 |  37 |      0 |    0 |   0 |  0 |    0 |   0 |       0 | design_1_i/mig_7series_0/u_design_1_mig_7series_0_3_mig/c0_u_ddr3_infrastructure/CLK                                                                      |
+-----------+-------+-----------------+------------+-------------+-----------------+-----+--------+------+-----+----+------+-----+---------+-----------------------------------------------------------------------------------------------------------------------------------------------------------+
* Clock Loads column represents the clock pin loads (pin count)
** Non-Clock Loads column represents the non-clock pin loads (pin count)
*** Columns FF, LUTRAM, RAMB through 'Hard IP' represents load cell counts


23. Clock Region Cell Placement per Global Clock: Region X0Y3
-------------------------------------------------------------

+-----------+-------+-----------------+------------+-------------+-----------------+------+--------+------+-----+----+------+-----+---------+-----------------------------------------------------------------------------------------------------------------------------------------------------------+
| Global Id | Track | Driver Type/Pin | Constraint | Clock Loads | Non-Clock Loads | FF   | LUTRAM | RAMB | DSP | GT | MMCM | PLL | Hard IP | Net                                                                                                                                                       |
+-----------+-------+-----------------+------------+-------------+-----------------+------+--------+------+-----+----+------+-----+---------+-----------------------------------------------------------------------------------------------------------------------------------------------------------+
| g0        | n/a   | BUFG/O          | None       |        6255 |               0 | 6224 |     31 |    0 |   0 |  0 |    0 |   0 |       0 | design_1_i/xdma_0/inst/design_1_xdma_0_2_pcie2_to_pcie3_wrapper_i/pcie2_ip_i/U0/inst/gt_top_i/pipe_wrapper_i/pipe_clock_int.pipe_clock_i/INT_USERCLK1_OUT |
| g1        | n/a   | BUFG/O          | None       |         634 |               0 |  630 |      4 |    0 |   0 |  0 |    0 |   0 |       0 | design_1_i/mig_7series_0/u_design_1_mig_7series_0_3_mig/c1_u_ddr3_infrastructure/CLK                                                                      |
| g2        | n/a   | BUFG/O          | None       |        5098 |               0 | 4565 |    533 |    0 |   0 |  0 |    0 |   0 |       0 | design_1_i/mig_7series_0/u_design_1_mig_7series_0_3_mig/c0_u_ddr3_infrastructure/CLK                                                                      |
| g5        | n/a   | BUFG/O          | None       |          15 |               0 |   15 |      0 |    0 |   0 |  0 |    0 |   0 |       0 | design_1_i/mig_7series_0/u_design_1_mig_7series_0_3_mig/u_iodelay_ctrl/CLK                                                                                |
| g11       | n/a   | BUFG/O          | None       |           1 |               0 |    0 |      0 |    0 |   0 |  0 |    1 |   0 |       0 | design_1_i/xdma_0/inst/design_1_xdma_0_2_pcie2_to_pcie3_wrapper_i/pcie2_ip_i/U0/inst/gt_top_i/pipe_wrapper_i/pipe_clock_int.pipe_clock_i/refclk           |
+-----------+-------+-----------------+------------+-------------+-----------------+------+--------+------+-----+----+------+-----+---------+-----------------------------------------------------------------------------------------------------------------------------------------------------------+
* Clock Loads column represents the clock pin loads (pin count)
** Non-Clock Loads column represents the non-clock pin loads (pin count)
*** Columns FF, LUTRAM, RAMB through 'Hard IP' represents load cell counts


24. Clock Region Cell Placement per Global Clock: Region X1Y3
-------------------------------------------------------------

+-----------+-------+-----------------+------------+-------------+-----------------+-------+--------+------+-----+----+------+-----+---------+-----------------------------------------------------------------------------------------------------------------------------------------------------------+
| Global Id | Track | Driver Type/Pin | Constraint | Clock Loads | Non-Clock Loads | FF    | LUTRAM | RAMB | DSP | GT | MMCM | PLL | Hard IP | Net                                                                                                                                                       |
+-----------+-------+-----------------+------------+-------------+-----------------+-------+--------+------+-----+----+------+-----+---------+-----------------------------------------------------------------------------------------------------------------------------------------------------------+
| g0        | n/a   | BUFG/O          | None       |       12245 |               0 | 12233 |      4 |    8 |   0 |  0 |    0 |   0 |       0 | design_1_i/xdma_0/inst/design_1_xdma_0_2_pcie2_to_pcie3_wrapper_i/pcie2_ip_i/U0/inst/gt_top_i/pipe_wrapper_i/pipe_clock_int.pipe_clock_i/INT_USERCLK1_OUT |
| g1        | n/a   | BUFG/O          | None       |           5 |               0 |     5 |      0 |    0 |   0 |  0 |    0 |   0 |       0 | design_1_i/mig_7series_0/u_design_1_mig_7series_0_3_mig/c1_u_ddr3_infrastructure/CLK                                                                      |
| g2        | n/a   | BUFG/O          | None       |           3 |               0 |     3 |      0 |    0 |   0 |  0 |    0 |   0 |       0 | design_1_i/mig_7series_0/u_design_1_mig_7series_0_3_mig/c0_u_ddr3_infrastructure/CLK                                                                      |
+-----------+-------+-----------------+------------+-------------+-----------------+-------+--------+------+-----+----+------+-----+---------+-----------------------------------------------------------------------------------------------------------------------------------------------------------+
* Clock Loads column represents the clock pin loads (pin count)
** Non-Clock Loads column represents the non-clock pin loads (pin count)
*** Columns FF, LUTRAM, RAMB through 'Hard IP' represents load cell counts


25. Clock Region Cell Placement per Global Clock: Region X0Y4
-------------------------------------------------------------

+-----------+-------+-----------------+------------+-------------+-----------------+------+--------+------+-----+----+------+-----+---------+-----------------------------------------------------------------------------------------------------------------------------------------------------------+
| Global Id | Track | Driver Type/Pin | Constraint | Clock Loads | Non-Clock Loads | FF   | LUTRAM | RAMB | DSP | GT | MMCM | PLL | Hard IP | Net                                                                                                                                                       |
+-----------+-------+-----------------+------------+-------------+-----------------+------+--------+------+-----+----+------+-----+---------+-----------------------------------------------------------------------------------------------------------------------------------------------------------+
| g0        | n/a   | BUFG/O          | None       |        4714 |               0 | 4598 |    116 |    0 |   0 |  0 |    0 |   0 |       0 | design_1_i/xdma_0/inst/design_1_xdma_0_2_pcie2_to_pcie3_wrapper_i/pcie2_ip_i/U0/inst/gt_top_i/pipe_wrapper_i/pipe_clock_int.pipe_clock_i/INT_USERCLK1_OUT |
| g1        | n/a   | BUFG/O          | None       |        4918 |               0 | 4388 |    530 |    0 |   0 |  0 |    0 |   0 |       0 | design_1_i/mig_7series_0/u_design_1_mig_7series_0_3_mig/c1_u_ddr3_infrastructure/CLK                                                                      |
| g2        | n/a   | BUFG/O          | None       |         307 |               0 |  307 |      0 |    0 |   0 |  0 |    0 |   0 |       0 | design_1_i/mig_7series_0/u_design_1_mig_7series_0_3_mig/c0_u_ddr3_infrastructure/CLK                                                                      |
| g5        | n/a   | BUFG/O          | None       |          46 |               0 |   45 |      0 |    0 |   0 |  0 |    0 |   0 |       0 | design_1_i/mig_7series_0/u_design_1_mig_7series_0_3_mig/u_iodelay_ctrl/CLK                                                                                |
+-----------+-------+-----------------+------------+-------------+-----------------+------+--------+------+-----+----+------+-----+---------+-----------------------------------------------------------------------------------------------------------------------------------------------------------+
* Clock Loads column represents the clock pin loads (pin count)
** Non-Clock Loads column represents the non-clock pin loads (pin count)
*** Columns FF, LUTRAM, RAMB through 'Hard IP' represents load cell counts


26. Clock Region Cell Placement per Global Clock: Region X1Y4
-------------------------------------------------------------

+-----------+-------+-----------------+------------+-------------+-----------------+------+--------+------+-----+----+------+-----+---------+-----------------------------------------------------------------------------------------------------------------------------------------------------------+
| Global Id | Track | Driver Type/Pin | Constraint | Clock Loads | Non-Clock Loads | FF   | LUTRAM | RAMB | DSP | GT | MMCM | PLL | Hard IP | Net                                                                                                                                                       |
+-----------+-------+-----------------+------------+-------------+-----------------+------+--------+------+-----+----+------+-----+---------+-----------------------------------------------------------------------------------------------------------------------------------------------------------+
| g0        | n/a   | BUFG/O          | None       |        6985 |               0 | 6949 |     18 |   16 |   0 |  0 |    0 |   0 |       1 | design_1_i/xdma_0/inst/design_1_xdma_0_2_pcie2_to_pcie3_wrapper_i/pcie2_ip_i/U0/inst/gt_top_i/pipe_wrapper_i/pipe_clock_int.pipe_clock_i/INT_USERCLK1_OUT |
| g1        | n/a   | BUFG/O          | None       |           6 |               0 |    6 |      0 |    0 |   0 |  0 |    0 |   0 |       0 | design_1_i/mig_7series_0/u_design_1_mig_7series_0_3_mig/c1_u_ddr3_infrastructure/CLK                                                                      |
| g2        | n/a   | BUFG/O          | None       |           2 |               0 |    2 |      0 |    0 |   0 |  0 |    0 |   0 |       0 | design_1_i/mig_7series_0/u_design_1_mig_7series_0_3_mig/c0_u_ddr3_infrastructure/CLK                                                                      |
| g3        | n/a   | BUFGCTRL/O      | None       |         243 |               0 |  236 |      6 |    0 |   0 |  0 |    0 |   0 |       1 | design_1_i/xdma_0/inst/design_1_xdma_0_2_pcie2_to_pcie3_wrapper_i/pcie2_ip_i/U0/inst/gt_top_i/pipe_wrapper_i/pipe_clock_int.pipe_clock_i/pclk_sel_reg_0   |
| g4        | n/a   | BUFG/O          | None       |          30 |               0 |   30 |      0 |    0 |   0 |  0 |    0 |   0 |       0 | design_1_i/xdma_0/inst/design_1_xdma_0_2_pcie2_to_pcie3_wrapper_i/pcie2_ip_i/U0/inst/gt_top_i/pipe_wrapper_i/pipe_clock_int.pipe_clock_i/CLK              |
+-----------+-------+-----------------+------------+-------------+-----------------+------+--------+------+-----+----+------+-----+---------+-----------------------------------------------------------------------------------------------------------------------------------------------------------+
* Clock Loads column represents the clock pin loads (pin count)
** Non-Clock Loads column represents the non-clock pin loads (pin count)
*** Columns FF, LUTRAM, RAMB through 'Hard IP' represents load cell counts


27. Clock Region Cell Placement per Global Clock: Region X0Y5
-------------------------------------------------------------

+-----------+-------+-----------------+------------+-------------+-----------------+------+--------+------+-----+----+------+-----+---------+-------------------------------------------------------------------------------------------------+
| Global Id | Track | Driver Type/Pin | Constraint | Clock Loads | Non-Clock Loads | FF   | LUTRAM | RAMB | DSP | GT | MMCM | PLL | Hard IP | Net                                                                                             |
+-----------+-------+-----------------+------------+-------------+-----------------+------+--------+------+-----+----+------+-----+---------+-------------------------------------------------------------------------------------------------+
| g1        | n/a   | BUFG/O          | None       |        7097 |               0 | 7038 |     10 |    0 |   0 |  0 |    0 |   0 |       0 | design_1_i/mig_7series_0/u_design_1_mig_7series_0_3_mig/c1_u_ddr3_infrastructure/CLK            |
| g5        | n/a   | BUFG/O          | None       |           1 |               0 |    0 |      0 |    0 |   0 |  0 |    0 |   0 |       0 | design_1_i/mig_7series_0/u_design_1_mig_7series_0_3_mig/u_iodelay_ctrl/CLK                      |
| g8        | n/a   | BUFG/O          | None       |           4 |               0 |    0 |      0 |    0 |   0 |  0 |    0 |   0 |       0 | design_1_i/mig_7series_0/u_design_1_mig_7series_0_3_mig/c1_u_ddr3_infrastructure/c1_mmcm_ps_clk |
+-----------+-------+-----------------+------------+-------------+-----------------+------+--------+------+-----+----+------+-----+---------+-------------------------------------------------------------------------------------------------+
* Clock Loads column represents the clock pin loads (pin count)
** Non-Clock Loads column represents the non-clock pin loads (pin count)
*** Columns FF, LUTRAM, RAMB through 'Hard IP' represents load cell counts


28. Clock Region Cell Placement per Global Clock: Region X1Y5
-------------------------------------------------------------

+-----------+-------+-----------------+------------+-------------+-----------------+------+--------+------+-----+----+------+-----+---------+---------------------------------------------------------------------------------------------------------------------------------------------------------+
| Global Id | Track | Driver Type/Pin | Constraint | Clock Loads | Non-Clock Loads | FF   | LUTRAM | RAMB | DSP | GT | MMCM | PLL | Hard IP | Net                                                                                                                                                     |
+-----------+-------+-----------------+------------+-------------+-----------------+------+--------+------+-----+----+------+-----+---------+---------------------------------------------------------------------------------------------------------------------------------------------------------+
| g3        | n/a   | BUFGCTRL/O      | None       |        1224 |               0 | 1220 |      0 |    0 |   0 |  4 |    0 |   0 |       0 | design_1_i/xdma_0/inst/design_1_xdma_0_2_pcie2_to_pcie3_wrapper_i/pcie2_ip_i/U0/inst/gt_top_i/pipe_wrapper_i/pipe_clock_int.pipe_clock_i/pclk_sel_reg_0 |
| g4        | n/a   | BUFG/O          | None       |         367 |               0 |  362 |      0 |    0 |   0 |  4 |    0 |   0 |       0 | design_1_i/xdma_0/inst/design_1_xdma_0_2_pcie2_to_pcie3_wrapper_i/pcie2_ip_i/U0/inst/gt_top_i/pipe_wrapper_i/pipe_clock_int.pipe_clock_i/CLK            |
| g6        | n/a   | BUFG/O          | None       |          36 |               0 |    8 |     28 |    0 |   0 |  0 |    0 |   0 |       0 | design_1_i/xdma_0/inst/design_1_xdma_0_2_pcie2_to_pcie3_wrapper_i/pcie2_ip_i/U0/inst/gt_top_i/pipe_wrapper_i/gt_cpllpdrefclk                            |
+-----------+-------+-----------------+------------+-------------+-----------------+------+--------+------+-----+----+------+-----+---------+---------------------------------------------------------------------------------------------------------------------------------------------------------+
* Clock Loads column represents the clock pin loads (pin count)
** Non-Clock Loads column represents the non-clock pin loads (pin count)
*** Columns FF, LUTRAM, RAMB through 'Hard IP' represents load cell counts


29. Clock Region Cell Placement per Global Clock: Region X0Y6
-------------------------------------------------------------

+-----------+-------+-----------------+------------+-------------+-----------------+------+--------+------+-----+----+------+-----+---------+-------------------------------------------------------------------------------------------------+
| Global Id | Track | Driver Type/Pin | Constraint | Clock Loads | Non-Clock Loads | FF   | LUTRAM | RAMB | DSP | GT | MMCM | PLL | Hard IP | Net                                                                                             |
+-----------+-------+-----------------+------------+-------------+-----------------+------+--------+------+-----+----+------+-----+---------+-------------------------------------------------------------------------------------------------+
| g1        | n/a   | BUFG/O          | None       |        1805 |               0 | 1772 |     13 |    0 |   0 |  0 |    1 |   0 |       0 | design_1_i/mig_7series_0/u_design_1_mig_7series_0_3_mig/c1_u_ddr3_infrastructure/CLK            |
| g5        | n/a   | BUFG/O          | None       |           1 |               0 |    0 |      0 |    0 |   0 |  0 |    0 |   0 |       0 | design_1_i/mig_7series_0/u_design_1_mig_7series_0_3_mig/u_iodelay_ctrl/CLK                      |
| g8        | n/a   | BUFG/O          | None       |          15 |               0 |   14 |      0 |    0 |   0 |  0 |    0 |   0 |       0 | design_1_i/mig_7series_0/u_design_1_mig_7series_0_3_mig/c1_u_ddr3_infrastructure/c1_mmcm_ps_clk |
| g10       | n/a   | BUFH/O          | None       |           1 |               0 |    0 |      0 |    0 |   0 |  0 |    1 |   0 |       0 | design_1_i/mig_7series_0/u_design_1_mig_7series_0_3_mig/c1_u_ddr3_infrastructure/pll_clk3       |
+-----------+-------+-----------------+------------+-------------+-----------------+------+--------+------+-----+----+------+-----+---------+-------------------------------------------------------------------------------------------------+
* Clock Loads column represents the clock pin loads (pin count)
** Non-Clock Loads column represents the non-clock pin loads (pin count)
*** Columns FF, LUTRAM, RAMB through 'Hard IP' represents load cell counts


30. Clock Region Cell Placement per Global Clock: Region X0Y7
-------------------------------------------------------------

+-----------+-------+-----------------+------------+-------------+-----------------+----+--------+------+-----+----+------+-----+---------+-------------------------------------------------------------------------------------------------+
| Global Id | Track | Driver Type/Pin | Constraint | Clock Loads | Non-Clock Loads | FF | LUTRAM | RAMB | DSP | GT | MMCM | PLL | Hard IP | Net                                                                                             |
+-----------+-------+-----------------+------------+-------------+-----------------+----+--------+------+-----+----+------+-----+---------+-------------------------------------------------------------------------------------------------+
| g1        | n/a   | BUFG/O          | None       |          94 |               0 | 44 |      1 |    0 |   0 |  0 |    0 |   0 |       0 | design_1_i/mig_7series_0/u_design_1_mig_7series_0_3_mig/c1_u_ddr3_infrastructure/CLK            |
| g5        | n/a   | BUFG/O          | None       |           1 |               0 |  0 |      0 |    0 |   0 |  0 |    0 |   0 |       0 | design_1_i/mig_7series_0/u_design_1_mig_7series_0_3_mig/u_iodelay_ctrl/CLK                      |
| g8        | n/a   | BUFG/O          | None       |           4 |               0 |  0 |      0 |    0 |   0 |  0 |    0 |   0 |       0 | design_1_i/mig_7series_0/u_design_1_mig_7series_0_3_mig/c1_u_ddr3_infrastructure/c1_mmcm_ps_clk |
+-----------+-------+-----------------+------------+-------------+-----------------+----+--------+------+-----+----+------+-----+---------+-------------------------------------------------------------------------------------------------+
* Clock Loads column represents the clock pin loads (pin count)
** Non-Clock Loads column represents the non-clock pin loads (pin count)
*** Columns FF, LUTRAM, RAMB through 'Hard IP' represents load cell counts



# Location of BUFG Primitives 
set_property LOC BUFGCTRL_X0Y19 [get_cells design_1_i/xdma_0/inst/design_1_xdma_0_2_pcie2_to_pcie3_wrapper_i/pcie2_ip_i/U0/inst/gt_top_i/pipe_wrapper_i/pipe_clock_int.pipe_clock_i/txoutclk_i.txoutclk_i]
set_property LOC BUFGCTRL_X0Y2 [get_cells design_1_i/xdma_0/inst/design_1_xdma_0_2_pcie2_to_pcie3_wrapper_i/pcie2_ip_i/U0/inst/gt_top_i/pipe_wrapper_i/pipe_clock_int.pipe_clock_i/pclk_i1_bufgctrl.pclk_i1]
set_property LOC BUFGCTRL_X0Y0 [get_cells design_1_i/xdma_0/inst/design_1_xdma_0_2_pcie2_to_pcie3_wrapper_i/pcie2_ip_i/U0/inst/gt_top_i/pipe_wrapper_i/pipe_clock_int.pipe_clock_i/userclk1_i1.usrclk1_i1]
set_property LOC BUFGCTRL_X0Y3 [get_cells design_1_i/xdma_0/inst/design_1_xdma_0_2_pcie2_to_pcie3_wrapper_i/pcie2_ip_i/U0/inst/gt_top_i/pipe_wrapper_i/pipe_clock_int.pipe_clock_i/dclk_i_bufg.dclk_i]
set_property LOC BUFGCTRL_X0Y18 [get_cells design_1_i/xdma_0/inst/design_1_xdma_0_2_pcie2_to_pcie3_wrapper_i/pcie2_ip_i/U0/inst/gt_top_i/pipe_wrapper_i/cpllpd_refclk_inst]
set_property LOC BUFGCTRL_X0Y4 [get_cells design_1_i/mig_7series_0/u_design_1_mig_7series_0_3_mig/u_iodelay_ctrl/clk_ref_200.u_bufg_clk_ref]
set_property LOC BUFGCTRL_X0Y17 [get_cells design_1_i/mig_7series_0/u_design_1_mig_7series_0_3_mig/c1_u_ddr3_infrastructure/gen_mmcm.u_bufg_mmcm_ps_clk]
set_property LOC BUFGCTRL_X0Y16 [get_cells design_1_i/mig_7series_0/u_design_1_mig_7series_0_3_mig/c1_u_ddr3_infrastructure/u_bufg_clkdiv0]
set_property LOC BUFGCTRL_X0Y5 [get_cells design_1_i/mig_7series_0/u_design_1_mig_7series_0_3_mig/c0_u_ddr3_infrastructure/gen_mmcm.u_bufg_mmcm_ps_clk]
set_property LOC BUFGCTRL_X0Y1 [get_cells design_1_i/mig_7series_0/u_design_1_mig_7series_0_3_mig/c0_u_ddr3_infrastructure/u_bufg_clkdiv0]

# Location of BUFH Primitives 
set_property LOC BUFHCE_X0Y72 [get_cells design_1_i/mig_7series_0/u_design_1_mig_7series_0_3_mig/c1_u_ddr3_infrastructure/u_bufh_pll_clk3]
set_property LOC BUFHCE_X0Y12 [get_cells design_1_i/mig_7series_0/u_design_1_mig_7series_0_3_mig/c0_u_ddr3_infrastructure/u_bufh_pll_clk3]

# Location of IO Primitives which is load of clock spine

# Location of clock ports
set_property LOC IPAD_X1Y165 [get_ports pcie_refclk_clk_n[0]]
set_property LOC IPAD_X1Y164 [get_ports pcie_refclk_clk_p[0]]
set_property LOC IOB_X0Y321 [get_ports sys_diff_clock_0_clk_n]
set_property LOC IOB_X0Y322 [get_ports sys_diff_clock_0_clk_p]
set_property LOC IOB_X0Y71 [get_ports sys_diff_clock_clk_n]
set_property LOC IOB_X0Y72 [get_ports sys_diff_clock_clk_p]

# Clock net "design_1_i/xdma_0/inst/design_1_xdma_0_2_pcie2_to_pcie3_wrapper_i/pcie2_ip_i/U0/inst/gt_top_i/pipe_wrapper_i/pipe_clock_int.pipe_clock_i/pclk_sel_reg_0" driven by instance "design_1_i/xdma_0/inst/design_1_xdma_0_2_pcie2_to_pcie3_wrapper_i/pcie2_ip_i/U0/inst/gt_top_i/pipe_wrapper_i/pipe_clock_int.pipe_clock_i/pclk_i1_bufgctrl.pclk_i1" located at site "BUFGCTRL_X0Y2"
#startgroup
create_pblock {CLKAG_design_1_i/xdma_0/inst/design_1_xdma_0_2_pcie2_to_pcie3_wrapper_i/pcie2_ip_i/U0/inst/gt_top_i/pipe_wrapper_i/pipe_clock_int.pipe_clock_i/pclk_sel_reg_0}
add_cells_to_pblock [get_pblocks  {CLKAG_design_1_i/xdma_0/inst/design_1_xdma_0_2_pcie2_to_pcie3_wrapper_i/pcie2_ip_i/U0/inst/gt_top_i/pipe_wrapper_i/pipe_clock_int.pipe_clock_i/pclk_sel_reg_0}] [get_cells -filter { PRIMITIVE_GROUP != I/O && IS_PRIMITIVE==1 && PRIMITIVE_LEVEL !=INTERNAL } -of_object [get_pins -filter {DIRECTION==IN} -of_objects [get_nets -hierarchical -filter {PARENT=="design_1_i/xdma_0/inst/design_1_xdma_0_2_pcie2_to_pcie3_wrapper_i/pcie2_ip_i/U0/inst/gt_top_i/pipe_wrapper_i/pipe_clock_int.pipe_clock_i/pclk_sel_reg_0"}]]]
resize_pblock [get_pblocks {CLKAG_design_1_i/xdma_0/inst/design_1_xdma_0_2_pcie2_to_pcie3_wrapper_i/pcie2_ip_i/U0/inst/gt_top_i/pipe_wrapper_i/pipe_clock_int.pipe_clock_i/pclk_sel_reg_0}] -add {CLOCKREGION_X1Y4:CLOCKREGION_X1Y4 CLOCKREGION_X1Y5:CLOCKREGION_X1Y5}
#endgroup

# Clock net "design_1_i/xdma_0/inst/design_1_xdma_0_2_pcie2_to_pcie3_wrapper_i/pcie2_ip_i/U0/inst/gt_top_i/pipe_wrapper_i/pipe_clock_int.pipe_clock_i/INT_USERCLK1_OUT" driven by instance "design_1_i/xdma_0/inst/design_1_xdma_0_2_pcie2_to_pcie3_wrapper_i/pcie2_ip_i/U0/inst/gt_top_i/pipe_wrapper_i/pipe_clock_int.pipe_clock_i/userclk1_i1.usrclk1_i1" located at site "BUFGCTRL_X0Y0"
#startgroup
create_pblock {CLKAG_design_1_i/xdma_0/inst/design_1_xdma_0_2_pcie2_to_pcie3_wrapper_i/pcie2_ip_i/U0/inst/gt_top_i/pipe_wrapper_i/pipe_clock_int.pipe_clock_i/INT_USERCLK1_OUT}
add_cells_to_pblock [get_pblocks  {CLKAG_design_1_i/xdma_0/inst/design_1_xdma_0_2_pcie2_to_pcie3_wrapper_i/pcie2_ip_i/U0/inst/gt_top_i/pipe_wrapper_i/pipe_clock_int.pipe_clock_i/INT_USERCLK1_OUT}] [get_cells -filter { PRIMITIVE_GROUP != I/O && IS_PRIMITIVE==1 && PRIMITIVE_LEVEL !=INTERNAL } -of_object [get_pins -filter {DIRECTION==IN} -of_objects [get_nets -hierarchical -filter {PARENT=="design_1_i/xdma_0/inst/design_1_xdma_0_2_pcie2_to_pcie3_wrapper_i/pcie2_ip_i/U0/inst/gt_top_i/pipe_wrapper_i/pipe_clock_int.pipe_clock_i/INT_USERCLK1_OUT"}]]]
resize_pblock [get_pblocks {CLKAG_design_1_i/xdma_0/inst/design_1_xdma_0_2_pcie2_to_pcie3_wrapper_i/pcie2_ip_i/U0/inst/gt_top_i/pipe_wrapper_i/pipe_clock_int.pipe_clock_i/INT_USERCLK1_OUT}] -add {CLOCKREGION_X0Y2:CLOCKREGION_X0Y2 CLOCKREGION_X0Y3:CLOCKREGION_X0Y3 CLOCKREGION_X0Y4:CLOCKREGION_X0Y4 CLOCKREGION_X1Y2:CLOCKREGION_X1Y2 CLOCKREGION_X1Y3:CLOCKREGION_X1Y3 CLOCKREGION_X1Y4:CLOCKREGION_X1Y4}
#endgroup

# Clock net "design_1_i/xdma_0/inst/design_1_xdma_0_2_pcie2_to_pcie3_wrapper_i/pcie2_ip_i/U0/inst/gt_top_i/pipe_wrapper_i/pipe_clock_int.pipe_clock_i/CLK" driven by instance "design_1_i/xdma_0/inst/design_1_xdma_0_2_pcie2_to_pcie3_wrapper_i/pcie2_ip_i/U0/inst/gt_top_i/pipe_wrapper_i/pipe_clock_int.pipe_clock_i/dclk_i_bufg.dclk_i" located at site "BUFGCTRL_X0Y3"
#startgroup
create_pblock {CLKAG_design_1_i/xdma_0/inst/design_1_xdma_0_2_pcie2_to_pcie3_wrapper_i/pcie2_ip_i/U0/inst/gt_top_i/pipe_wrapper_i/pipe_clock_int.pipe_clock_i/CLK}
add_cells_to_pblock [get_pblocks  {CLKAG_design_1_i/xdma_0/inst/design_1_xdma_0_2_pcie2_to_pcie3_wrapper_i/pcie2_ip_i/U0/inst/gt_top_i/pipe_wrapper_i/pipe_clock_int.pipe_clock_i/CLK}] [get_cells -filter { PRIMITIVE_GROUP != I/O && IS_PRIMITIVE==1 && PRIMITIVE_LEVEL !=INTERNAL } -of_object [get_pins -filter {DIRECTION==IN} -of_objects [get_nets -hierarchical -filter {PARENT=="design_1_i/xdma_0/inst/design_1_xdma_0_2_pcie2_to_pcie3_wrapper_i/pcie2_ip_i/U0/inst/gt_top_i/pipe_wrapper_i/pipe_clock_int.pipe_clock_i/CLK"}]]]
resize_pblock [get_pblocks {CLKAG_design_1_i/xdma_0/inst/design_1_xdma_0_2_pcie2_to_pcie3_wrapper_i/pcie2_ip_i/U0/inst/gt_top_i/pipe_wrapper_i/pipe_clock_int.pipe_clock_i/CLK}] -add {CLOCKREGION_X1Y4:CLOCKREGION_X1Y4 CLOCKREGION_X1Y5:CLOCKREGION_X1Y5}
#endgroup

# Clock net "design_1_i/xdma_0/inst/design_1_xdma_0_2_pcie2_to_pcie3_wrapper_i/pcie2_ip_i/U0/inst/gt_top_i/pipe_wrapper_i/gt_cpllpdrefclk" driven by instance "design_1_i/xdma_0/inst/design_1_xdma_0_2_pcie2_to_pcie3_wrapper_i/pcie2_ip_i/U0/inst/gt_top_i/pipe_wrapper_i/cpllpd_refclk_inst" located at site "BUFGCTRL_X0Y18"
#startgroup
create_pblock {CLKAG_design_1_i/xdma_0/inst/design_1_xdma_0_2_pcie2_to_pcie3_wrapper_i/pcie2_ip_i/U0/inst/gt_top_i/pipe_wrapper_i/gt_cpllpdrefclk}
add_cells_to_pblock [get_pblocks  {CLKAG_design_1_i/xdma_0/inst/design_1_xdma_0_2_pcie2_to_pcie3_wrapper_i/pcie2_ip_i/U0/inst/gt_top_i/pipe_wrapper_i/gt_cpllpdrefclk}] [get_cells -filter { PRIMITIVE_GROUP != I/O && IS_PRIMITIVE==1 && PRIMITIVE_LEVEL !=INTERNAL } -of_object [get_pins -filter {DIRECTION==IN} -of_objects [get_nets -hierarchical -filter {PARENT=="design_1_i/xdma_0/inst/design_1_xdma_0_2_pcie2_to_pcie3_wrapper_i/pcie2_ip_i/U0/inst/gt_top_i/pipe_wrapper_i/gt_cpllpdrefclk"}]]]
resize_pblock [get_pblocks {CLKAG_design_1_i/xdma_0/inst/design_1_xdma_0_2_pcie2_to_pcie3_wrapper_i/pcie2_ip_i/U0/inst/gt_top_i/pipe_wrapper_i/gt_cpllpdrefclk}] -add {CLOCKREGION_X1Y5:CLOCKREGION_X1Y5}
#endgroup

# Clock net "design_1_i/mig_7series_0/u_design_1_mig_7series_0_3_mig/u_iodelay_ctrl/CLK" driven by instance "design_1_i/mig_7series_0/u_design_1_mig_7series_0_3_mig/u_iodelay_ctrl/clk_ref_200.u_bufg_clk_ref" located at site "BUFGCTRL_X0Y4"
#startgroup
create_pblock {CLKAG_design_1_i/mig_7series_0/u_design_1_mig_7series_0_3_mig/u_iodelay_ctrl/CLK}
add_cells_to_pblock [get_pblocks  {CLKAG_design_1_i/mig_7series_0/u_design_1_mig_7series_0_3_mig/u_iodelay_ctrl/CLK}] [get_cells -filter { PRIMITIVE_GROUP != I/O && IS_PRIMITIVE==1 && PRIMITIVE_LEVEL !=INTERNAL } -of_object [get_pins -filter {DIRECTION==IN} -of_objects [get_nets -hierarchical -filter {PARENT=="design_1_i/mig_7series_0/u_design_1_mig_7series_0_3_mig/u_iodelay_ctrl/CLK"}]]]
resize_pblock [get_pblocks {CLKAG_design_1_i/mig_7series_0/u_design_1_mig_7series_0_3_mig/u_iodelay_ctrl/CLK}] -add {CLOCKREGION_X0Y0:CLOCKREGION_X0Y0 CLOCKREGION_X0Y1:CLOCKREGION_X0Y1 CLOCKREGION_X0Y2:CLOCKREGION_X0Y2 CLOCKREGION_X0Y3:CLOCKREGION_X0Y3 CLOCKREGION_X0Y4:CLOCKREGION_X0Y4 CLOCKREGION_X0Y5:CLOCKREGION_X0Y5 CLOCKREGION_X0Y6:CLOCKREGION_X0Y6 CLOCKREGION_X0Y7:CLOCKREGION_X0Y7}
#endgroup

# Clock net "design_1_i/mig_7series_0/u_design_1_mig_7series_0_3_mig/c1_u_ddr3_infrastructure/c1_mmcm_ps_clk" driven by instance "design_1_i/mig_7series_0/u_design_1_mig_7series_0_3_mig/c1_u_ddr3_infrastructure/gen_mmcm.u_bufg_mmcm_ps_clk" located at site "BUFGCTRL_X0Y17"
#startgroup
create_pblock {CLKAG_design_1_i/mig_7series_0/u_design_1_mig_7series_0_3_mig/c1_u_ddr3_infrastructure/c1_mmcm_ps_clk}
add_cells_to_pblock [get_pblocks  {CLKAG_design_1_i/mig_7series_0/u_design_1_mig_7series_0_3_mig/c1_u_ddr3_infrastructure/c1_mmcm_ps_clk}] [get_cells -filter { PRIMITIVE_GROUP != I/O && IS_PRIMITIVE==1 && PRIMITIVE_LEVEL !=INTERNAL } -of_object [get_pins -filter {DIRECTION==IN} -of_objects [get_nets -hierarchical -filter {PARENT=="design_1_i/mig_7series_0/u_design_1_mig_7series_0_3_mig/c1_u_ddr3_infrastructure/c1_mmcm_ps_clk"}]]]
resize_pblock [get_pblocks {CLKAG_design_1_i/mig_7series_0/u_design_1_mig_7series_0_3_mig/c1_u_ddr3_infrastructure/c1_mmcm_ps_clk}] -add {CLOCKREGION_X0Y5:CLOCKREGION_X0Y5 CLOCKREGION_X0Y6:CLOCKREGION_X0Y6 CLOCKREGION_X0Y7:CLOCKREGION_X0Y7}
#endgroup

# Clock net "design_1_i/mig_7series_0/u_design_1_mig_7series_0_3_mig/c1_u_ddr3_infrastructure/CLK" driven by instance "design_1_i/mig_7series_0/u_design_1_mig_7series_0_3_mig/c1_u_ddr3_infrastructure/u_bufg_clkdiv0" located at site "BUFGCTRL_X0Y16"
#startgroup
create_pblock {CLKAG_design_1_i/mig_7series_0/u_design_1_mig_7series_0_3_mig/c1_u_ddr3_infrastructure/CLK}
add_cells_to_pblock [get_pblocks  {CLKAG_design_1_i/mig_7series_0/u_design_1_mig_7series_0_3_mig/c1_u_ddr3_infrastructure/CLK}] [get_cells -filter { PRIMITIVE_GROUP != I/O && IS_PRIMITIVE==1 && PRIMITIVE_LEVEL !=INTERNAL && NAME!=design_1_i/mig_7series_0/u_design_1_mig_7series_0_3_mig/c1_u_ddr3_infrastructure/gen_mmcm.mmcm_i} -of_object [get_pins -filter {DIRECTION==IN} -of_objects [get_nets -hierarchical -filter {PARENT=="design_1_i/mig_7series_0/u_design_1_mig_7series_0_3_mig/c1_u_ddr3_infrastructure/CLK"}]]]
resize_pblock [get_pblocks {CLKAG_design_1_i/mig_7series_0/u_design_1_mig_7series_0_3_mig/c1_u_ddr3_infrastructure/CLK}] -add {CLOCKREGION_X0Y2:CLOCKREGION_X0Y2 CLOCKREGION_X0Y3:CLOCKREGION_X0Y3 CLOCKREGION_X0Y4:CLOCKREGION_X0Y4 CLOCKREGION_X0Y5:CLOCKREGION_X0Y5 CLOCKREGION_X0Y6:CLOCKREGION_X0Y6 CLOCKREGION_X0Y7:CLOCKREGION_X0Y7 CLOCKREGION_X1Y3:CLOCKREGION_X1Y3 CLOCKREGION_X1Y4:CLOCKREGION_X1Y4}
#endgroup

# Clock net "design_1_i/mig_7series_0/u_design_1_mig_7series_0_3_mig/c0_u_ddr3_infrastructure/c0_mmcm_ps_clk" driven by instance "design_1_i/mig_7series_0/u_design_1_mig_7series_0_3_mig/c0_u_ddr3_infrastructure/gen_mmcm.u_bufg_mmcm_ps_clk" located at site "BUFGCTRL_X0Y5"
#startgroup
create_pblock {CLKAG_design_1_i/mig_7series_0/u_design_1_mig_7series_0_3_mig/c0_u_ddr3_infrastructure/c0_mmcm_ps_clk}
add_cells_to_pblock [get_pblocks  {CLKAG_design_1_i/mig_7series_0/u_design_1_mig_7series_0_3_mig/c0_u_ddr3_infrastructure/c0_mmcm_ps_clk}] [get_cells -filter { PRIMITIVE_GROUP != I/O && IS_PRIMITIVE==1 && PRIMITIVE_LEVEL !=INTERNAL } -of_object [get_pins -filter {DIRECTION==IN} -of_objects [get_nets -hierarchical -filter {PARENT=="design_1_i/mig_7series_0/u_design_1_mig_7series_0_3_mig/c0_u_ddr3_infrastructure/c0_mmcm_ps_clk"}]]]
resize_pblock [get_pblocks {CLKAG_design_1_i/mig_7series_0/u_design_1_mig_7series_0_3_mig/c0_u_ddr3_infrastructure/c0_mmcm_ps_clk}] -add {CLOCKREGION_X0Y0:CLOCKREGION_X0Y0 CLOCKREGION_X0Y1:CLOCKREGION_X0Y1 CLOCKREGION_X0Y2:CLOCKREGION_X0Y2}
#endgroup

# Clock net "design_1_i/mig_7series_0/u_design_1_mig_7series_0_3_mig/c0_u_ddr3_infrastructure/CLK" driven by instance "design_1_i/mig_7series_0/u_design_1_mig_7series_0_3_mig/c0_u_ddr3_infrastructure/u_bufg_clkdiv0" located at site "BUFGCTRL_X0Y1"
#startgroup
create_pblock {CLKAG_design_1_i/mig_7series_0/u_design_1_mig_7series_0_3_mig/c0_u_ddr3_infrastructure/CLK}
add_cells_to_pblock [get_pblocks  {CLKAG_design_1_i/mig_7series_0/u_design_1_mig_7series_0_3_mig/c0_u_ddr3_infrastructure/CLK}] [get_cells -filter { PRIMITIVE_GROUP != I/O && IS_PRIMITIVE==1 && PRIMITIVE_LEVEL !=INTERNAL && NAME!=design_1_i/mig_7series_0/u_design_1_mig_7series_0_3_mig/c0_u_ddr3_infrastructure/gen_mmcm.mmcm_i} -of_object [get_pins -filter {DIRECTION==IN} -of_objects [get_nets -hierarchical -filter {PARENT=="design_1_i/mig_7series_0/u_design_1_mig_7series_0_3_mig/c0_u_ddr3_infrastructure/CLK"}]]]
resize_pblock [get_pblocks {CLKAG_design_1_i/mig_7series_0/u_design_1_mig_7series_0_3_mig/c0_u_ddr3_infrastructure/CLK}] -add {CLOCKREGION_X0Y0:CLOCKREGION_X0Y0 CLOCKREGION_X0Y1:CLOCKREGION_X0Y1 CLOCKREGION_X0Y2:CLOCKREGION_X0Y2 CLOCKREGION_X0Y3:CLOCKREGION_X0Y3 CLOCKREGION_X0Y4:CLOCKREGION_X0Y4 CLOCKREGION_X1Y2:CLOCKREGION_X1Y2 CLOCKREGION_X1Y3:CLOCKREGION_X1Y3 CLOCKREGION_X1Y4:CLOCKREGION_X1Y4}
#endgroup
