
*** Running vivado
    with args -log design_1_wrapper.vdi -applog -m64 -product Vivado -messageDb vivado.pb -mode batch -source design_1_wrapper.tcl -notrace


****** Vivado v2020.1 (64-bit)
  **** SW Build 2902540 on Wed May 27 19:54:35 MDT 2020
  **** IP Build 2902112 on Wed May 27 22:43:36 MDT 2020
    ** Copyright 1986-2020 Xilinx, Inc. All Rights Reserved.

source design_1_wrapper.tcl -notrace
INFO: [IP_Flow 19-234] Refreshing IP repositories
INFO: [IP_Flow 19-1700] Loaded user IP repository '/home/dipen/Kintex7/ip_repo/myip_v3_1.0'.
INFO: [IP_Flow 19-1700] Loaded user IP repository '/home/dipen/Kintex7/my-ip-kintex-7-v1'.
INFO: [IP_Flow 19-2313] Loaded Vivado IP repository '/tools/Xilinx/Vivado/2020.1/data/ip'.
Command: link_design -top design_1_wrapper -part xc7k480tffg1156-2
Design is defaulting to srcset: sources_1
Design is defaulting to constrset: constrs_1
INFO: [Device 21-403] Loading part xc7k480tffg1156-2
Netlist sorting complete. Time (s): cpu = 00:00:00.73 ; elapsed = 00:00:00.74 . Memory (MB): peak = 2170.137 ; gain = 0.000 ; free physical = 17523 ; free virtual = 31549
INFO: [Netlist 29-17] Analyzing 5240 Unisim elements for replacement
INFO: [Netlist 29-28] Unisim Transformation completed in 1 CPU seconds
INFO: [Project 1-479] Netlist was created with Vivado 2020.1
INFO: [Project 1-570] Preparing netlist for logic optimization
Parsing XDC File [/home/dipen/Kintex7/board-design-3/board-design-3.srcs/sources_1/bd/design_1/ip/design_1_xdma_0_2/ip_4/pcie2_fifo_generator_tgt_brdg.xdc] for cell 'design_1_i/xdma_0/inst/design_1_xdma_0_2_pcie2_to_pcie3_wrapper_i/design_1_xdma_0_2_axi_stream_intf_i/design_1_xdma_0_2_rx_demux_i/tgt_brdg_fifo_inst/U0'
Finished Parsing XDC File [/home/dipen/Kintex7/board-design-3/board-design-3.srcs/sources_1/bd/design_1/ip/design_1_xdma_0_2/ip_4/pcie2_fifo_generator_tgt_brdg.xdc] for cell 'design_1_i/xdma_0/inst/design_1_xdma_0_2_pcie2_to_pcie3_wrapper_i/design_1_xdma_0_2_axi_stream_intf_i/design_1_xdma_0_2_rx_demux_i/tgt_brdg_fifo_inst/U0'
Parsing XDC File [/home/dipen/Kintex7/board-design-3/board-design-3.srcs/sources_1/bd/design_1/ip/design_1_xdma_0_2/ip_3/pcie2_fifo_generator_dma_cpl.xdc] for cell 'design_1_i/xdma_0/inst/design_1_xdma_0_2_pcie2_to_pcie3_wrapper_i/design_1_xdma_0_2_axi_stream_intf_i/design_1_xdma_0_2_rx_demux_i/dma_cpl_fifo_inst/U0'
Finished Parsing XDC File [/home/dipen/Kintex7/board-design-3/board-design-3.srcs/sources_1/bd/design_1/ip/design_1_xdma_0_2/ip_3/pcie2_fifo_generator_dma_cpl.xdc] for cell 'design_1_i/xdma_0/inst/design_1_xdma_0_2_pcie2_to_pcie3_wrapper_i/design_1_xdma_0_2_axi_stream_intf_i/design_1_xdma_0_2_rx_demux_i/dma_cpl_fifo_inst/U0'
Parsing XDC File [/home/dipen/Kintex7/board-design-3/board-design-3.srcs/sources_1/bd/design_1/ip/design_1_xdma_0_2/ip_0/source/design_1_xdma_0_2_pcie2_ip-PCIE_X0Y0.xdc] for cell 'design_1_i/xdma_0/inst/design_1_xdma_0_2_pcie2_to_pcie3_wrapper_i/pcie2_ip_i/U0'
INFO: [Timing 38-35] Done setting XDC timing constraints. [/home/dipen/Kintex7/board-design-3/board-design-3.srcs/sources_1/bd/design_1/ip/design_1_xdma_0_2/ip_0/source/design_1_xdma_0_2_pcie2_ip-PCIE_X0Y0.xdc:136]
INFO: [Timing 38-2] Deriving generated clocks [/home/dipen/Kintex7/board-design-3/board-design-3.srcs/sources_1/bd/design_1/ip/design_1_xdma_0_2/ip_0/source/design_1_xdma_0_2_pcie2_ip-PCIE_X0Y0.xdc:136]
create_generated_clock: Time (s): cpu = 00:00:07 ; elapsed = 00:00:05 . Memory (MB): peak = 3237.977 ; gain = 689.156 ; free physical = 17114 ; free virtual = 31137
Finished Parsing XDC File [/home/dipen/Kintex7/board-design-3/board-design-3.srcs/sources_1/bd/design_1/ip/design_1_xdma_0_2/ip_0/source/design_1_xdma_0_2_pcie2_ip-PCIE_X0Y0.xdc] for cell 'design_1_i/xdma_0/inst/design_1_xdma_0_2_pcie2_to_pcie3_wrapper_i/pcie2_ip_i/U0'
Parsing XDC File [/home/dipen/Kintex7/board-design-3/board-design-3.srcs/sources_1/bd/design_1/ip/design_1_xdma_0_2/design_1_xdma_0_2_board.xdc] for cell 'design_1_i/xdma_0/inst'
Finished Parsing XDC File [/home/dipen/Kintex7/board-design-3/board-design-3.srcs/sources_1/bd/design_1/ip/design_1_xdma_0_2/design_1_xdma_0_2_board.xdc] for cell 'design_1_i/xdma_0/inst'
Parsing XDC File [/home/dipen/Kintex7/board-design-3/board-design-3.srcs/sources_1/bd/design_1/ip/design_1_xdma_0_2/source/design_1_xdma_0_2_pcie3_7vx_ip.xdc] for cell 'design_1_i/xdma_0/inst'
Finished Parsing XDC File [/home/dipen/Kintex7/board-design-3/board-design-3.srcs/sources_1/bd/design_1/ip/design_1_xdma_0_2/source/design_1_xdma_0_2_pcie3_7vx_ip.xdc] for cell 'design_1_i/xdma_0/inst'
Parsing XDC File [/home/dipen/Kintex7/board-design-3/board-design-3.srcs/sources_1/bd/design_1/ip/design_1_axi_gpio_0_1/design_1_axi_gpio_0_1_board.xdc] for cell 'design_1_i/axi_gpio_0/U0'
Finished Parsing XDC File [/home/dipen/Kintex7/board-design-3/board-design-3.srcs/sources_1/bd/design_1/ip/design_1_axi_gpio_0_1/design_1_axi_gpio_0_1_board.xdc] for cell 'design_1_i/axi_gpio_0/U0'
Parsing XDC File [/home/dipen/Kintex7/board-design-3/board-design-3.srcs/sources_1/bd/design_1/ip/design_1_axi_gpio_0_1/design_1_axi_gpio_0_1.xdc] for cell 'design_1_i/axi_gpio_0/U0'
Finished Parsing XDC File [/home/dipen/Kintex7/board-design-3/board-design-3.srcs/sources_1/bd/design_1/ip/design_1_axi_gpio_0_1/design_1_axi_gpio_0_1.xdc] for cell 'design_1_i/axi_gpio_0/U0'
Parsing XDC File [/home/dipen/Kintex7/board-design-3/board-design-3.srcs/sources_1/bd/design_1/ip/design_1_axi_iic_0_0/design_1_axi_iic_0_0_board.xdc] for cell 'design_1_i/axi_iic_0/U0'
Finished Parsing XDC File [/home/dipen/Kintex7/board-design-3/board-design-3.srcs/sources_1/bd/design_1/ip/design_1_axi_iic_0_0/design_1_axi_iic_0_0_board.xdc] for cell 'design_1_i/axi_iic_0/U0'
Parsing XDC File [/home/dipen/Kintex7/board-design-3/board-design-3.srcs/sources_1/bd/design_1/ip/design_1_util_ds_buf_1/design_1_util_ds_buf_1_board.xdc] for cell 'design_1_i/util_ds_buf/U0'
Finished Parsing XDC File [/home/dipen/Kintex7/board-design-3/board-design-3.srcs/sources_1/bd/design_1/ip/design_1_util_ds_buf_1/design_1_util_ds_buf_1_board.xdc] for cell 'design_1_i/util_ds_buf/U0'
Parsing XDC File [/home/dipen/Kintex7/board-design-3/board-design-3.srcs/sources_1/bd/design_1/ip/design_1_smartconnect_0_0/bd_0/ip/ip_1/bd_48ac_psr0_0_board.xdc] for cell 'design_1_i/smartconnect_0/inst/clk_map/psr0/U0'
Finished Parsing XDC File [/home/dipen/Kintex7/board-design-3/board-design-3.srcs/sources_1/bd/design_1/ip/design_1_smartconnect_0_0/bd_0/ip/ip_1/bd_48ac_psr0_0_board.xdc] for cell 'design_1_i/smartconnect_0/inst/clk_map/psr0/U0'
Parsing XDC File [/home/dipen/Kintex7/board-design-3/board-design-3.srcs/sources_1/bd/design_1/ip/design_1_smartconnect_0_0/bd_0/ip/ip_1/bd_48ac_psr0_0.xdc] for cell 'design_1_i/smartconnect_0/inst/clk_map/psr0/U0'
Finished Parsing XDC File [/home/dipen/Kintex7/board-design-3/board-design-3.srcs/sources_1/bd/design_1/ip/design_1_smartconnect_0_0/bd_0/ip/ip_1/bd_48ac_psr0_0.xdc] for cell 'design_1_i/smartconnect_0/inst/clk_map/psr0/U0'
Parsing XDC File [/home/dipen/Kintex7/board-design-3/board-design-3.srcs/sources_1/bd/design_1/ip/design_1_smartconnect_0_0/bd_0/ip/ip_2/bd_48ac_psr_aclk_0_board.xdc] for cell 'design_1_i/smartconnect_0/inst/clk_map/psr_aclk/U0'
Finished Parsing XDC File [/home/dipen/Kintex7/board-design-3/board-design-3.srcs/sources_1/bd/design_1/ip/design_1_smartconnect_0_0/bd_0/ip/ip_2/bd_48ac_psr_aclk_0_board.xdc] for cell 'design_1_i/smartconnect_0/inst/clk_map/psr_aclk/U0'
Parsing XDC File [/home/dipen/Kintex7/board-design-3/board-design-3.srcs/sources_1/bd/design_1/ip/design_1_smartconnect_0_0/bd_0/ip/ip_2/bd_48ac_psr_aclk_0.xdc] for cell 'design_1_i/smartconnect_0/inst/clk_map/psr_aclk/U0'
Finished Parsing XDC File [/home/dipen/Kintex7/board-design-3/board-design-3.srcs/sources_1/bd/design_1/ip/design_1_smartconnect_0_0/bd_0/ip/ip_2/bd_48ac_psr_aclk_0.xdc] for cell 'design_1_i/smartconnect_0/inst/clk_map/psr_aclk/U0'
Parsing XDC File [/home/dipen/Kintex7/board-design-3/board-design-3.srcs/sources_1/bd/design_1/ip/design_1_smartconnect_0_0/bd_0/ip/ip_3/bd_48ac_psr_aclk1_0_board.xdc] for cell 'design_1_i/smartconnect_0/inst/clk_map/psr_aclk1/U0'
Finished Parsing XDC File [/home/dipen/Kintex7/board-design-3/board-design-3.srcs/sources_1/bd/design_1/ip/design_1_smartconnect_0_0/bd_0/ip/ip_3/bd_48ac_psr_aclk1_0_board.xdc] for cell 'design_1_i/smartconnect_0/inst/clk_map/psr_aclk1/U0'
Parsing XDC File [/home/dipen/Kintex7/board-design-3/board-design-3.srcs/sources_1/bd/design_1/ip/design_1_smartconnect_0_0/bd_0/ip/ip_3/bd_48ac_psr_aclk1_0.xdc] for cell 'design_1_i/smartconnect_0/inst/clk_map/psr_aclk1/U0'
Finished Parsing XDC File [/home/dipen/Kintex7/board-design-3/board-design-3.srcs/sources_1/bd/design_1/ip/design_1_smartconnect_0_0/bd_0/ip/ip_3/bd_48ac_psr_aclk1_0.xdc] for cell 'design_1_i/smartconnect_0/inst/clk_map/psr_aclk1/U0'
Parsing XDC File [/home/dipen/Kintex7/board-design-3/board-design-3.srcs/sources_1/bd/design_1/ip/design_1_smartconnect_0_0/bd_0/ip/ip_4/bd_48ac_psr_aclk2_0_board.xdc] for cell 'design_1_i/smartconnect_0/inst/clk_map/psr_aclk2/U0'
Finished Parsing XDC File [/home/dipen/Kintex7/board-design-3/board-design-3.srcs/sources_1/bd/design_1/ip/design_1_smartconnect_0_0/bd_0/ip/ip_4/bd_48ac_psr_aclk2_0_board.xdc] for cell 'design_1_i/smartconnect_0/inst/clk_map/psr_aclk2/U0'
Parsing XDC File [/home/dipen/Kintex7/board-design-3/board-design-3.srcs/sources_1/bd/design_1/ip/design_1_smartconnect_0_0/bd_0/ip/ip_4/bd_48ac_psr_aclk2_0.xdc] for cell 'design_1_i/smartconnect_0/inst/clk_map/psr_aclk2/U0'
Finished Parsing XDC File [/home/dipen/Kintex7/board-design-3/board-design-3.srcs/sources_1/bd/design_1/ip/design_1_smartconnect_0_0/bd_0/ip/ip_4/bd_48ac_psr_aclk2_0.xdc] for cell 'design_1_i/smartconnect_0/inst/clk_map/psr_aclk2/U0'
Parsing XDC File [/home/dipen/Kintex7/board-design-3/board-design-3.srcs/sources_1/bd/design_1/ip/design_1_mig_7series_0_3/design_1_mig_7series_0_3/user_design/constraints/design_1_mig_7series_0_3.xdc] for cell 'design_1_i/mig_7series_0'
Finished Parsing XDC File [/home/dipen/Kintex7/board-design-3/board-design-3.srcs/sources_1/bd/design_1/ip/design_1_mig_7series_0_3/design_1_mig_7series_0_3/user_design/constraints/design_1_mig_7series_0_3.xdc] for cell 'design_1_i/mig_7series_0'
Parsing XDC File [/home/dipen/Kintex7/board-design-3/board-design-3.srcs/sources_1/bd/design_1/ip/design_1_mig_7series_0_3/design_1_mig_7series_0_3_board.xdc] for cell 'design_1_i/mig_7series_0'
Finished Parsing XDC File [/home/dipen/Kintex7/board-design-3/board-design-3.srcs/sources_1/bd/design_1/ip/design_1_mig_7series_0_3/design_1_mig_7series_0_3_board.xdc] for cell 'design_1_i/mig_7series_0'
Parsing XDC File [/home/dipen/Kintex7/board-design-3/board-design-3.srcs/sources_1/bd/design_1/ip/design_1_rst_mig_7series_0_133M_3/design_1_rst_mig_7series_0_133M_3_board.xdc] for cell 'design_1_i/rst_mig_7series_0_133M/U0'
Finished Parsing XDC File [/home/dipen/Kintex7/board-design-3/board-design-3.srcs/sources_1/bd/design_1/ip/design_1_rst_mig_7series_0_133M_3/design_1_rst_mig_7series_0_133M_3_board.xdc] for cell 'design_1_i/rst_mig_7series_0_133M/U0'
Parsing XDC File [/home/dipen/Kintex7/board-design-3/board-design-3.srcs/sources_1/bd/design_1/ip/design_1_rst_mig_7series_0_133M_3/design_1_rst_mig_7series_0_133M_3.xdc] for cell 'design_1_i/rst_mig_7series_0_133M/U0'
Finished Parsing XDC File [/home/dipen/Kintex7/board-design-3/board-design-3.srcs/sources_1/bd/design_1/ip/design_1_rst_mig_7series_0_133M_3/design_1_rst_mig_7series_0_133M_3.xdc] for cell 'design_1_i/rst_mig_7series_0_133M/U0'
Parsing XDC File [/home/dipen/Kintex7/board-design-3/board-design-3.srcs/sources_1/bd/design_1/ip/design_1_rst_mig_7series_0_133M_1_2/design_1_rst_mig_7series_0_133M_1_2_board.xdc] for cell 'design_1_i/rst_mig_7series_0_133M_1/U0'
Finished Parsing XDC File [/home/dipen/Kintex7/board-design-3/board-design-3.srcs/sources_1/bd/design_1/ip/design_1_rst_mig_7series_0_133M_1_2/design_1_rst_mig_7series_0_133M_1_2_board.xdc] for cell 'design_1_i/rst_mig_7series_0_133M_1/U0'
Parsing XDC File [/home/dipen/Kintex7/board-design-3/board-design-3.srcs/sources_1/bd/design_1/ip/design_1_rst_mig_7series_0_133M_1_2/design_1_rst_mig_7series_0_133M_1_2.xdc] for cell 'design_1_i/rst_mig_7series_0_133M_1/U0'
Finished Parsing XDC File [/home/dipen/Kintex7/board-design-3/board-design-3.srcs/sources_1/bd/design_1/ip/design_1_rst_mig_7series_0_133M_1_2/design_1_rst_mig_7series_0_133M_1_2.xdc] for cell 'design_1_i/rst_mig_7series_0_133M_1/U0'
Parsing XDC File [/home/dipen/Kintex7/board-design-3/board-design-3.srcs/constrs_1/new/constraints.xdc]
Finished Parsing XDC File [/home/dipen/Kintex7/board-design-3/board-design-3.srcs/constrs_1/new/constraints.xdc]
Parsing XDC File [/home/dipen/Kintex7/board-design-3/board-design-3.srcs/sources_1/bd/design_1/ip/design_1_auto_cc_0/design_1_auto_cc_0_clocks.xdc] for cell 'design_1_i/axi_interconnect_0/m02_couplers/auto_cc/inst'
WARNING: [Vivado_Tcl 4-921] Waiver ID 'CDC-10' -to list should not be empty. [/home/dipen/Kintex7/board-design-3/board-design-3.srcs/sources_1/bd/design_1/ip/design_1_auto_cc_0/design_1_auto_cc_0_clocks.xdc:7]
WARNING: [Vivado_Tcl 4-921] Waiver ID 'CDC-11' -to list should not be empty. [/home/dipen/Kintex7/board-design-3/board-design-3.srcs/sources_1/bd/design_1/ip/design_1_auto_cc_0/design_1_auto_cc_0_clocks.xdc:10]
WARNING: [Vivado_Tcl 4-921] Waiver ID 'CDC-15' -to list should not be empty. [/home/dipen/Kintex7/board-design-3/board-design-3.srcs/sources_1/bd/design_1/ip/design_1_auto_cc_0/design_1_auto_cc_0_clocks.xdc:13]
WARNING: [Vivado 12-180] No cells matched '*gen_clock_conv.gen_async_conv.asyncfifo_axi*'. [/home/dipen/Kintex7/board-design-3/board-design-3.srcs/sources_1/bd/design_1/ip/design_1_auto_cc_0/design_1_auto_cc_0_clocks.xdc:17]
WARNING: [Vivado 12-508] No pins matched 'get_pins -hierarchical * -filter {(NAME=~*gen_clock_conv.gen_async_conv.asyncfifo_axi/inst_fifo_gen/gaxi_full_lite.g*_ch.g*ch2.axi_*/grf.rf/rstblk/ngwrdrst.grst.g7serrst.gnsckt_wrst.gic_rst.rst_rd_reg2_inst/arststages_ff_reg*/PRE) || (NAME=~*gen_clock_conv.gen_async_conv.asyncfifo_axi/inst_fifo_gen/gaxi_full_lite.g*_ch.g*ch2.axi_*/grf.rf/rstblk/ngwrdrst.grst.g7serrst.gnsckt_wrst.rst_wr_reg2_inst/arststages_ff_reg*/PRE)}'. [/home/dipen/Kintex7/board-design-3/board-design-3.srcs/sources_1/bd/design_1/ip/design_1_auto_cc_0/design_1_auto_cc_0_clocks.xdc:17]
WARNING: [Vivado_Tcl 4-939] Waiver ID 'LUTAR-1' object list should not be empty (perhaps an invalid wildcard was used or only unsupported objects). [/home/dipen/Kintex7/board-design-3/board-design-3.srcs/sources_1/bd/design_1/ip/design_1_auto_cc_0/design_1_auto_cc_0_clocks.xdc:17]
Finished Parsing XDC File [/home/dipen/Kintex7/board-design-3/board-design-3.srcs/sources_1/bd/design_1/ip/design_1_auto_cc_0/design_1_auto_cc_0_clocks.xdc] for cell 'design_1_i/axi_interconnect_0/m02_couplers/auto_cc/inst'
Parsing XDC File [/home/dipen/Kintex7/board-design-3/board-design-3.srcs/sources_1/bd/design_1/ip/design_1_auto_cc_1/design_1_auto_cc_1_clocks.xdc] for cell 'design_1_i/axi_interconnect_0/m03_couplers/auto_cc/inst'
WARNING: [Vivado_Tcl 4-921] Waiver ID 'CDC-10' -to list should not be empty. [/home/dipen/Kintex7/board-design-3/board-design-3.srcs/sources_1/bd/design_1/ip/design_1_auto_cc_1/design_1_auto_cc_1_clocks.xdc:7]
WARNING: [Vivado_Tcl 4-921] Waiver ID 'CDC-11' -to list should not be empty. [/home/dipen/Kintex7/board-design-3/board-design-3.srcs/sources_1/bd/design_1/ip/design_1_auto_cc_1/design_1_auto_cc_1_clocks.xdc:10]
WARNING: [Vivado_Tcl 4-921] Waiver ID 'CDC-15' -to list should not be empty. [/home/dipen/Kintex7/board-design-3/board-design-3.srcs/sources_1/bd/design_1/ip/design_1_auto_cc_1/design_1_auto_cc_1_clocks.xdc:13]
WARNING: [Vivado 12-180] No cells matched '*gen_clock_conv.gen_async_conv.asyncfifo_axi*'. [/home/dipen/Kintex7/board-design-3/board-design-3.srcs/sources_1/bd/design_1/ip/design_1_auto_cc_1/design_1_auto_cc_1_clocks.xdc:17]
WARNING: [Vivado 12-508] No pins matched 'get_pins -hierarchical * -filter {(NAME=~*gen_clock_conv.gen_async_conv.asyncfifo_axi/inst_fifo_gen/gaxi_full_lite.g*_ch.g*ch2.axi_*/grf.rf/rstblk/ngwrdrst.grst.g7serrst.gnsckt_wrst.gic_rst.rst_rd_reg2_inst/arststages_ff_reg*/PRE) || (NAME=~*gen_clock_conv.gen_async_conv.asyncfifo_axi/inst_fifo_gen/gaxi_full_lite.g*_ch.g*ch2.axi_*/grf.rf/rstblk/ngwrdrst.grst.g7serrst.gnsckt_wrst.rst_wr_reg2_inst/arststages_ff_reg*/PRE)}'. [/home/dipen/Kintex7/board-design-3/board-design-3.srcs/sources_1/bd/design_1/ip/design_1_auto_cc_1/design_1_auto_cc_1_clocks.xdc:17]
WARNING: [Vivado_Tcl 4-939] Waiver ID 'LUTAR-1' object list should not be empty (perhaps an invalid wildcard was used or only unsupported objects). [/home/dipen/Kintex7/board-design-3/board-design-3.srcs/sources_1/bd/design_1/ip/design_1_auto_cc_1/design_1_auto_cc_1_clocks.xdc:17]
Finished Parsing XDC File [/home/dipen/Kintex7/board-design-3/board-design-3.srcs/sources_1/bd/design_1/ip/design_1_auto_cc_1/design_1_auto_cc_1_clocks.xdc] for cell 'design_1_i/axi_interconnect_0/m03_couplers/auto_cc/inst'
Sourcing Tcl File [/tools/Xilinx/Vivado/2020.1/data/ip/xpm/xpm_cdc/tcl/xpm_cdc_gray.tcl] for cell 'design_1_i/smartconnect_0/inst/m00_nodes/m00_ar_node/inst/inst_mi_handler/gen_normal_area.inst_fifo_node_payld/gen_xpm_memory_fifo.inst_fifo/gen_async_clocks.inst_cdc_addrb_to_wr_clk'
Finished Sourcing Tcl File [/tools/Xilinx/Vivado/2020.1/data/ip/xpm/xpm_cdc/tcl/xpm_cdc_gray.tcl] for cell 'design_1_i/smartconnect_0/inst/m00_nodes/m00_ar_node/inst/inst_mi_handler/gen_normal_area.inst_fifo_node_payld/gen_xpm_memory_fifo.inst_fifo/gen_async_clocks.inst_cdc_addrb_to_wr_clk'
Sourcing Tcl File [/tools/Xilinx/Vivado/2020.1/data/ip/xpm/xpm_cdc/tcl/xpm_cdc_gray.tcl] for cell 'design_1_i/smartconnect_0/inst/m01_nodes/m01_w_node/inst/inst_mi_handler/gen_normal_area.inst_fifo_node_payld/gen_xpm_memory_fifo.inst_fifo/gen_async_clocks.inst_cdc_addra_to_rd_clk'
Finished Sourcing Tcl File [/tools/Xilinx/Vivado/2020.1/data/ip/xpm/xpm_cdc/tcl/xpm_cdc_gray.tcl] for cell 'design_1_i/smartconnect_0/inst/m01_nodes/m01_w_node/inst/inst_mi_handler/gen_normal_area.inst_fifo_node_payld/gen_xpm_memory_fifo.inst_fifo/gen_async_clocks.inst_cdc_addra_to_rd_clk'
Sourcing Tcl File [/tools/Xilinx/Vivado/2020.1/data/ip/xpm/xpm_cdc/tcl/xpm_cdc_gray.tcl] for cell 'design_1_i/smartconnect_0/inst/m01_nodes/m01_w_node/inst/inst_mi_handler/gen_normal_area.inst_fifo_node_payld/gen_xpm_memory_fifo.inst_fifo/gen_async_clocks.inst_cdc_addrb_to_wr_clk'
Finished Sourcing Tcl File [/tools/Xilinx/Vivado/2020.1/data/ip/xpm/xpm_cdc/tcl/xpm_cdc_gray.tcl] for cell 'design_1_i/smartconnect_0/inst/m01_nodes/m01_w_node/inst/inst_mi_handler/gen_normal_area.inst_fifo_node_payld/gen_xpm_memory_fifo.inst_fifo/gen_async_clocks.inst_cdc_addrb_to_wr_clk'
Sourcing Tcl File [/tools/Xilinx/Vivado/2020.1/data/ip/xpm/xpm_cdc/tcl/xpm_cdc_gray.tcl] for cell 'design_1_i/smartconnect_0/inst/m01_nodes/m01_r_node/inst/inst_mi_handler/gen_normal_area.inst_fifo_node_payld/gen_xpm_memory_fifo.inst_fifo/gen_async_clocks.inst_cdc_addra_to_rd_clk'
Finished Sourcing Tcl File [/tools/Xilinx/Vivado/2020.1/data/ip/xpm/xpm_cdc/tcl/xpm_cdc_gray.tcl] for cell 'design_1_i/smartconnect_0/inst/m01_nodes/m01_r_node/inst/inst_mi_handler/gen_normal_area.inst_fifo_node_payld/gen_xpm_memory_fifo.inst_fifo/gen_async_clocks.inst_cdc_addra_to_rd_clk'
Sourcing Tcl File [/tools/Xilinx/Vivado/2020.1/data/ip/xpm/xpm_cdc/tcl/xpm_cdc_gray.tcl] for cell 'design_1_i/smartconnect_0/inst/m01_nodes/m01_r_node/inst/inst_mi_handler/gen_normal_area.inst_fifo_node_payld/gen_xpm_memory_fifo.inst_fifo/gen_async_clocks.inst_cdc_addrb_to_wr_clk'
Finished Sourcing Tcl File [/tools/Xilinx/Vivado/2020.1/data/ip/xpm/xpm_cdc/tcl/xpm_cdc_gray.tcl] for cell 'design_1_i/smartconnect_0/inst/m01_nodes/m01_r_node/inst/inst_mi_handler/gen_normal_area.inst_fifo_node_payld/gen_xpm_memory_fifo.inst_fifo/gen_async_clocks.inst_cdc_addrb_to_wr_clk'
Sourcing Tcl File [/tools/Xilinx/Vivado/2020.1/data/ip/xpm/xpm_cdc/tcl/xpm_cdc_gray.tcl] for cell 'design_1_i/smartconnect_0/inst/m01_nodes/m01_r_node/inst/inst_mi_handler/gen_normal_area.gen_fifo_req.inst_fifo_req/gen_xpm_memory_fifo.inst_fifo/gen_async_clocks.inst_cdc_addra_to_rd_clk'
Finished Sourcing Tcl File [/tools/Xilinx/Vivado/2020.1/data/ip/xpm/xpm_cdc/tcl/xpm_cdc_gray.tcl] for cell 'design_1_i/smartconnect_0/inst/m01_nodes/m01_r_node/inst/inst_mi_handler/gen_normal_area.gen_fifo_req.inst_fifo_req/gen_xpm_memory_fifo.inst_fifo/gen_async_clocks.inst_cdc_addra_to_rd_clk'
Sourcing Tcl File [/tools/Xilinx/Vivado/2020.1/data/ip/xpm/xpm_cdc/tcl/xpm_cdc_gray.tcl] for cell 'design_1_i/smartconnect_0/inst/m01_nodes/m01_r_node/inst/inst_mi_handler/gen_normal_area.gen_fifo_req.inst_fifo_req/gen_xpm_memory_fifo.inst_fifo/gen_async_clocks.inst_cdc_addrb_to_wr_clk'
Finished Sourcing Tcl File [/tools/Xilinx/Vivado/2020.1/data/ip/xpm/xpm_cdc/tcl/xpm_cdc_gray.tcl] for cell 'design_1_i/smartconnect_0/inst/m01_nodes/m01_r_node/inst/inst_mi_handler/gen_normal_area.gen_fifo_req.inst_fifo_req/gen_xpm_memory_fifo.inst_fifo/gen_async_clocks.inst_cdc_addrb_to_wr_clk'
Sourcing Tcl File [/tools/Xilinx/Vivado/2020.1/data/ip/xpm/xpm_cdc/tcl/xpm_cdc_gray.tcl] for cell 'design_1_i/smartconnect_0/inst/m01_nodes/m01_b_node/inst/inst_mi_handler/gen_normal_area.inst_fifo_node_payld/gen_xpm_memory_fifo.inst_fifo/gen_async_clocks.inst_cdc_addra_to_rd_clk'
Finished Sourcing Tcl File [/tools/Xilinx/Vivado/2020.1/data/ip/xpm/xpm_cdc/tcl/xpm_cdc_gray.tcl] for cell 'design_1_i/smartconnect_0/inst/m01_nodes/m01_b_node/inst/inst_mi_handler/gen_normal_area.inst_fifo_node_payld/gen_xpm_memory_fifo.inst_fifo/gen_async_clocks.inst_cdc_addra_to_rd_clk'
Sourcing Tcl File [/tools/Xilinx/Vivado/2020.1/data/ip/xpm/xpm_cdc/tcl/xpm_cdc_gray.tcl] for cell 'design_1_i/smartconnect_0/inst/m01_nodes/m01_b_node/inst/inst_mi_handler/gen_normal_area.inst_fifo_node_payld/gen_xpm_memory_fifo.inst_fifo/gen_async_clocks.inst_cdc_addrb_to_wr_clk'
Finished Sourcing Tcl File [/tools/Xilinx/Vivado/2020.1/data/ip/xpm/xpm_cdc/tcl/xpm_cdc_gray.tcl] for cell 'design_1_i/smartconnect_0/inst/m01_nodes/m01_b_node/inst/inst_mi_handler/gen_normal_area.inst_fifo_node_payld/gen_xpm_memory_fifo.inst_fifo/gen_async_clocks.inst_cdc_addrb_to_wr_clk'
Sourcing Tcl File [/tools/Xilinx/Vivado/2020.1/data/ip/xpm/xpm_cdc/tcl/xpm_cdc_gray.tcl] for cell 'design_1_i/smartconnect_0/inst/m01_nodes/m01_b_node/inst/inst_mi_handler/gen_normal_area.gen_fifo_req.inst_fifo_req/gen_xpm_memory_fifo.inst_fifo/gen_async_clocks.inst_cdc_addra_to_rd_clk'
Finished Sourcing Tcl File [/tools/Xilinx/Vivado/2020.1/data/ip/xpm/xpm_cdc/tcl/xpm_cdc_gray.tcl] for cell 'design_1_i/smartconnect_0/inst/m01_nodes/m01_b_node/inst/inst_mi_handler/gen_normal_area.gen_fifo_req.inst_fifo_req/gen_xpm_memory_fifo.inst_fifo/gen_async_clocks.inst_cdc_addra_to_rd_clk'
Sourcing Tcl File [/tools/Xilinx/Vivado/2020.1/data/ip/xpm/xpm_cdc/tcl/xpm_cdc_gray.tcl] for cell 'design_1_i/smartconnect_0/inst/m01_nodes/m01_b_node/inst/inst_mi_handler/gen_normal_area.gen_fifo_req.inst_fifo_req/gen_xpm_memory_fifo.inst_fifo/gen_async_clocks.inst_cdc_addrb_to_wr_clk'
Finished Sourcing Tcl File [/tools/Xilinx/Vivado/2020.1/data/ip/xpm/xpm_cdc/tcl/xpm_cdc_gray.tcl] for cell 'design_1_i/smartconnect_0/inst/m01_nodes/m01_b_node/inst/inst_mi_handler/gen_normal_area.gen_fifo_req.inst_fifo_req/gen_xpm_memory_fifo.inst_fifo/gen_async_clocks.inst_cdc_addrb_to_wr_clk'
Sourcing Tcl File [/tools/Xilinx/Vivado/2020.1/data/ip/xpm/xpm_cdc/tcl/xpm_cdc_gray.tcl] for cell 'design_1_i/smartconnect_0/inst/m01_nodes/m01_aw_node/inst/inst_mi_handler/gen_normal_area.inst_fifo_node_payld/gen_xpm_memory_fifo.inst_fifo/gen_async_clocks.inst_cdc_addra_to_rd_clk'
Finished Sourcing Tcl File [/tools/Xilinx/Vivado/2020.1/data/ip/xpm/xpm_cdc/tcl/xpm_cdc_gray.tcl] for cell 'design_1_i/smartconnect_0/inst/m01_nodes/m01_aw_node/inst/inst_mi_handler/gen_normal_area.inst_fifo_node_payld/gen_xpm_memory_fifo.inst_fifo/gen_async_clocks.inst_cdc_addra_to_rd_clk'
Sourcing Tcl File [/tools/Xilinx/Vivado/2020.1/data/ip/xpm/xpm_cdc/tcl/xpm_cdc_gray.tcl] for cell 'design_1_i/smartconnect_0/inst/m01_nodes/m01_aw_node/inst/inst_mi_handler/gen_normal_area.inst_fifo_node_payld/gen_xpm_memory_fifo.inst_fifo/gen_async_clocks.inst_cdc_addrb_to_wr_clk'
Finished Sourcing Tcl File [/tools/Xilinx/Vivado/2020.1/data/ip/xpm/xpm_cdc/tcl/xpm_cdc_gray.tcl] for cell 'design_1_i/smartconnect_0/inst/m01_nodes/m01_aw_node/inst/inst_mi_handler/gen_normal_area.inst_fifo_node_payld/gen_xpm_memory_fifo.inst_fifo/gen_async_clocks.inst_cdc_addrb_to_wr_clk'
Sourcing Tcl File [/tools/Xilinx/Vivado/2020.1/data/ip/xpm/xpm_cdc/tcl/xpm_cdc_gray.tcl] for cell 'design_1_i/smartconnect_0/inst/m01_nodes/m01_ar_node/inst/inst_mi_handler/gen_normal_area.inst_fifo_node_payld/gen_xpm_memory_fifo.inst_fifo/gen_async_clocks.inst_cdc_addra_to_rd_clk'
Finished Sourcing Tcl File [/tools/Xilinx/Vivado/2020.1/data/ip/xpm/xpm_cdc/tcl/xpm_cdc_gray.tcl] for cell 'design_1_i/smartconnect_0/inst/m01_nodes/m01_ar_node/inst/inst_mi_handler/gen_normal_area.inst_fifo_node_payld/gen_xpm_memory_fifo.inst_fifo/gen_async_clocks.inst_cdc_addra_to_rd_clk'
Sourcing Tcl File [/tools/Xilinx/Vivado/2020.1/data/ip/xpm/xpm_cdc/tcl/xpm_cdc_gray.tcl] for cell 'design_1_i/smartconnect_0/inst/m01_nodes/m01_ar_node/inst/inst_mi_handler/gen_normal_area.inst_fifo_node_payld/gen_xpm_memory_fifo.inst_fifo/gen_async_clocks.inst_cdc_addrb_to_wr_clk'
Finished Sourcing Tcl File [/tools/Xilinx/Vivado/2020.1/data/ip/xpm/xpm_cdc/tcl/xpm_cdc_gray.tcl] for cell 'design_1_i/smartconnect_0/inst/m01_nodes/m01_ar_node/inst/inst_mi_handler/gen_normal_area.inst_fifo_node_payld/gen_xpm_memory_fifo.inst_fifo/gen_async_clocks.inst_cdc_addrb_to_wr_clk'
Sourcing Tcl File [/tools/Xilinx/Vivado/2020.1/data/ip/xpm/xpm_cdc/tcl/xpm_cdc_gray.tcl] for cell 'design_1_i/smartconnect_0/inst/m00_nodes/m00_w_node/inst/inst_mi_handler/gen_normal_area.inst_fifo_node_payld/gen_xpm_memory_fifo.inst_fifo/gen_async_clocks.inst_cdc_addra_to_rd_clk'
Finished Sourcing Tcl File [/tools/Xilinx/Vivado/2020.1/data/ip/xpm/xpm_cdc/tcl/xpm_cdc_gray.tcl] for cell 'design_1_i/smartconnect_0/inst/m00_nodes/m00_w_node/inst/inst_mi_handler/gen_normal_area.inst_fifo_node_payld/gen_xpm_memory_fifo.inst_fifo/gen_async_clocks.inst_cdc_addra_to_rd_clk'
Sourcing Tcl File [/tools/Xilinx/Vivado/2020.1/data/ip/xpm/xpm_cdc/tcl/xpm_cdc_gray.tcl] for cell 'design_1_i/smartconnect_0/inst/m00_nodes/m00_w_node/inst/inst_mi_handler/gen_normal_area.inst_fifo_node_payld/gen_xpm_memory_fifo.inst_fifo/gen_async_clocks.inst_cdc_addrb_to_wr_clk'
Finished Sourcing Tcl File [/tools/Xilinx/Vivado/2020.1/data/ip/xpm/xpm_cdc/tcl/xpm_cdc_gray.tcl] for cell 'design_1_i/smartconnect_0/inst/m00_nodes/m00_w_node/inst/inst_mi_handler/gen_normal_area.inst_fifo_node_payld/gen_xpm_memory_fifo.inst_fifo/gen_async_clocks.inst_cdc_addrb_to_wr_clk'
Sourcing Tcl File [/tools/Xilinx/Vivado/2020.1/data/ip/xpm/xpm_cdc/tcl/xpm_cdc_gray.tcl] for cell 'design_1_i/smartconnect_0/inst/m00_nodes/m00_r_node/inst/inst_mi_handler/gen_normal_area.inst_fifo_node_payld/gen_xpm_memory_fifo.inst_fifo/gen_async_clocks.inst_cdc_addra_to_rd_clk'
Finished Sourcing Tcl File [/tools/Xilinx/Vivado/2020.1/data/ip/xpm/xpm_cdc/tcl/xpm_cdc_gray.tcl] for cell 'design_1_i/smartconnect_0/inst/m00_nodes/m00_r_node/inst/inst_mi_handler/gen_normal_area.inst_fifo_node_payld/gen_xpm_memory_fifo.inst_fifo/gen_async_clocks.inst_cdc_addra_to_rd_clk'
Sourcing Tcl File [/tools/Xilinx/Vivado/2020.1/data/ip/xpm/xpm_cdc/tcl/xpm_cdc_gray.tcl] for cell 'design_1_i/smartconnect_0/inst/m00_nodes/m00_r_node/inst/inst_mi_handler/gen_normal_area.inst_fifo_node_payld/gen_xpm_memory_fifo.inst_fifo/gen_async_clocks.inst_cdc_addrb_to_wr_clk'
Finished Sourcing Tcl File [/tools/Xilinx/Vivado/2020.1/data/ip/xpm/xpm_cdc/tcl/xpm_cdc_gray.tcl] for cell 'design_1_i/smartconnect_0/inst/m00_nodes/m00_r_node/inst/inst_mi_handler/gen_normal_area.inst_fifo_node_payld/gen_xpm_memory_fifo.inst_fifo/gen_async_clocks.inst_cdc_addrb_to_wr_clk'
Sourcing Tcl File [/tools/Xilinx/Vivado/2020.1/data/ip/xpm/xpm_cdc/tcl/xpm_cdc_gray.tcl] for cell 'design_1_i/smartconnect_0/inst/m00_nodes/m00_r_node/inst/inst_mi_handler/gen_normal_area.gen_fifo_req.inst_fifo_req/gen_xpm_memory_fifo.inst_fifo/gen_async_clocks.inst_cdc_addra_to_rd_clk'
Finished Sourcing Tcl File [/tools/Xilinx/Vivado/2020.1/data/ip/xpm/xpm_cdc/tcl/xpm_cdc_gray.tcl] for cell 'design_1_i/smartconnect_0/inst/m00_nodes/m00_r_node/inst/inst_mi_handler/gen_normal_area.gen_fifo_req.inst_fifo_req/gen_xpm_memory_fifo.inst_fifo/gen_async_clocks.inst_cdc_addra_to_rd_clk'
Sourcing Tcl File [/tools/Xilinx/Vivado/2020.1/data/ip/xpm/xpm_cdc/tcl/xpm_cdc_gray.tcl] for cell 'design_1_i/smartconnect_0/inst/m00_nodes/m00_r_node/inst/inst_mi_handler/gen_normal_area.gen_fifo_req.inst_fifo_req/gen_xpm_memory_fifo.inst_fifo/gen_async_clocks.inst_cdc_addrb_to_wr_clk'
Finished Sourcing Tcl File [/tools/Xilinx/Vivado/2020.1/data/ip/xpm/xpm_cdc/tcl/xpm_cdc_gray.tcl] for cell 'design_1_i/smartconnect_0/inst/m00_nodes/m00_r_node/inst/inst_mi_handler/gen_normal_area.gen_fifo_req.inst_fifo_req/gen_xpm_memory_fifo.inst_fifo/gen_async_clocks.inst_cdc_addrb_to_wr_clk'
Sourcing Tcl File [/tools/Xilinx/Vivado/2020.1/data/ip/xpm/xpm_cdc/tcl/xpm_cdc_gray.tcl] for cell 'design_1_i/smartconnect_0/inst/m00_nodes/m00_b_node/inst/inst_mi_handler/gen_normal_area.inst_fifo_node_payld/gen_xpm_memory_fifo.inst_fifo/gen_async_clocks.inst_cdc_addra_to_rd_clk'
Finished Sourcing Tcl File [/tools/Xilinx/Vivado/2020.1/data/ip/xpm/xpm_cdc/tcl/xpm_cdc_gray.tcl] for cell 'design_1_i/smartconnect_0/inst/m00_nodes/m00_b_node/inst/inst_mi_handler/gen_normal_area.inst_fifo_node_payld/gen_xpm_memory_fifo.inst_fifo/gen_async_clocks.inst_cdc_addra_to_rd_clk'
Sourcing Tcl File [/tools/Xilinx/Vivado/2020.1/data/ip/xpm/xpm_cdc/tcl/xpm_cdc_gray.tcl] for cell 'design_1_i/smartconnect_0/inst/m00_nodes/m00_b_node/inst/inst_mi_handler/gen_normal_area.inst_fifo_node_payld/gen_xpm_memory_fifo.inst_fifo/gen_async_clocks.inst_cdc_addrb_to_wr_clk'
Finished Sourcing Tcl File [/tools/Xilinx/Vivado/2020.1/data/ip/xpm/xpm_cdc/tcl/xpm_cdc_gray.tcl] for cell 'design_1_i/smartconnect_0/inst/m00_nodes/m00_b_node/inst/inst_mi_handler/gen_normal_area.inst_fifo_node_payld/gen_xpm_memory_fifo.inst_fifo/gen_async_clocks.inst_cdc_addrb_to_wr_clk'
Sourcing Tcl File [/tools/Xilinx/Vivado/2020.1/data/ip/xpm/xpm_cdc/tcl/xpm_cdc_gray.tcl] for cell 'design_1_i/smartconnect_0/inst/m00_nodes/m00_b_node/inst/inst_mi_handler/gen_normal_area.gen_fifo_req.inst_fifo_req/gen_xpm_memory_fifo.inst_fifo/gen_async_clocks.inst_cdc_addra_to_rd_clk'
Finished Sourcing Tcl File [/tools/Xilinx/Vivado/2020.1/data/ip/xpm/xpm_cdc/tcl/xpm_cdc_gray.tcl] for cell 'design_1_i/smartconnect_0/inst/m00_nodes/m00_b_node/inst/inst_mi_handler/gen_normal_area.gen_fifo_req.inst_fifo_req/gen_xpm_memory_fifo.inst_fifo/gen_async_clocks.inst_cdc_addra_to_rd_clk'
Sourcing Tcl File [/tools/Xilinx/Vivado/2020.1/data/ip/xpm/xpm_cdc/tcl/xpm_cdc_gray.tcl] for cell 'design_1_i/smartconnect_0/inst/m00_nodes/m00_b_node/inst/inst_mi_handler/gen_normal_area.gen_fifo_req.inst_fifo_req/gen_xpm_memory_fifo.inst_fifo/gen_async_clocks.inst_cdc_addrb_to_wr_clk'
Finished Sourcing Tcl File [/tools/Xilinx/Vivado/2020.1/data/ip/xpm/xpm_cdc/tcl/xpm_cdc_gray.tcl] for cell 'design_1_i/smartconnect_0/inst/m00_nodes/m00_b_node/inst/inst_mi_handler/gen_normal_area.gen_fifo_req.inst_fifo_req/gen_xpm_memory_fifo.inst_fifo/gen_async_clocks.inst_cdc_addrb_to_wr_clk'
Sourcing Tcl File [/tools/Xilinx/Vivado/2020.1/data/ip/xpm/xpm_cdc/tcl/xpm_cdc_gray.tcl] for cell 'design_1_i/smartconnect_0/inst/m00_nodes/m00_aw_node/inst/inst_mi_handler/gen_normal_area.inst_fifo_node_payld/gen_xpm_memory_fifo.inst_fifo/gen_async_clocks.inst_cdc_addra_to_rd_clk'
Finished Sourcing Tcl File [/tools/Xilinx/Vivado/2020.1/data/ip/xpm/xpm_cdc/tcl/xpm_cdc_gray.tcl] for cell 'design_1_i/smartconnect_0/inst/m00_nodes/m00_aw_node/inst/inst_mi_handler/gen_normal_area.inst_fifo_node_payld/gen_xpm_memory_fifo.inst_fifo/gen_async_clocks.inst_cdc_addra_to_rd_clk'
Sourcing Tcl File [/tools/Xilinx/Vivado/2020.1/data/ip/xpm/xpm_cdc/tcl/xpm_cdc_gray.tcl] for cell 'design_1_i/smartconnect_0/inst/m00_nodes/m00_aw_node/inst/inst_mi_handler/gen_normal_area.inst_fifo_node_payld/gen_xpm_memory_fifo.inst_fifo/gen_async_clocks.inst_cdc_addrb_to_wr_clk'
Finished Sourcing Tcl File [/tools/Xilinx/Vivado/2020.1/data/ip/xpm/xpm_cdc/tcl/xpm_cdc_gray.tcl] for cell 'design_1_i/smartconnect_0/inst/m00_nodes/m00_aw_node/inst/inst_mi_handler/gen_normal_area.inst_fifo_node_payld/gen_xpm_memory_fifo.inst_fifo/gen_async_clocks.inst_cdc_addrb_to_wr_clk'
Sourcing Tcl File [/tools/Xilinx/Vivado/2020.1/data/ip/xpm/xpm_cdc/tcl/xpm_cdc_gray.tcl] for cell 'design_1_i/smartconnect_0/inst/m00_nodes/m00_ar_node/inst/inst_mi_handler/gen_normal_area.inst_fifo_node_payld/gen_xpm_memory_fifo.inst_fifo/gen_async_clocks.inst_cdc_addra_to_rd_clk'
Finished Sourcing Tcl File [/tools/Xilinx/Vivado/2020.1/data/ip/xpm/xpm_cdc/tcl/xpm_cdc_gray.tcl] for cell 'design_1_i/smartconnect_0/inst/m00_nodes/m00_ar_node/inst/inst_mi_handler/gen_normal_area.inst_fifo_node_payld/gen_xpm_memory_fifo.inst_fifo/gen_async_clocks.inst_cdc_addra_to_rd_clk'
Sourcing Tcl File [/tools/Xilinx/Vivado/2020.1/data/ip/xpm/xpm_cdc/tcl/xpm_cdc_handshake.tcl] for cell 'design_1_i/axi_interconnect_0/m03_couplers/auto_cc/inst/gen_clock_conv.gen_async_lite_conv.clock_conv_lite_fwd_ar/handshake'
Finished Sourcing Tcl File [/tools/Xilinx/Vivado/2020.1/data/ip/xpm/xpm_cdc/tcl/xpm_cdc_handshake.tcl] for cell 'design_1_i/axi_interconnect_0/m03_couplers/auto_cc/inst/gen_clock_conv.gen_async_lite_conv.clock_conv_lite_fwd_ar/handshake'
Sourcing Tcl File [/tools/Xilinx/Vivado/2020.1/data/ip/xpm/xpm_cdc/tcl/xpm_cdc_handshake.tcl] for cell 'design_1_i/axi_interconnect_0/m03_couplers/auto_cc/inst/gen_clock_conv.gen_async_lite_conv.clock_conv_lite_fwd_w/handshake'
Finished Sourcing Tcl File [/tools/Xilinx/Vivado/2020.1/data/ip/xpm/xpm_cdc/tcl/xpm_cdc_handshake.tcl] for cell 'design_1_i/axi_interconnect_0/m03_couplers/auto_cc/inst/gen_clock_conv.gen_async_lite_conv.clock_conv_lite_fwd_w/handshake'
Sourcing Tcl File [/tools/Xilinx/Vivado/2020.1/data/ip/xpm/xpm_cdc/tcl/xpm_cdc_handshake.tcl] for cell 'design_1_i/axi_interconnect_0/m02_couplers/auto_cc/inst/gen_clock_conv.gen_async_lite_conv.clock_conv_lite_fwd_w/handshake'
Finished Sourcing Tcl File [/tools/Xilinx/Vivado/2020.1/data/ip/xpm/xpm_cdc/tcl/xpm_cdc_handshake.tcl] for cell 'design_1_i/axi_interconnect_0/m02_couplers/auto_cc/inst/gen_clock_conv.gen_async_lite_conv.clock_conv_lite_fwd_w/handshake'
Sourcing Tcl File [/tools/Xilinx/Vivado/2020.1/data/ip/xpm/xpm_cdc/tcl/xpm_cdc_handshake.tcl] for cell 'design_1_i/axi_interconnect_0/m03_couplers/auto_cc/inst/gen_clock_conv.gen_async_lite_conv.clock_conv_lite_resp_b/handshake'
Finished Sourcing Tcl File [/tools/Xilinx/Vivado/2020.1/data/ip/xpm/xpm_cdc/tcl/xpm_cdc_handshake.tcl] for cell 'design_1_i/axi_interconnect_0/m03_couplers/auto_cc/inst/gen_clock_conv.gen_async_lite_conv.clock_conv_lite_resp_b/handshake'
Sourcing Tcl File [/tools/Xilinx/Vivado/2020.1/data/ip/xpm/xpm_cdc/tcl/xpm_cdc_handshake.tcl] for cell 'design_1_i/axi_interconnect_0/m02_couplers/auto_cc/inst/gen_clock_conv.gen_async_lite_conv.clock_conv_lite_resp_b/handshake'
Finished Sourcing Tcl File [/tools/Xilinx/Vivado/2020.1/data/ip/xpm/xpm_cdc/tcl/xpm_cdc_handshake.tcl] for cell 'design_1_i/axi_interconnect_0/m02_couplers/auto_cc/inst/gen_clock_conv.gen_async_lite_conv.clock_conv_lite_resp_b/handshake'
Sourcing Tcl File [/tools/Xilinx/Vivado/2020.1/data/ip/xpm/xpm_cdc/tcl/xpm_cdc_handshake.tcl] for cell 'design_1_i/axi_interconnect_0/m03_couplers/auto_cc/inst/gen_clock_conv.gen_async_lite_conv.clock_conv_lite_resp_r/handshake'
Finished Sourcing Tcl File [/tools/Xilinx/Vivado/2020.1/data/ip/xpm/xpm_cdc/tcl/xpm_cdc_handshake.tcl] for cell 'design_1_i/axi_interconnect_0/m03_couplers/auto_cc/inst/gen_clock_conv.gen_async_lite_conv.clock_conv_lite_resp_r/handshake'
Sourcing Tcl File [/tools/Xilinx/Vivado/2020.1/data/ip/xpm/xpm_cdc/tcl/xpm_cdc_handshake.tcl] for cell 'design_1_i/axi_interconnect_0/m02_couplers/auto_cc/inst/gen_clock_conv.gen_async_lite_conv.clock_conv_lite_resp_r/handshake'
Finished Sourcing Tcl File [/tools/Xilinx/Vivado/2020.1/data/ip/xpm/xpm_cdc/tcl/xpm_cdc_handshake.tcl] for cell 'design_1_i/axi_interconnect_0/m02_couplers/auto_cc/inst/gen_clock_conv.gen_async_lite_conv.clock_conv_lite_resp_r/handshake'
Sourcing Tcl File [/tools/Xilinx/Vivado/2020.1/data/ip/xpm/xpm_cdc/tcl/xpm_cdc_handshake.tcl] for cell 'design_1_i/axi_interconnect_0/m02_couplers/auto_cc/inst/gen_clock_conv.gen_async_lite_conv.clock_conv_lite_fwd_aw/handshake'
Finished Sourcing Tcl File [/tools/Xilinx/Vivado/2020.1/data/ip/xpm/xpm_cdc/tcl/xpm_cdc_handshake.tcl] for cell 'design_1_i/axi_interconnect_0/m02_couplers/auto_cc/inst/gen_clock_conv.gen_async_lite_conv.clock_conv_lite_fwd_aw/handshake'
Sourcing Tcl File [/tools/Xilinx/Vivado/2020.1/data/ip/xpm/xpm_cdc/tcl/xpm_cdc_handshake.tcl] for cell 'design_1_i/axi_interconnect_0/m02_couplers/auto_cc/inst/gen_clock_conv.gen_async_lite_conv.clock_conv_lite_fwd_ar/handshake'
Finished Sourcing Tcl File [/tools/Xilinx/Vivado/2020.1/data/ip/xpm/xpm_cdc/tcl/xpm_cdc_handshake.tcl] for cell 'design_1_i/axi_interconnect_0/m02_couplers/auto_cc/inst/gen_clock_conv.gen_async_lite_conv.clock_conv_lite_fwd_ar/handshake'
Sourcing Tcl File [/tools/Xilinx/Vivado/2020.1/data/ip/xpm/xpm_cdc/tcl/xpm_cdc_handshake.tcl] for cell 'design_1_i/axi_interconnect_0/m03_couplers/auto_cc/inst/gen_clock_conv.gen_async_lite_conv.clock_conv_lite_fwd_aw/handshake'
Finished Sourcing Tcl File [/tools/Xilinx/Vivado/2020.1/data/ip/xpm/xpm_cdc/tcl/xpm_cdc_handshake.tcl] for cell 'design_1_i/axi_interconnect_0/m03_couplers/auto_cc/inst/gen_clock_conv.gen_async_lite_conv.clock_conv_lite_fwd_aw/handshake'
Sourcing Tcl File [/tools/Xilinx/Vivado/2020.1/data/ip/xpm/xpm_cdc/tcl/xpm_cdc_single.tcl] for cell 'design_1_i/axi_interconnect_0/m02_couplers/auto_cc/inst/gen_clock_conv.gen_async_lite_conv.clock_conv_lite_fwd_aw/handshake/xpm_cdc_single_dest2src_inst'
Finished Sourcing Tcl File [/tools/Xilinx/Vivado/2020.1/data/ip/xpm/xpm_cdc/tcl/xpm_cdc_single.tcl] for cell 'design_1_i/axi_interconnect_0/m02_couplers/auto_cc/inst/gen_clock_conv.gen_async_lite_conv.clock_conv_lite_fwd_aw/handshake/xpm_cdc_single_dest2src_inst'
Sourcing Tcl File [/tools/Xilinx/Vivado/2020.1/data/ip/xpm/xpm_cdc/tcl/xpm_cdc_single.tcl] for cell 'design_1_i/axi_interconnect_0/m03_couplers/auto_cc/inst/gen_clock_conv.gen_async_lite_conv.clock_conv_lite_resp_r/handshake/xpm_cdc_single_src2dest_inst'
Finished Sourcing Tcl File [/tools/Xilinx/Vivado/2020.1/data/ip/xpm/xpm_cdc/tcl/xpm_cdc_single.tcl] for cell 'design_1_i/axi_interconnect_0/m03_couplers/auto_cc/inst/gen_clock_conv.gen_async_lite_conv.clock_conv_lite_resp_r/handshake/xpm_cdc_single_src2dest_inst'
Sourcing Tcl File [/tools/Xilinx/Vivado/2020.1/data/ip/xpm/xpm_cdc/tcl/xpm_cdc_single.tcl] for cell 'design_1_i/axi_interconnect_0/m03_couplers/auto_cc/inst/gen_clock_conv.gen_async_lite_conv.clock_conv_lite_resp_r/handshake/xpm_cdc_single_dest2src_inst'
Finished Sourcing Tcl File [/tools/Xilinx/Vivado/2020.1/data/ip/xpm/xpm_cdc/tcl/xpm_cdc_single.tcl] for cell 'design_1_i/axi_interconnect_0/m03_couplers/auto_cc/inst/gen_clock_conv.gen_async_lite_conv.clock_conv_lite_resp_r/handshake/xpm_cdc_single_dest2src_inst'
Sourcing Tcl File [/tools/Xilinx/Vivado/2020.1/data/ip/xpm/xpm_cdc/tcl/xpm_cdc_single.tcl] for cell 'design_1_i/axi_interconnect_0/m03_couplers/auto_cc/inst/gen_clock_conv.gen_async_lite_conv.clock_conv_lite_resp_b/handshake/xpm_cdc_single_src2dest_inst'
Finished Sourcing Tcl File [/tools/Xilinx/Vivado/2020.1/data/ip/xpm/xpm_cdc/tcl/xpm_cdc_single.tcl] for cell 'design_1_i/axi_interconnect_0/m03_couplers/auto_cc/inst/gen_clock_conv.gen_async_lite_conv.clock_conv_lite_resp_b/handshake/xpm_cdc_single_src2dest_inst'
Sourcing Tcl File [/tools/Xilinx/Vivado/2020.1/data/ip/xpm/xpm_cdc/tcl/xpm_cdc_single.tcl] for cell 'design_1_i/axi_interconnect_0/m03_couplers/auto_cc/inst/gen_clock_conv.gen_async_lite_conv.clock_conv_lite_resp_b/handshake/xpm_cdc_single_dest2src_inst'
Finished Sourcing Tcl File [/tools/Xilinx/Vivado/2020.1/data/ip/xpm/xpm_cdc/tcl/xpm_cdc_single.tcl] for cell 'design_1_i/axi_interconnect_0/m03_couplers/auto_cc/inst/gen_clock_conv.gen_async_lite_conv.clock_conv_lite_resp_b/handshake/xpm_cdc_single_dest2src_inst'
Sourcing Tcl File [/tools/Xilinx/Vivado/2020.1/data/ip/xpm/xpm_cdc/tcl/xpm_cdc_single.tcl] for cell 'design_1_i/axi_interconnect_0/m03_couplers/auto_cc/inst/gen_clock_conv.gen_async_lite_conv.clock_conv_lite_fwd_w/handshake/xpm_cdc_single_src2dest_inst'
Finished Sourcing Tcl File [/tools/Xilinx/Vivado/2020.1/data/ip/xpm/xpm_cdc/tcl/xpm_cdc_single.tcl] for cell 'design_1_i/axi_interconnect_0/m03_couplers/auto_cc/inst/gen_clock_conv.gen_async_lite_conv.clock_conv_lite_fwd_w/handshake/xpm_cdc_single_src2dest_inst'
Sourcing Tcl File [/tools/Xilinx/Vivado/2020.1/data/ip/xpm/xpm_cdc/tcl/xpm_cdc_single.tcl] for cell 'design_1_i/axi_interconnect_0/m03_couplers/auto_cc/inst/gen_clock_conv.gen_async_lite_conv.clock_conv_lite_fwd_w/handshake/xpm_cdc_single_dest2src_inst'
Finished Sourcing Tcl File [/tools/Xilinx/Vivado/2020.1/data/ip/xpm/xpm_cdc/tcl/xpm_cdc_single.tcl] for cell 'design_1_i/axi_interconnect_0/m03_couplers/auto_cc/inst/gen_clock_conv.gen_async_lite_conv.clock_conv_lite_fwd_w/handshake/xpm_cdc_single_dest2src_inst'
Sourcing Tcl File [/tools/Xilinx/Vivado/2020.1/data/ip/xpm/xpm_cdc/tcl/xpm_cdc_single.tcl] for cell 'design_1_i/axi_interconnect_0/m03_couplers/auto_cc/inst/gen_clock_conv.gen_async_lite_conv.clock_conv_lite_fwd_ar/handshake/xpm_cdc_single_src2dest_inst'
Finished Sourcing Tcl File [/tools/Xilinx/Vivado/2020.1/data/ip/xpm/xpm_cdc/tcl/xpm_cdc_single.tcl] for cell 'design_1_i/axi_interconnect_0/m03_couplers/auto_cc/inst/gen_clock_conv.gen_async_lite_conv.clock_conv_lite_fwd_ar/handshake/xpm_cdc_single_src2dest_inst'
Sourcing Tcl File [/tools/Xilinx/Vivado/2020.1/data/ip/xpm/xpm_cdc/tcl/xpm_cdc_single.tcl] for cell 'design_1_i/axi_interconnect_0/m03_couplers/auto_cc/inst/gen_clock_conv.gen_async_lite_conv.clock_conv_lite_fwd_ar/handshake/xpm_cdc_single_dest2src_inst'
Finished Sourcing Tcl File [/tools/Xilinx/Vivado/2020.1/data/ip/xpm/xpm_cdc/tcl/xpm_cdc_single.tcl] for cell 'design_1_i/axi_interconnect_0/m03_couplers/auto_cc/inst/gen_clock_conv.gen_async_lite_conv.clock_conv_lite_fwd_ar/handshake/xpm_cdc_single_dest2src_inst'
Sourcing Tcl File [/tools/Xilinx/Vivado/2020.1/data/ip/xpm/xpm_cdc/tcl/xpm_cdc_single.tcl] for cell 'design_1_i/axi_interconnect_0/m03_couplers/auto_cc/inst/gen_clock_conv.gen_async_lite_conv.clock_conv_lite_fwd_aw/handshake/xpm_cdc_single_src2dest_inst'
Finished Sourcing Tcl File [/tools/Xilinx/Vivado/2020.1/data/ip/xpm/xpm_cdc/tcl/xpm_cdc_single.tcl] for cell 'design_1_i/axi_interconnect_0/m03_couplers/auto_cc/inst/gen_clock_conv.gen_async_lite_conv.clock_conv_lite_fwd_aw/handshake/xpm_cdc_single_src2dest_inst'
Sourcing Tcl File [/tools/Xilinx/Vivado/2020.1/data/ip/xpm/xpm_cdc/tcl/xpm_cdc_single.tcl] for cell 'design_1_i/axi_interconnect_0/m03_couplers/auto_cc/inst/gen_clock_conv.gen_async_lite_conv.clock_conv_lite_fwd_aw/handshake/xpm_cdc_single_dest2src_inst'
Finished Sourcing Tcl File [/tools/Xilinx/Vivado/2020.1/data/ip/xpm/xpm_cdc/tcl/xpm_cdc_single.tcl] for cell 'design_1_i/axi_interconnect_0/m03_couplers/auto_cc/inst/gen_clock_conv.gen_async_lite_conv.clock_conv_lite_fwd_aw/handshake/xpm_cdc_single_dest2src_inst'
Sourcing Tcl File [/tools/Xilinx/Vivado/2020.1/data/ip/xpm/xpm_cdc/tcl/xpm_cdc_single.tcl] for cell 'design_1_i/axi_interconnect_0/m02_couplers/auto_cc/inst/gen_clock_conv.gen_async_lite_conv.clock_conv_lite_resp_r/handshake/xpm_cdc_single_src2dest_inst'
Finished Sourcing Tcl File [/tools/Xilinx/Vivado/2020.1/data/ip/xpm/xpm_cdc/tcl/xpm_cdc_single.tcl] for cell 'design_1_i/axi_interconnect_0/m02_couplers/auto_cc/inst/gen_clock_conv.gen_async_lite_conv.clock_conv_lite_resp_r/handshake/xpm_cdc_single_src2dest_inst'
Sourcing Tcl File [/tools/Xilinx/Vivado/2020.1/data/ip/xpm/xpm_cdc/tcl/xpm_cdc_single.tcl] for cell 'design_1_i/axi_interconnect_0/m02_couplers/auto_cc/inst/gen_clock_conv.gen_async_lite_conv.clock_conv_lite_resp_r/handshake/xpm_cdc_single_dest2src_inst'
Finished Sourcing Tcl File [/tools/Xilinx/Vivado/2020.1/data/ip/xpm/xpm_cdc/tcl/xpm_cdc_single.tcl] for cell 'design_1_i/axi_interconnect_0/m02_couplers/auto_cc/inst/gen_clock_conv.gen_async_lite_conv.clock_conv_lite_resp_r/handshake/xpm_cdc_single_dest2src_inst'
Sourcing Tcl File [/tools/Xilinx/Vivado/2020.1/data/ip/xpm/xpm_cdc/tcl/xpm_cdc_single.tcl] for cell 'design_1_i/axi_interconnect_0/m02_couplers/auto_cc/inst/gen_clock_conv.gen_async_lite_conv.clock_conv_lite_resp_b/handshake/xpm_cdc_single_src2dest_inst'
Finished Sourcing Tcl File [/tools/Xilinx/Vivado/2020.1/data/ip/xpm/xpm_cdc/tcl/xpm_cdc_single.tcl] for cell 'design_1_i/axi_interconnect_0/m02_couplers/auto_cc/inst/gen_clock_conv.gen_async_lite_conv.clock_conv_lite_resp_b/handshake/xpm_cdc_single_src2dest_inst'
Sourcing Tcl File [/tools/Xilinx/Vivado/2020.1/data/ip/xpm/xpm_cdc/tcl/xpm_cdc_single.tcl] for cell 'design_1_i/axi_interconnect_0/m02_couplers/auto_cc/inst/gen_clock_conv.gen_async_lite_conv.clock_conv_lite_resp_b/handshake/xpm_cdc_single_dest2src_inst'
Finished Sourcing Tcl File [/tools/Xilinx/Vivado/2020.1/data/ip/xpm/xpm_cdc/tcl/xpm_cdc_single.tcl] for cell 'design_1_i/axi_interconnect_0/m02_couplers/auto_cc/inst/gen_clock_conv.gen_async_lite_conv.clock_conv_lite_resp_b/handshake/xpm_cdc_single_dest2src_inst'
Sourcing Tcl File [/tools/Xilinx/Vivado/2020.1/data/ip/xpm/xpm_cdc/tcl/xpm_cdc_single.tcl] for cell 'design_1_i/axi_interconnect_0/m02_couplers/auto_cc/inst/gen_clock_conv.gen_async_lite_conv.clock_conv_lite_fwd_w/handshake/xpm_cdc_single_src2dest_inst'
Finished Sourcing Tcl File [/tools/Xilinx/Vivado/2020.1/data/ip/xpm/xpm_cdc/tcl/xpm_cdc_single.tcl] for cell 'design_1_i/axi_interconnect_0/m02_couplers/auto_cc/inst/gen_clock_conv.gen_async_lite_conv.clock_conv_lite_fwd_w/handshake/xpm_cdc_single_src2dest_inst'
Sourcing Tcl File [/tools/Xilinx/Vivado/2020.1/data/ip/xpm/xpm_cdc/tcl/xpm_cdc_single.tcl] for cell 'design_1_i/axi_interconnect_0/m02_couplers/auto_cc/inst/gen_clock_conv.gen_async_lite_conv.clock_conv_lite_fwd_w/handshake/xpm_cdc_single_dest2src_inst'
Finished Sourcing Tcl File [/tools/Xilinx/Vivado/2020.1/data/ip/xpm/xpm_cdc/tcl/xpm_cdc_single.tcl] for cell 'design_1_i/axi_interconnect_0/m02_couplers/auto_cc/inst/gen_clock_conv.gen_async_lite_conv.clock_conv_lite_fwd_w/handshake/xpm_cdc_single_dest2src_inst'
Sourcing Tcl File [/tools/Xilinx/Vivado/2020.1/data/ip/xpm/xpm_cdc/tcl/xpm_cdc_single.tcl] for cell 'design_1_i/axi_interconnect_0/m02_couplers/auto_cc/inst/gen_clock_conv.gen_async_lite_conv.clock_conv_lite_fwd_ar/handshake/xpm_cdc_single_src2dest_inst'
Finished Sourcing Tcl File [/tools/Xilinx/Vivado/2020.1/data/ip/xpm/xpm_cdc/tcl/xpm_cdc_single.tcl] for cell 'design_1_i/axi_interconnect_0/m02_couplers/auto_cc/inst/gen_clock_conv.gen_async_lite_conv.clock_conv_lite_fwd_ar/handshake/xpm_cdc_single_src2dest_inst'
Sourcing Tcl File [/tools/Xilinx/Vivado/2020.1/data/ip/xpm/xpm_cdc/tcl/xpm_cdc_single.tcl] for cell 'design_1_i/axi_interconnect_0/m02_couplers/auto_cc/inst/gen_clock_conv.gen_async_lite_conv.clock_conv_lite_fwd_ar/handshake/xpm_cdc_single_dest2src_inst'
Finished Sourcing Tcl File [/tools/Xilinx/Vivado/2020.1/data/ip/xpm/xpm_cdc/tcl/xpm_cdc_single.tcl] for cell 'design_1_i/axi_interconnect_0/m02_couplers/auto_cc/inst/gen_clock_conv.gen_async_lite_conv.clock_conv_lite_fwd_ar/handshake/xpm_cdc_single_dest2src_inst'
Sourcing Tcl File [/tools/Xilinx/Vivado/2020.1/data/ip/xpm/xpm_cdc/tcl/xpm_cdc_single.tcl] for cell 'design_1_i/axi_interconnect_0/m02_couplers/auto_cc/inst/gen_clock_conv.gen_async_lite_conv.clock_conv_lite_fwd_aw/handshake/xpm_cdc_single_src2dest_inst'
Finished Sourcing Tcl File [/tools/Xilinx/Vivado/2020.1/data/ip/xpm/xpm_cdc/tcl/xpm_cdc_single.tcl] for cell 'design_1_i/axi_interconnect_0/m02_couplers/auto_cc/inst/gen_clock_conv.gen_async_lite_conv.clock_conv_lite_fwd_aw/handshake/xpm_cdc_single_src2dest_inst'
Sourcing Tcl File [/tools/Xilinx/Vivado/2020.1/data/ip/xpm/xpm_cdc/tcl/xpm_cdc_single.tcl] for cell 'design_1_i/xdma_0/inst/udma_wrapper/dma_top/base/IRQ_INST/usr_irq_xpm_cdc'
Finished Sourcing Tcl File [/tools/Xilinx/Vivado/2020.1/data/ip/xpm/xpm_cdc/tcl/xpm_cdc_single.tcl] for cell 'design_1_i/xdma_0/inst/udma_wrapper/dma_top/base/IRQ_INST/usr_irq_xpm_cdc'
Sourcing Tcl File [/tools/Xilinx/Vivado/2020.1/data/ip/xpm/xpm_cdc/tcl/xpm_cdc_single.tcl] for cell 'design_1_i/xdma_0/inst/design_1_xdma_0_2_pcie2_to_pcie3_wrapper_i/pcie2_ip_i/U0/inst/pl_received_hot_rst_cdc'
Finished Sourcing Tcl File [/tools/Xilinx/Vivado/2020.1/data/ip/xpm/xpm_cdc/tcl/xpm_cdc_single.tcl] for cell 'design_1_i/xdma_0/inst/design_1_xdma_0_2_pcie2_to_pcie3_wrapper_i/pcie2_ip_i/U0/inst/pl_received_hot_rst_cdc'
Sourcing Tcl File [/tools/Xilinx/Vivado/2020.1/data/ip/xpm/xpm_cdc/tcl/xpm_cdc_single.tcl] for cell 'design_1_i/xdma_0/inst/design_1_xdma_0_2_pcie2_to_pcie3_wrapper_i/pcie2_ip_i/U0/inst/pl_phy_lnk_up_cdc'
Finished Sourcing Tcl File [/tools/Xilinx/Vivado/2020.1/data/ip/xpm/xpm_cdc/tcl/xpm_cdc_single.tcl] for cell 'design_1_i/xdma_0/inst/design_1_xdma_0_2_pcie2_to_pcie3_wrapper_i/pcie2_ip_i/U0/inst/pl_phy_lnk_up_cdc'
Sourcing Tcl File [/tools/Xilinx/Vivado/2020.1/data/ip/xpm/xpm_memory/tcl/xpm_memory_xdc.tcl] for cell 'design_1_i/smartconnect_0/inst/m00_nodes/m00_ar_node/inst/inst_mi_handler/gen_normal_area.inst_fifo_node_payld/gen_xpm_memory_fifo.inst_fifo/gen_mem_rep[0].inst_xpm_memory'
Finished Sourcing Tcl File [/tools/Xilinx/Vivado/2020.1/data/ip/xpm/xpm_memory/tcl/xpm_memory_xdc.tcl] for cell 'design_1_i/smartconnect_0/inst/m00_nodes/m00_ar_node/inst/inst_mi_handler/gen_normal_area.inst_fifo_node_payld/gen_xpm_memory_fifo.inst_fifo/gen_mem_rep[0].inst_xpm_memory'
Sourcing Tcl File [/tools/Xilinx/Vivado/2020.1/data/ip/xpm/xpm_memory/tcl/xpm_memory_xdc.tcl] for cell 'design_1_i/smartconnect_0/inst/m01_nodes/m01_aw_node/inst/inst_mi_handler/gen_normal_area.inst_fifo_node_payld/gen_xpm_memory_fifo.inst_fifo/gen_mem_rep[0].inst_xpm_memory'
Finished Sourcing Tcl File [/tools/Xilinx/Vivado/2020.1/data/ip/xpm/xpm_memory/tcl/xpm_memory_xdc.tcl] for cell 'design_1_i/smartconnect_0/inst/m01_nodes/m01_aw_node/inst/inst_mi_handler/gen_normal_area.inst_fifo_node_payld/gen_xpm_memory_fifo.inst_fifo/gen_mem_rep[0].inst_xpm_memory'
Sourcing Tcl File [/tools/Xilinx/Vivado/2020.1/data/ip/xpm/xpm_memory/tcl/xpm_memory_xdc.tcl] for cell 'design_1_i/smartconnect_0/inst/m01_nodes/m01_ar_node/inst/inst_mi_handler/gen_normal_area.inst_fifo_node_payld/gen_xpm_memory_fifo.inst_fifo/gen_mem_rep[0].inst_xpm_memory'
Finished Sourcing Tcl File [/tools/Xilinx/Vivado/2020.1/data/ip/xpm/xpm_memory/tcl/xpm_memory_xdc.tcl] for cell 'design_1_i/smartconnect_0/inst/m01_nodes/m01_ar_node/inst/inst_mi_handler/gen_normal_area.inst_fifo_node_payld/gen_xpm_memory_fifo.inst_fifo/gen_mem_rep[0].inst_xpm_memory'
Sourcing Tcl File [/tools/Xilinx/Vivado/2020.1/data/ip/xpm/xpm_memory/tcl/xpm_memory_xdc.tcl] for cell 'design_1_i/smartconnect_0/inst/m00_nodes/m00_aw_node/inst/inst_mi_handler/gen_normal_area.inst_fifo_node_payld/gen_xpm_memory_fifo.inst_fifo/gen_mem_rep[0].inst_xpm_memory'
Finished Sourcing Tcl File [/tools/Xilinx/Vivado/2020.1/data/ip/xpm/xpm_memory/tcl/xpm_memory_xdc.tcl] for cell 'design_1_i/smartconnect_0/inst/m00_nodes/m00_aw_node/inst/inst_mi_handler/gen_normal_area.inst_fifo_node_payld/gen_xpm_memory_fifo.inst_fifo/gen_mem_rep[0].inst_xpm_memory'
Sourcing Tcl File [/tools/Xilinx/Vivado/2020.1/data/ip/xpm/xpm_memory/tcl/xpm_memory_xdc.tcl] for cell 'design_1_i/smartconnect_0/inst/m00_nodes/m00_b_node/inst/inst_mi_handler/gen_normal_area.gen_fifo_req.inst_fifo_req/gen_xpm_memory_fifo.inst_fifo/gen_mem_rep[0].inst_xpm_memory'
Finished Sourcing Tcl File [/tools/Xilinx/Vivado/2020.1/data/ip/xpm/xpm_memory/tcl/xpm_memory_xdc.tcl] for cell 'design_1_i/smartconnect_0/inst/m00_nodes/m00_b_node/inst/inst_mi_handler/gen_normal_area.gen_fifo_req.inst_fifo_req/gen_xpm_memory_fifo.inst_fifo/gen_mem_rep[0].inst_xpm_memory'
Sourcing Tcl File [/tools/Xilinx/Vivado/2020.1/data/ip/xpm/xpm_memory/tcl/xpm_memory_xdc.tcl] for cell 'design_1_i/smartconnect_0/inst/m01_nodes/m01_r_node/inst/inst_mi_handler/gen_normal_area.gen_fifo_req.inst_fifo_req/gen_xpm_memory_fifo.inst_fifo/gen_mem_rep[0].inst_xpm_memory'
Finished Sourcing Tcl File [/tools/Xilinx/Vivado/2020.1/data/ip/xpm/xpm_memory/tcl/xpm_memory_xdc.tcl] for cell 'design_1_i/smartconnect_0/inst/m01_nodes/m01_r_node/inst/inst_mi_handler/gen_normal_area.gen_fifo_req.inst_fifo_req/gen_xpm_memory_fifo.inst_fifo/gen_mem_rep[0].inst_xpm_memory'
Sourcing Tcl File [/tools/Xilinx/Vivado/2020.1/data/ip/xpm/xpm_memory/tcl/xpm_memory_xdc.tcl] for cell 'design_1_i/smartconnect_0/inst/m01_nodes/m01_b_node/inst/inst_mi_handler/gen_normal_area.gen_fifo_req.inst_fifo_req/gen_xpm_memory_fifo.inst_fifo/gen_mem_rep[0].inst_xpm_memory'
Finished Sourcing Tcl File [/tools/Xilinx/Vivado/2020.1/data/ip/xpm/xpm_memory/tcl/xpm_memory_xdc.tcl] for cell 'design_1_i/smartconnect_0/inst/m01_nodes/m01_b_node/inst/inst_mi_handler/gen_normal_area.gen_fifo_req.inst_fifo_req/gen_xpm_memory_fifo.inst_fifo/gen_mem_rep[0].inst_xpm_memory'
Sourcing Tcl File [/tools/Xilinx/Vivado/2020.1/data/ip/xpm/xpm_memory/tcl/xpm_memory_xdc.tcl] for cell 'design_1_i/smartconnect_0/inst/m00_nodes/m00_r_node/inst/inst_mi_handler/gen_normal_area.gen_fifo_req.inst_fifo_req/gen_xpm_memory_fifo.inst_fifo/gen_mem_rep[0].inst_xpm_memory'
Finished Sourcing Tcl File [/tools/Xilinx/Vivado/2020.1/data/ip/xpm/xpm_memory/tcl/xpm_memory_xdc.tcl] for cell 'design_1_i/smartconnect_0/inst/m00_nodes/m00_r_node/inst/inst_mi_handler/gen_normal_area.gen_fifo_req.inst_fifo_req/gen_xpm_memory_fifo.inst_fifo/gen_mem_rep[0].inst_xpm_memory'
Sourcing Tcl File [/tools/Xilinx/Vivado/2020.1/data/ip/xpm/xpm_memory/tcl/xpm_memory_xdc.tcl] for cell 'design_1_i/smartconnect_0/inst/m00_nodes/m00_b_node/inst/inst_mi_handler/gen_normal_area.inst_fifo_node_payld/gen_xpm_memory_fifo.inst_fifo/gen_mem_rep[0].inst_xpm_memory'
Finished Sourcing Tcl File [/tools/Xilinx/Vivado/2020.1/data/ip/xpm/xpm_memory/tcl/xpm_memory_xdc.tcl] for cell 'design_1_i/smartconnect_0/inst/m00_nodes/m00_b_node/inst/inst_mi_handler/gen_normal_area.inst_fifo_node_payld/gen_xpm_memory_fifo.inst_fifo/gen_mem_rep[0].inst_xpm_memory'
Sourcing Tcl File [/tools/Xilinx/Vivado/2020.1/data/ip/xpm/xpm_memory/tcl/xpm_memory_xdc.tcl] for cell 'design_1_i/smartconnect_0/inst/s01_nodes/s01_b_node/inst/inst_mi_handler/gen_normal_area.inst_fifo_node_payld/gen_xpm_memory_fifo.inst_fifo/gen_mem_rep[0].inst_xpm_memory'
Finished Sourcing Tcl File [/tools/Xilinx/Vivado/2020.1/data/ip/xpm/xpm_memory/tcl/xpm_memory_xdc.tcl] for cell 'design_1_i/smartconnect_0/inst/s01_nodes/s01_b_node/inst/inst_mi_handler/gen_normal_area.inst_fifo_node_payld/gen_xpm_memory_fifo.inst_fifo/gen_mem_rep[0].inst_xpm_memory'
Sourcing Tcl File [/tools/Xilinx/Vivado/2020.1/data/ip/xpm/xpm_memory/tcl/xpm_memory_xdc.tcl] for cell 'design_1_i/smartconnect_0/inst/s00_nodes/s00_b_node/inst/inst_mi_handler/gen_normal_area.inst_fifo_node_payld/gen_xpm_memory_fifo.inst_fifo/gen_mem_rep[0].inst_xpm_memory'
Finished Sourcing Tcl File [/tools/Xilinx/Vivado/2020.1/data/ip/xpm/xpm_memory/tcl/xpm_memory_xdc.tcl] for cell 'design_1_i/smartconnect_0/inst/s00_nodes/s00_b_node/inst/inst_mi_handler/gen_normal_area.inst_fifo_node_payld/gen_xpm_memory_fifo.inst_fifo/gen_mem_rep[0].inst_xpm_memory'
Sourcing Tcl File [/tools/Xilinx/Vivado/2020.1/data/ip/xpm/xpm_memory/tcl/xpm_memory_xdc.tcl] for cell 'design_1_i/smartconnect_0/inst/s01_nodes/s01_r_node/inst/inst_mi_handler/gen_normal_area.inst_fifo_node_payld/gen_xpm_memory_fifo.inst_fifo/gen_mem_rep[1].inst_xpm_memory'
Finished Sourcing Tcl File [/tools/Xilinx/Vivado/2020.1/data/ip/xpm/xpm_memory/tcl/xpm_memory_xdc.tcl] for cell 'design_1_i/smartconnect_0/inst/s01_nodes/s01_r_node/inst/inst_mi_handler/gen_normal_area.inst_fifo_node_payld/gen_xpm_memory_fifo.inst_fifo/gen_mem_rep[1].inst_xpm_memory'
Sourcing Tcl File [/tools/Xilinx/Vivado/2020.1/data/ip/xpm/xpm_memory/tcl/xpm_memory_xdc.tcl] for cell 'design_1_i/smartconnect_0/inst/s00_nodes/s00_r_node/inst/inst_mi_handler/gen_normal_area.inst_fifo_node_payld/gen_xpm_memory_fifo.inst_fifo/gen_mem_rep[0].inst_xpm_memory'
Finished Sourcing Tcl File [/tools/Xilinx/Vivado/2020.1/data/ip/xpm/xpm_memory/tcl/xpm_memory_xdc.tcl] for cell 'design_1_i/smartconnect_0/inst/s00_nodes/s00_r_node/inst/inst_mi_handler/gen_normal_area.inst_fifo_node_payld/gen_xpm_memory_fifo.inst_fifo/gen_mem_rep[0].inst_xpm_memory'
Sourcing Tcl File [/tools/Xilinx/Vivado/2020.1/data/ip/xpm/xpm_memory/tcl/xpm_memory_xdc.tcl] for cell 'design_1_i/smartconnect_0/inst/s00_nodes/s00_r_node/inst/inst_mi_handler/gen_normal_area.inst_fifo_node_payld/gen_xpm_memory_fifo.inst_fifo/gen_mem_rep[1].inst_xpm_memory'
Finished Sourcing Tcl File [/tools/Xilinx/Vivado/2020.1/data/ip/xpm/xpm_memory/tcl/xpm_memory_xdc.tcl] for cell 'design_1_i/smartconnect_0/inst/s00_nodes/s00_r_node/inst/inst_mi_handler/gen_normal_area.inst_fifo_node_payld/gen_xpm_memory_fifo.inst_fifo/gen_mem_rep[1].inst_xpm_memory'
Sourcing Tcl File [/tools/Xilinx/Vivado/2020.1/data/ip/xpm/xpm_memory/tcl/xpm_memory_xdc.tcl] for cell 'design_1_i/smartconnect_0/inst/s01_nodes/s01_r_node/inst/inst_mi_handler/gen_normal_area.inst_fifo_node_payld/gen_xpm_memory_fifo.inst_fifo/gen_mem_rep[0].inst_xpm_memory'
Finished Sourcing Tcl File [/tools/Xilinx/Vivado/2020.1/data/ip/xpm/xpm_memory/tcl/xpm_memory_xdc.tcl] for cell 'design_1_i/smartconnect_0/inst/s01_nodes/s01_r_node/inst/inst_mi_handler/gen_normal_area.inst_fifo_node_payld/gen_xpm_memory_fifo.inst_fifo/gen_mem_rep[0].inst_xpm_memory'
Sourcing Tcl File [/tools/Xilinx/Vivado/2020.1/data/ip/xpm/xpm_memory/tcl/xpm_memory_xdc.tcl] for cell 'design_1_i/smartconnect_0/inst/s00_nodes/s00_r_node/inst/inst_mi_handler/gen_normal_area.inst_fifo_node_payld/gen_xpm_memory_fifo.inst_fifo/gen_mem_rep[2].inst_xpm_memory'
Finished Sourcing Tcl File [/tools/Xilinx/Vivado/2020.1/data/ip/xpm/xpm_memory/tcl/xpm_memory_xdc.tcl] for cell 'design_1_i/smartconnect_0/inst/s00_nodes/s00_r_node/inst/inst_mi_handler/gen_normal_area.inst_fifo_node_payld/gen_xpm_memory_fifo.inst_fifo/gen_mem_rep[2].inst_xpm_memory'
Sourcing Tcl File [/tools/Xilinx/Vivado/2020.1/data/ip/xpm/xpm_memory/tcl/xpm_memory_xdc.tcl] for cell 'design_1_i/smartconnect_0/inst/s01_nodes/s01_w_node/inst/inst_mi_handler/gen_normal_area.inst_fifo_node_payld/gen_xpm_memory_fifo.inst_fifo/gen_mem_rep[1].inst_xpm_memory'
Finished Sourcing Tcl File [/tools/Xilinx/Vivado/2020.1/data/ip/xpm/xpm_memory/tcl/xpm_memory_xdc.tcl] for cell 'design_1_i/smartconnect_0/inst/s01_nodes/s01_w_node/inst/inst_mi_handler/gen_normal_area.inst_fifo_node_payld/gen_xpm_memory_fifo.inst_fifo/gen_mem_rep[1].inst_xpm_memory'
Sourcing Tcl File [/tools/Xilinx/Vivado/2020.1/data/ip/xpm/xpm_memory/tcl/xpm_memory_xdc.tcl] for cell 'design_1_i/smartconnect_0/inst/s00_nodes/s00_w_node/inst/inst_mi_handler/gen_normal_area.inst_fifo_node_payld/gen_xpm_memory_fifo.inst_fifo/gen_mem_rep[0].inst_xpm_memory'
Finished Sourcing Tcl File [/tools/Xilinx/Vivado/2020.1/data/ip/xpm/xpm_memory/tcl/xpm_memory_xdc.tcl] for cell 'design_1_i/smartconnect_0/inst/s00_nodes/s00_w_node/inst/inst_mi_handler/gen_normal_area.inst_fifo_node_payld/gen_xpm_memory_fifo.inst_fifo/gen_mem_rep[0].inst_xpm_memory'
Sourcing Tcl File [/tools/Xilinx/Vivado/2020.1/data/ip/xpm/xpm_memory/tcl/xpm_memory_xdc.tcl] for cell 'design_1_i/smartconnect_0/inst/s00_nodes/s00_w_node/inst/inst_mi_handler/gen_normal_area.inst_fifo_node_payld/gen_xpm_memory_fifo.inst_fifo/gen_mem_rep[1].inst_xpm_memory'
Finished Sourcing Tcl File [/tools/Xilinx/Vivado/2020.1/data/ip/xpm/xpm_memory/tcl/xpm_memory_xdc.tcl] for cell 'design_1_i/smartconnect_0/inst/s00_nodes/s00_w_node/inst/inst_mi_handler/gen_normal_area.inst_fifo_node_payld/gen_xpm_memory_fifo.inst_fifo/gen_mem_rep[1].inst_xpm_memory'
Sourcing Tcl File [/tools/Xilinx/Vivado/2020.1/data/ip/xpm/xpm_memory/tcl/xpm_memory_xdc.tcl] for cell 'design_1_i/smartconnect_0/inst/s01_nodes/s01_w_node/inst/inst_mi_handler/gen_normal_area.inst_fifo_node_payld/gen_xpm_memory_fifo.inst_fifo/gen_mem_rep[0].inst_xpm_memory'
Finished Sourcing Tcl File [/tools/Xilinx/Vivado/2020.1/data/ip/xpm/xpm_memory/tcl/xpm_memory_xdc.tcl] for cell 'design_1_i/smartconnect_0/inst/s01_nodes/s01_w_node/inst/inst_mi_handler/gen_normal_area.inst_fifo_node_payld/gen_xpm_memory_fifo.inst_fifo/gen_mem_rep[0].inst_xpm_memory'
Sourcing Tcl File [/tools/Xilinx/Vivado/2020.1/data/ip/xpm/xpm_memory/tcl/xpm_memory_xdc.tcl] for cell 'design_1_i/smartconnect_0/inst/s01_nodes/s01_w_node/inst/inst_mi_handler/gen_normal_area.inst_fifo_node_payld/gen_xpm_memory_fifo.inst_fifo/gen_mem_rep[2].inst_xpm_memory'
Finished Sourcing Tcl File [/tools/Xilinx/Vivado/2020.1/data/ip/xpm/xpm_memory/tcl/xpm_memory_xdc.tcl] for cell 'design_1_i/smartconnect_0/inst/s01_nodes/s01_w_node/inst/inst_mi_handler/gen_normal_area.inst_fifo_node_payld/gen_xpm_memory_fifo.inst_fifo/gen_mem_rep[2].inst_xpm_memory'
Sourcing Tcl File [/tools/Xilinx/Vivado/2020.1/data/ip/xpm/xpm_memory/tcl/xpm_memory_xdc.tcl] for cell 'design_1_i/smartconnect_0/inst/s00_nodes/s00_w_node/inst/inst_mi_handler/gen_normal_area.inst_fifo_node_payld/gen_xpm_memory_fifo.inst_fifo/gen_mem_rep[2].inst_xpm_memory'
Finished Sourcing Tcl File [/tools/Xilinx/Vivado/2020.1/data/ip/xpm/xpm_memory/tcl/xpm_memory_xdc.tcl] for cell 'design_1_i/smartconnect_0/inst/s00_nodes/s00_w_node/inst/inst_mi_handler/gen_normal_area.inst_fifo_node_payld/gen_xpm_memory_fifo.inst_fifo/gen_mem_rep[2].inst_xpm_memory'
Sourcing Tcl File [/tools/Xilinx/Vivado/2020.1/data/ip/xpm/xpm_memory/tcl/xpm_memory_xdc.tcl] for cell 'design_1_i/smartconnect_0/inst/s01_nodes/s01_r_node/inst/inst_mi_handler/gen_normal_area.inst_fifo_node_payld/gen_xpm_memory_fifo.inst_fifo/gen_mem_rep[2].inst_xpm_memory'
Finished Sourcing Tcl File [/tools/Xilinx/Vivado/2020.1/data/ip/xpm/xpm_memory/tcl/xpm_memory_xdc.tcl] for cell 'design_1_i/smartconnect_0/inst/s01_nodes/s01_r_node/inst/inst_mi_handler/gen_normal_area.inst_fifo_node_payld/gen_xpm_memory_fifo.inst_fifo/gen_mem_rep[2].inst_xpm_memory'
Sourcing Tcl File [/tools/Xilinx/Vivado/2020.1/data/ip/xpm/xpm_memory/tcl/xpm_memory_xdc.tcl] for cell 'design_1_i/smartconnect_0/inst/m01_nodes/m01_b_node/inst/inst_mi_handler/gen_normal_area.inst_fifo_node_payld/gen_xpm_memory_fifo.inst_fifo/gen_mem_rep[0].inst_xpm_memory'
Finished Sourcing Tcl File [/tools/Xilinx/Vivado/2020.1/data/ip/xpm/xpm_memory/tcl/xpm_memory_xdc.tcl] for cell 'design_1_i/smartconnect_0/inst/m01_nodes/m01_b_node/inst/inst_mi_handler/gen_normal_area.inst_fifo_node_payld/gen_xpm_memory_fifo.inst_fifo/gen_mem_rep[0].inst_xpm_memory'
Sourcing Tcl File [/tools/Xilinx/Vivado/2020.1/data/ip/xpm/xpm_memory/tcl/xpm_memory_xdc.tcl] for cell 'design_1_i/smartconnect_0/inst/m00_nodes/m00_r_node/inst/inst_mi_handler/gen_normal_area.inst_fifo_node_payld/gen_xpm_memory_fifo.inst_fifo/gen_mem_rep[1].inst_xpm_memory'
Finished Sourcing Tcl File [/tools/Xilinx/Vivado/2020.1/data/ip/xpm/xpm_memory/tcl/xpm_memory_xdc.tcl] for cell 'design_1_i/smartconnect_0/inst/m00_nodes/m00_r_node/inst/inst_mi_handler/gen_normal_area.inst_fifo_node_payld/gen_xpm_memory_fifo.inst_fifo/gen_mem_rep[1].inst_xpm_memory'
Sourcing Tcl File [/tools/Xilinx/Vivado/2020.1/data/ip/xpm/xpm_memory/tcl/xpm_memory_xdc.tcl] for cell 'design_1_i/smartconnect_0/inst/m01_nodes/m01_r_node/inst/inst_mi_handler/gen_normal_area.inst_fifo_node_payld/gen_xpm_memory_fifo.inst_fifo/gen_mem_rep[0].inst_xpm_memory'
Finished Sourcing Tcl File [/tools/Xilinx/Vivado/2020.1/data/ip/xpm/xpm_memory/tcl/xpm_memory_xdc.tcl] for cell 'design_1_i/smartconnect_0/inst/m01_nodes/m01_r_node/inst/inst_mi_handler/gen_normal_area.inst_fifo_node_payld/gen_xpm_memory_fifo.inst_fifo/gen_mem_rep[0].inst_xpm_memory'
Sourcing Tcl File [/tools/Xilinx/Vivado/2020.1/data/ip/xpm/xpm_memory/tcl/xpm_memory_xdc.tcl] for cell 'design_1_i/smartconnect_0/inst/m01_nodes/m01_r_node/inst/inst_mi_handler/gen_normal_area.inst_fifo_node_payld/gen_xpm_memory_fifo.inst_fifo/gen_mem_rep[1].inst_xpm_memory'
Finished Sourcing Tcl File [/tools/Xilinx/Vivado/2020.1/data/ip/xpm/xpm_memory/tcl/xpm_memory_xdc.tcl] for cell 'design_1_i/smartconnect_0/inst/m01_nodes/m01_r_node/inst/inst_mi_handler/gen_normal_area.inst_fifo_node_payld/gen_xpm_memory_fifo.inst_fifo/gen_mem_rep[1].inst_xpm_memory'
Sourcing Tcl File [/tools/Xilinx/Vivado/2020.1/data/ip/xpm/xpm_memory/tcl/xpm_memory_xdc.tcl] for cell 'design_1_i/smartconnect_0/inst/m00_nodes/m00_r_node/inst/inst_mi_handler/gen_normal_area.inst_fifo_node_payld/gen_xpm_memory_fifo.inst_fifo/gen_mem_rep[0].inst_xpm_memory'
Finished Sourcing Tcl File [/tools/Xilinx/Vivado/2020.1/data/ip/xpm/xpm_memory/tcl/xpm_memory_xdc.tcl] for cell 'design_1_i/smartconnect_0/inst/m00_nodes/m00_r_node/inst/inst_mi_handler/gen_normal_area.inst_fifo_node_payld/gen_xpm_memory_fifo.inst_fifo/gen_mem_rep[0].inst_xpm_memory'
Sourcing Tcl File [/tools/Xilinx/Vivado/2020.1/data/ip/xpm/xpm_memory/tcl/xpm_memory_xdc.tcl] for cell 'design_1_i/smartconnect_0/inst/m00_nodes/m00_r_node/inst/inst_mi_handler/gen_normal_area.inst_fifo_node_payld/gen_xpm_memory_fifo.inst_fifo/gen_mem_rep[2].inst_xpm_memory'
Finished Sourcing Tcl File [/tools/Xilinx/Vivado/2020.1/data/ip/xpm/xpm_memory/tcl/xpm_memory_xdc.tcl] for cell 'design_1_i/smartconnect_0/inst/m00_nodes/m00_r_node/inst/inst_mi_handler/gen_normal_area.inst_fifo_node_payld/gen_xpm_memory_fifo.inst_fifo/gen_mem_rep[2].inst_xpm_memory'
Sourcing Tcl File [/tools/Xilinx/Vivado/2020.1/data/ip/xpm/xpm_memory/tcl/xpm_memory_xdc.tcl] for cell 'design_1_i/smartconnect_0/inst/m01_nodes/m01_r_node/inst/inst_mi_handler/gen_normal_area.inst_fifo_node_payld/gen_xpm_memory_fifo.inst_fifo/gen_mem_rep[2].inst_xpm_memory'
Finished Sourcing Tcl File [/tools/Xilinx/Vivado/2020.1/data/ip/xpm/xpm_memory/tcl/xpm_memory_xdc.tcl] for cell 'design_1_i/smartconnect_0/inst/m01_nodes/m01_r_node/inst/inst_mi_handler/gen_normal_area.inst_fifo_node_payld/gen_xpm_memory_fifo.inst_fifo/gen_mem_rep[2].inst_xpm_memory'
Sourcing Tcl File [/tools/Xilinx/Vivado/2020.1/data/ip/xpm/xpm_memory/tcl/xpm_memory_xdc.tcl] for cell 'design_1_i/smartconnect_0/inst/m00_nodes/m00_w_node/inst/inst_si_handler/gen_si_handler.gen_request_fifos.gen_req_fifo[0].inst_req_fifo/gen_xpm_memory_fifo.inst_fifo/gen_mem_rep[0].inst_xpm_memory'
Finished Sourcing Tcl File [/tools/Xilinx/Vivado/2020.1/data/ip/xpm/xpm_memory/tcl/xpm_memory_xdc.tcl] for cell 'design_1_i/smartconnect_0/inst/m00_nodes/m00_w_node/inst/inst_si_handler/gen_si_handler.gen_request_fifos.gen_req_fifo[0].inst_req_fifo/gen_xpm_memory_fifo.inst_fifo/gen_mem_rep[0].inst_xpm_memory'
Sourcing Tcl File [/tools/Xilinx/Vivado/2020.1/data/ip/xpm/xpm_memory/tcl/xpm_memory_xdc.tcl] for cell 'design_1_i/smartconnect_0/inst/m01_nodes/m01_w_node/inst/inst_si_handler/gen_si_handler.gen_request_fifos.gen_req_fifo[1].inst_req_fifo/gen_xpm_memory_fifo.inst_fifo/gen_mem_rep[0].inst_xpm_memory'
Finished Sourcing Tcl File [/tools/Xilinx/Vivado/2020.1/data/ip/xpm/xpm_memory/tcl/xpm_memory_xdc.tcl] for cell 'design_1_i/smartconnect_0/inst/m01_nodes/m01_w_node/inst/inst_si_handler/gen_si_handler.gen_request_fifos.gen_req_fifo[1].inst_req_fifo/gen_xpm_memory_fifo.inst_fifo/gen_mem_rep[0].inst_xpm_memory'
Sourcing Tcl File [/tools/Xilinx/Vivado/2020.1/data/ip/xpm/xpm_memory/tcl/xpm_memory_xdc.tcl] for cell 'design_1_i/smartconnect_0/inst/m01_nodes/m01_w_node/inst/inst_si_handler/gen_si_handler.gen_request_fifos.gen_req_fifo[0].inst_req_fifo/gen_xpm_memory_fifo.inst_fifo/gen_mem_rep[0].inst_xpm_memory'
Finished Sourcing Tcl File [/tools/Xilinx/Vivado/2020.1/data/ip/xpm/xpm_memory/tcl/xpm_memory_xdc.tcl] for cell 'design_1_i/smartconnect_0/inst/m01_nodes/m01_w_node/inst/inst_si_handler/gen_si_handler.gen_request_fifos.gen_req_fifo[0].inst_req_fifo/gen_xpm_memory_fifo.inst_fifo/gen_mem_rep[0].inst_xpm_memory'
Sourcing Tcl File [/tools/Xilinx/Vivado/2020.1/data/ip/xpm/xpm_memory/tcl/xpm_memory_xdc.tcl] for cell 'design_1_i/smartconnect_0/inst/m00_nodes/m00_w_node/inst/inst_si_handler/gen_si_handler.gen_request_fifos.gen_req_fifo[1].inst_req_fifo/gen_xpm_memory_fifo.inst_fifo/gen_mem_rep[0].inst_xpm_memory'
Finished Sourcing Tcl File [/tools/Xilinx/Vivado/2020.1/data/ip/xpm/xpm_memory/tcl/xpm_memory_xdc.tcl] for cell 'design_1_i/smartconnect_0/inst/m00_nodes/m00_w_node/inst/inst_si_handler/gen_si_handler.gen_request_fifos.gen_req_fifo[1].inst_req_fifo/gen_xpm_memory_fifo.inst_fifo/gen_mem_rep[0].inst_xpm_memory'
Sourcing Tcl File [/tools/Xilinx/Vivado/2020.1/data/ip/xpm/xpm_memory/tcl/xpm_memory_xdc.tcl] for cell 'design_1_i/smartconnect_0/inst/m00_nodes/m00_w_node/inst/inst_mi_handler/gen_normal_area.inst_fifo_node_payld/gen_xpm_memory_fifo.inst_fifo/gen_mem_rep[2].inst_xpm_memory'
Finished Sourcing Tcl File [/tools/Xilinx/Vivado/2020.1/data/ip/xpm/xpm_memory/tcl/xpm_memory_xdc.tcl] for cell 'design_1_i/smartconnect_0/inst/m00_nodes/m00_w_node/inst/inst_mi_handler/gen_normal_area.inst_fifo_node_payld/gen_xpm_memory_fifo.inst_fifo/gen_mem_rep[2].inst_xpm_memory'
Sourcing Tcl File [/tools/Xilinx/Vivado/2020.1/data/ip/xpm/xpm_memory/tcl/xpm_memory_xdc.tcl] for cell 'design_1_i/smartconnect_0/inst/m01_nodes/m01_w_node/inst/inst_mi_handler/gen_normal_area.inst_fifo_node_payld/gen_xpm_memory_fifo.inst_fifo/gen_mem_rep[0].inst_xpm_memory'
Finished Sourcing Tcl File [/tools/Xilinx/Vivado/2020.1/data/ip/xpm/xpm_memory/tcl/xpm_memory_xdc.tcl] for cell 'design_1_i/smartconnect_0/inst/m01_nodes/m01_w_node/inst/inst_mi_handler/gen_normal_area.inst_fifo_node_payld/gen_xpm_memory_fifo.inst_fifo/gen_mem_rep[0].inst_xpm_memory'
Sourcing Tcl File [/tools/Xilinx/Vivado/2020.1/data/ip/xpm/xpm_memory/tcl/xpm_memory_xdc.tcl] for cell 'design_1_i/smartconnect_0/inst/m01_nodes/m01_w_node/inst/inst_mi_handler/gen_normal_area.inst_fifo_node_payld/gen_xpm_memory_fifo.inst_fifo/gen_mem_rep[1].inst_xpm_memory'
Finished Sourcing Tcl File [/tools/Xilinx/Vivado/2020.1/data/ip/xpm/xpm_memory/tcl/xpm_memory_xdc.tcl] for cell 'design_1_i/smartconnect_0/inst/m01_nodes/m01_w_node/inst/inst_mi_handler/gen_normal_area.inst_fifo_node_payld/gen_xpm_memory_fifo.inst_fifo/gen_mem_rep[1].inst_xpm_memory'
Sourcing Tcl File [/tools/Xilinx/Vivado/2020.1/data/ip/xpm/xpm_memory/tcl/xpm_memory_xdc.tcl] for cell 'design_1_i/smartconnect_0/inst/m01_nodes/m01_w_node/inst/inst_mi_handler/gen_normal_area.inst_fifo_node_payld/gen_xpm_memory_fifo.inst_fifo/gen_mem_rep[2].inst_xpm_memory'
Finished Sourcing Tcl File [/tools/Xilinx/Vivado/2020.1/data/ip/xpm/xpm_memory/tcl/xpm_memory_xdc.tcl] for cell 'design_1_i/smartconnect_0/inst/m01_nodes/m01_w_node/inst/inst_mi_handler/gen_normal_area.inst_fifo_node_payld/gen_xpm_memory_fifo.inst_fifo/gen_mem_rep[2].inst_xpm_memory'
Sourcing Tcl File [/tools/Xilinx/Vivado/2020.1/data/ip/xpm/xpm_memory/tcl/xpm_memory_xdc.tcl] for cell 'design_1_i/smartconnect_0/inst/m00_nodes/m00_w_node/inst/inst_mi_handler/gen_normal_area.inst_fifo_node_payld/gen_xpm_memory_fifo.inst_fifo/gen_mem_rep[0].inst_xpm_memory'
Finished Sourcing Tcl File [/tools/Xilinx/Vivado/2020.1/data/ip/xpm/xpm_memory/tcl/xpm_memory_xdc.tcl] for cell 'design_1_i/smartconnect_0/inst/m00_nodes/m00_w_node/inst/inst_mi_handler/gen_normal_area.inst_fifo_node_payld/gen_xpm_memory_fifo.inst_fifo/gen_mem_rep[0].inst_xpm_memory'
Sourcing Tcl File [/tools/Xilinx/Vivado/2020.1/data/ip/xpm/xpm_memory/tcl/xpm_memory_xdc.tcl] for cell 'design_1_i/smartconnect_0/inst/m00_nodes/m00_w_node/inst/inst_mi_handler/gen_normal_area.inst_fifo_node_payld/gen_xpm_memory_fifo.inst_fifo/gen_mem_rep[1].inst_xpm_memory'
Finished Sourcing Tcl File [/tools/Xilinx/Vivado/2020.1/data/ip/xpm/xpm_memory/tcl/xpm_memory_xdc.tcl] for cell 'design_1_i/smartconnect_0/inst/m00_nodes/m00_w_node/inst/inst_mi_handler/gen_normal_area.inst_fifo_node_payld/gen_xpm_memory_fifo.inst_fifo/gen_mem_rep[1].inst_xpm_memory'
Sourcing Tcl File [/tools/Xilinx/Vivado/2020.1/data/ip/xpm/xpm_memory/tcl/xpm_memory_xdc.tcl] for cell 'design_1_i/smartconnect_0/inst/m00_nodes/m00_w_node/inst/inst_mi_handler/gen_normal_area.inst_fifo_node_payld/gen_xpm_memory_fifo.inst_fifo/gen_mem_rep[3].inst_xpm_memory'
Finished Sourcing Tcl File [/tools/Xilinx/Vivado/2020.1/data/ip/xpm/xpm_memory/tcl/xpm_memory_xdc.tcl] for cell 'design_1_i/smartconnect_0/inst/m00_nodes/m00_w_node/inst/inst_mi_handler/gen_normal_area.inst_fifo_node_payld/gen_xpm_memory_fifo.inst_fifo/gen_mem_rep[3].inst_xpm_memory'
Sourcing Tcl File [/tools/Xilinx/Vivado/2020.1/data/ip/xpm/xpm_memory/tcl/xpm_memory_xdc.tcl] for cell 'design_1_i/smartconnect_0/inst/m01_nodes/m01_w_node/inst/inst_mi_handler/gen_normal_area.inst_fifo_node_payld/gen_xpm_memory_fifo.inst_fifo/gen_mem_rep[3].inst_xpm_memory'
Finished Sourcing Tcl File [/tools/Xilinx/Vivado/2020.1/data/ip/xpm/xpm_memory/tcl/xpm_memory_xdc.tcl] for cell 'design_1_i/smartconnect_0/inst/m01_nodes/m01_w_node/inst/inst_mi_handler/gen_normal_area.inst_fifo_node_payld/gen_xpm_memory_fifo.inst_fifo/gen_mem_rep[3].inst_xpm_memory'
Sourcing Tcl File [/tools/Xilinx/Vivado/2020.1/data/ip/xpm/xpm_memory/tcl/xpm_memory_xdc.tcl] for cell 'design_1_i/smartconnect_0/inst/s01_nodes/s01_ar_node/inst/inst_mi_handler/gen_normal_area.gen_fifo_req.inst_fifo_req/gen_xpm_memory_fifo.inst_fifo/gen_mem_rep[0].inst_xpm_memory'
Finished Sourcing Tcl File [/tools/Xilinx/Vivado/2020.1/data/ip/xpm/xpm_memory/tcl/xpm_memory_xdc.tcl] for cell 'design_1_i/smartconnect_0/inst/s01_nodes/s01_ar_node/inst/inst_mi_handler/gen_normal_area.gen_fifo_req.inst_fifo_req/gen_xpm_memory_fifo.inst_fifo/gen_mem_rep[0].inst_xpm_memory'
Sourcing Tcl File [/tools/Xilinx/Vivado/2020.1/data/ip/xpm/xpm_memory/tcl/xpm_memory_xdc.tcl] for cell 'design_1_i/smartconnect_0/inst/s00_nodes/s00_w_node/inst/inst_mi_handler/gen_normal_area.gen_fifo_req.inst_fifo_req/gen_xpm_memory_fifo.inst_fifo/gen_mem_rep[0].inst_xpm_memory'
Finished Sourcing Tcl File [/tools/Xilinx/Vivado/2020.1/data/ip/xpm/xpm_memory/tcl/xpm_memory_xdc.tcl] for cell 'design_1_i/smartconnect_0/inst/s00_nodes/s00_w_node/inst/inst_mi_handler/gen_normal_area.gen_fifo_req.inst_fifo_req/gen_xpm_memory_fifo.inst_fifo/gen_mem_rep[0].inst_xpm_memory'
Sourcing Tcl File [/tools/Xilinx/Vivado/2020.1/data/ip/xpm/xpm_memory/tcl/xpm_memory_xdc.tcl] for cell 'design_1_i/smartconnect_0/inst/s00_nodes/s00_ar_node/inst/inst_mi_handler/gen_normal_area.gen_fifo_req.inst_fifo_req/gen_xpm_memory_fifo.inst_fifo/gen_mem_rep[0].inst_xpm_memory'
Finished Sourcing Tcl File [/tools/Xilinx/Vivado/2020.1/data/ip/xpm/xpm_memory/tcl/xpm_memory_xdc.tcl] for cell 'design_1_i/smartconnect_0/inst/s00_nodes/s00_ar_node/inst/inst_mi_handler/gen_normal_area.gen_fifo_req.inst_fifo_req/gen_xpm_memory_fifo.inst_fifo/gen_mem_rep[0].inst_xpm_memory'
Sourcing Tcl File [/tools/Xilinx/Vivado/2020.1/data/ip/xpm/xpm_memory/tcl/xpm_memory_xdc.tcl] for cell 'design_1_i/smartconnect_0/inst/s00_nodes/s00_aw_node/inst/inst_mi_handler/gen_normal_area.gen_fifo_req.inst_fifo_req/gen_xpm_memory_fifo.inst_fifo/gen_mem_rep[0].inst_xpm_memory'
Finished Sourcing Tcl File [/tools/Xilinx/Vivado/2020.1/data/ip/xpm/xpm_memory/tcl/xpm_memory_xdc.tcl] for cell 'design_1_i/smartconnect_0/inst/s00_nodes/s00_aw_node/inst/inst_mi_handler/gen_normal_area.gen_fifo_req.inst_fifo_req/gen_xpm_memory_fifo.inst_fifo/gen_mem_rep[0].inst_xpm_memory'
Sourcing Tcl File [/tools/Xilinx/Vivado/2020.1/data/ip/xpm/xpm_memory/tcl/xpm_memory_xdc.tcl] for cell 'design_1_i/smartconnect_0/inst/s01_nodes/s01_w_node/inst/inst_mi_handler/gen_normal_area.gen_fifo_req.inst_fifo_req/gen_xpm_memory_fifo.inst_fifo/gen_mem_rep[0].inst_xpm_memory'
Finished Sourcing Tcl File [/tools/Xilinx/Vivado/2020.1/data/ip/xpm/xpm_memory/tcl/xpm_memory_xdc.tcl] for cell 'design_1_i/smartconnect_0/inst/s01_nodes/s01_w_node/inst/inst_mi_handler/gen_normal_area.gen_fifo_req.inst_fifo_req/gen_xpm_memory_fifo.inst_fifo/gen_mem_rep[0].inst_xpm_memory'
Sourcing Tcl File [/tools/Xilinx/Vivado/2020.1/data/ip/xpm/xpm_memory/tcl/xpm_memory_xdc.tcl] for cell 'design_1_i/smartconnect_0/inst/s01_nodes/s01_aw_node/inst/inst_mi_handler/gen_normal_area.gen_fifo_req.inst_fifo_req/gen_xpm_memory_fifo.inst_fifo/gen_mem_rep[0].inst_xpm_memory'
Finished Sourcing Tcl File [/tools/Xilinx/Vivado/2020.1/data/ip/xpm/xpm_memory/tcl/xpm_memory_xdc.tcl] for cell 'design_1_i/smartconnect_0/inst/s01_nodes/s01_aw_node/inst/inst_mi_handler/gen_normal_area.gen_fifo_req.inst_fifo_req/gen_xpm_memory_fifo.inst_fifo/gen_mem_rep[0].inst_xpm_memory'
Sourcing Tcl File [/tools/Xilinx/Vivado/2020.1/data/ip/xpm/xpm_memory/tcl/xpm_memory_xdc.tcl] for cell 'design_1_i/smartconnect_0/inst/s01_nodes/s01_ar_node/inst/inst_mi_handler/gen_normal_area.inst_fifo_node_payld/gen_xpm_memory_fifo.inst_fifo/gen_mem_rep[0].inst_xpm_memory'
Finished Sourcing Tcl File [/tools/Xilinx/Vivado/2020.1/data/ip/xpm/xpm_memory/tcl/xpm_memory_xdc.tcl] for cell 'design_1_i/smartconnect_0/inst/s01_nodes/s01_ar_node/inst/inst_mi_handler/gen_normal_area.inst_fifo_node_payld/gen_xpm_memory_fifo.inst_fifo/gen_mem_rep[0].inst_xpm_memory'
Sourcing Tcl File [/tools/Xilinx/Vivado/2020.1/data/ip/xpm/xpm_memory/tcl/xpm_memory_xdc.tcl] for cell 'design_1_i/smartconnect_0/inst/s00_nodes/s00_ar_node/inst/inst_mi_handler/gen_normal_area.inst_fifo_node_payld/gen_xpm_memory_fifo.inst_fifo/gen_mem_rep[0].inst_xpm_memory'
Finished Sourcing Tcl File [/tools/Xilinx/Vivado/2020.1/data/ip/xpm/xpm_memory/tcl/xpm_memory_xdc.tcl] for cell 'design_1_i/smartconnect_0/inst/s00_nodes/s00_ar_node/inst/inst_mi_handler/gen_normal_area.inst_fifo_node_payld/gen_xpm_memory_fifo.inst_fifo/gen_mem_rep[0].inst_xpm_memory'
Sourcing Tcl File [/tools/Xilinx/Vivado/2020.1/data/ip/xpm/xpm_memory/tcl/xpm_memory_xdc.tcl] for cell 'design_1_i/smartconnect_0/inst/s00_nodes/s00_aw_node/inst/inst_mi_handler/gen_normal_area.inst_fifo_node_payld/gen_xpm_memory_fifo.inst_fifo/gen_mem_rep[0].inst_xpm_memory'
Finished Sourcing Tcl File [/tools/Xilinx/Vivado/2020.1/data/ip/xpm/xpm_memory/tcl/xpm_memory_xdc.tcl] for cell 'design_1_i/smartconnect_0/inst/s00_nodes/s00_aw_node/inst/inst_mi_handler/gen_normal_area.inst_fifo_node_payld/gen_xpm_memory_fifo.inst_fifo/gen_mem_rep[0].inst_xpm_memory'
Sourcing Tcl File [/tools/Xilinx/Vivado/2020.1/data/ip/xpm/xpm_memory/tcl/xpm_memory_xdc.tcl] for cell 'design_1_i/smartconnect_0/inst/s01_nodes/s01_aw_node/inst/inst_mi_handler/gen_normal_area.inst_fifo_node_payld/gen_xpm_memory_fifo.inst_fifo/gen_mem_rep[0].inst_xpm_memory'
Finished Sourcing Tcl File [/tools/Xilinx/Vivado/2020.1/data/ip/xpm/xpm_memory/tcl/xpm_memory_xdc.tcl] for cell 'design_1_i/smartconnect_0/inst/s01_nodes/s01_aw_node/inst/inst_mi_handler/gen_normal_area.inst_fifo_node_payld/gen_xpm_memory_fifo.inst_fifo/gen_mem_rep[0].inst_xpm_memory'
Sourcing Tcl File [/tools/Xilinx/Vivado/2020.1/data/ip/xpm/xpm_memory/tcl/xpm_memory_xdc.tcl] for cell 'design_1_i/smartconnect_0/inst/s01_nodes/s01_b_node/inst/inst_mi_handler/gen_normal_area.gen_node_prog_full.inst_node_prog_full/gen_xpm_memory_fifo.inst_fifo/gen_mem_rep[0].inst_xpm_memory'
Finished Sourcing Tcl File [/tools/Xilinx/Vivado/2020.1/data/ip/xpm/xpm_memory/tcl/xpm_memory_xdc.tcl] for cell 'design_1_i/smartconnect_0/inst/s01_nodes/s01_b_node/inst/inst_mi_handler/gen_normal_area.gen_node_prog_full.inst_node_prog_full/gen_xpm_memory_fifo.inst_fifo/gen_mem_rep[0].inst_xpm_memory'
Sourcing Tcl File [/tools/Xilinx/Vivado/2020.1/data/ip/xpm/xpm_memory/tcl/xpm_memory_xdc.tcl] for cell 'design_1_i/smartconnect_0/inst/s00_nodes/s00_r_node/inst/inst_mi_handler/gen_normal_area.gen_node_prog_full.inst_node_prog_full/gen_xpm_memory_fifo.inst_fifo/gen_mem_rep[0].inst_xpm_memory'
Finished Sourcing Tcl File [/tools/Xilinx/Vivado/2020.1/data/ip/xpm/xpm_memory/tcl/xpm_memory_xdc.tcl] for cell 'design_1_i/smartconnect_0/inst/s00_nodes/s00_r_node/inst/inst_mi_handler/gen_normal_area.gen_node_prog_full.inst_node_prog_full/gen_xpm_memory_fifo.inst_fifo/gen_mem_rep[0].inst_xpm_memory'
Sourcing Tcl File [/tools/Xilinx/Vivado/2020.1/data/ip/xpm/xpm_memory/tcl/xpm_memory_xdc.tcl] for cell 'design_1_i/smartconnect_0/inst/s00_nodes/s00_b_node/inst/inst_mi_handler/gen_normal_area.gen_node_prog_full.inst_node_prog_full/gen_xpm_memory_fifo.inst_fifo/gen_mem_rep[0].inst_xpm_memory'
Finished Sourcing Tcl File [/tools/Xilinx/Vivado/2020.1/data/ip/xpm/xpm_memory/tcl/xpm_memory_xdc.tcl] for cell 'design_1_i/smartconnect_0/inst/s00_nodes/s00_b_node/inst/inst_mi_handler/gen_normal_area.gen_node_prog_full.inst_node_prog_full/gen_xpm_memory_fifo.inst_fifo/gen_mem_rep[0].inst_xpm_memory'
Sourcing Tcl File [/tools/Xilinx/Vivado/2020.1/data/ip/xpm/xpm_memory/tcl/xpm_memory_xdc.tcl] for cell 'design_1_i/smartconnect_0/inst/s01_nodes/s01_r_node/inst/inst_mi_handler/gen_normal_area.gen_node_prog_full.inst_node_prog_full/gen_xpm_memory_fifo.inst_fifo/gen_mem_rep[0].inst_xpm_memory'
Finished Sourcing Tcl File [/tools/Xilinx/Vivado/2020.1/data/ip/xpm/xpm_memory/tcl/xpm_memory_xdc.tcl] for cell 'design_1_i/smartconnect_0/inst/s01_nodes/s01_r_node/inst/inst_mi_handler/gen_normal_area.gen_node_prog_full.inst_node_prog_full/gen_xpm_memory_fifo.inst_fifo/gen_mem_rep[0].inst_xpm_memory'
INFO: [Opt 31-138] Pushed 0 inverter(s) to 0 load pin(s).
Netlist sorting complete. Time (s): cpu = 00:00:00 ; elapsed = 00:00:00.01 . Memory (MB): peak = 3411.336 ; gain = 0.000 ; free physical = 16957 ; free virtual = 30981
INFO: [Project 1-111] Unisim Transformation Summary:
  A total of 2923 instances were transformed.
  IOBUF => IOBUF (IBUF, OBUFT): 2 instances
  IOBUFDS_DIFF_OUT_INTERMDISABLE => IOBUFDS_DIFF_OUT_INTERMDISABLE (IBUFDS_INTERMDISABLE_INT(x2), INV, OBUFTDS(x2)): 18 instances
  IOBUF_INTERMDISABLE => IOBUF_INTERMDISABLE (IBUF_INTERMDISABLE, OBUFT): 144 instances
  OBUFDS => OBUFDS_DUAL_BUF (INV, OBUFDS(x2)): 2 instances
  RAM16X1D => RAM32X1D (RAMD32(x2)): 54 instances
  RAM16X1S => RAM32X1S (RAMS32): 13 instances
  RAM32M => RAM32M (RAMD32(x6), RAMS32(x2)): 2657 instances
  RAM32X1D => RAM32X1D (RAMD32(x2)): 24 instances
  RAM64X1S => RAM64X1S (RAMS64E): 9 instances

13 Infos, 12 Warnings, 0 Critical Warnings and 0 Errors encountered.
link_design completed successfully
link_design: Time (s): cpu = 00:00:29 ; elapsed = 00:00:28 . Memory (MB): peak = 3411.336 ; gain = 1311.035 ; free physical = 16957 ; free virtual = 30981
Command: opt_design -directive Explore
INFO: [Vivado_Tcl 4-136] Directive used for opt_design is: Explore
Attempting to get a license for feature 'Implementation' and/or device 'xc7k480t'
INFO: [Common 17-349] Got license for feature 'Implementation' and/or device 'xc7k480t'
Running DRC as a precondition to command opt_design

Starting DRC Task
INFO: [DRC 23-27] Running DRC with 8 threads
INFO: [Project 1-461] DRC finished with 0 Errors
INFO: [Project 1-462] Please refer to the DRC report (report_drc) for more information.

Time (s): cpu = 00:00:02 ; elapsed = 00:00:00.94 . Memory (MB): peak = 3483.371 ; gain = 64.031 ; free physical = 16967 ; free virtual = 30990

Starting Cache Timing Information Task
INFO: [Timing 38-35] Done setting XDC timing constraints.
Ending Cache Timing Information Task | Checksum: 157b46539

Time (s): cpu = 00:00:04 ; elapsed = 00:00:01 . Memory (MB): peak = 3483.371 ; gain = 0.000 ; free physical = 16933 ; free virtual = 30956

Starting Logic Optimization Task

Phase 1 Retarget
INFO: [Opt 31-138] Pushed 26 inverter(s) to 192 load pin(s).
INFO: [Opt 31-49] Retargeted 0 cell(s).
Phase 1 Retarget | Checksum: 2109e4c2c

Time (s): cpu = 00:00:05 ; elapsed = 00:00:02 . Memory (MB): peak = 3583.027 ; gain = 63.672 ; free physical = 16833 ; free virtual = 30859
INFO: [Opt 31-389] Phase Retarget created 440 cells and removed 1434 cells
INFO: [Opt 31-1021] In phase Retarget, 227 netlist objects are constrained preventing optimization. Please run opt_design with -debug_log to get more detail. 

Phase 2 Constant propagation
INFO: [Opt 31-138] Pushed 10 inverter(s) to 13 load pin(s).
Phase 2 Constant propagation | Checksum: 1a69d63d5

Time (s): cpu = 00:00:05 ; elapsed = 00:00:03 . Memory (MB): peak = 3583.027 ; gain = 63.672 ; free physical = 16835 ; free virtual = 30861
INFO: [Opt 31-389] Phase Constant propagation created 485 cells and removed 1748 cells
INFO: [Opt 31-1021] In phase Constant propagation, 82 netlist objects are constrained preventing optimization. Please run opt_design with -debug_log to get more detail. 

Phase 3 Sweep
Phase 3 Sweep | Checksum: 1553086ae

Time (s): cpu = 00:00:08 ; elapsed = 00:00:06 . Memory (MB): peak = 3583.027 ; gain = 63.672 ; free physical = 16898 ; free virtual = 30926
INFO: [Opt 31-389] Phase Sweep created 0 cells and removed 6507 cells
INFO: [Opt 31-1021] In phase Sweep, 177 netlist objects are constrained preventing optimization. Please run opt_design with -debug_log to get more detail. 

Phase 4 BUFG optimization
INFO: [Opt 31-193] Inserted 2 BUFG(s) on clock nets
Phase 4 BUFG optimization | Checksum: 1bd733b3d

Time (s): cpu = 00:00:09 ; elapsed = 00:00:06 . Memory (MB): peak = 3583.027 ; gain = 63.672 ; free physical = 16915 ; free virtual = 30943
INFO: [Opt 31-662] Phase BUFG optimization created 0 cells of which 0 are BUFGs and removed 0 cells.

Phase 5 Shift Register Optimization
INFO: [Opt 31-1064] SRL Remap converted 0 SRLs to 0 registers and converted 0 registers of register chains to 0 SRLs
Phase 5 Shift Register Optimization | Checksum: 1bd733b3d

Time (s): cpu = 00:00:09 ; elapsed = 00:00:07 . Memory (MB): peak = 3583.027 ; gain = 63.672 ; free physical = 16915 ; free virtual = 30943
INFO: [Opt 31-389] Phase Shift Register Optimization created 0 cells and removed 0 cells

Phase 6 Post Processing Netlist
Phase 6 Post Processing Netlist | Checksum: 1f561db1c

Time (s): cpu = 00:00:10 ; elapsed = 00:00:07 . Memory (MB): peak = 3583.027 ; gain = 63.672 ; free physical = 16931 ; free virtual = 30959
INFO: [Opt 31-389] Phase Post Processing Netlist created 0 cells and removed 1 cells
INFO: [Opt 31-1021] In phase Post Processing Netlist, 71 netlist objects are constrained preventing optimization. Please run opt_design with -debug_log to get more detail. 
Opt_design Change Summary
=========================


-------------------------------------------------------------------------------------------------------------------------
|  Phase                        |  #Cells created  |  #Cells Removed  |  #Constrained objects preventing optimizations  |
-------------------------------------------------------------------------------------------------------------------------
|  Retarget                     |             440  |            1434  |                                            227  |
|  Constant propagation         |             485  |            1748  |                                             82  |
|  Sweep                        |               0  |            6507  |                                            177  |
|  BUFG optimization            |               0  |               0  |                                              0  |
|  Shift Register Optimization  |               0  |               0  |                                              0  |
|  Post Processing Netlist      |               0  |               1  |                                             71  |
-------------------------------------------------------------------------------------------------------------------------



Starting Connectivity Check Task

Time (s): cpu = 00:00:00.12 ; elapsed = 00:00:00.11 . Memory (MB): peak = 3583.027 ; gain = 0.000 ; free physical = 16944 ; free virtual = 30972
Ending Logic Optimization Task | Checksum: 1619a1ea9

Time (s): cpu = 00:00:11 ; elapsed = 00:00:08 . Memory (MB): peak = 3583.027 ; gain = 63.672 ; free physical = 16944 ; free virtual = 30972

Starting Power Optimization Task
INFO: [Pwropt 34-132] Skipping clock gating for clocks with a period < 2.00 ns.
INFO: [Pwropt 34-9] Applying IDT optimizations ...
INFO: [Pwropt 34-10] Applying ODC optimizations ...
INFO: [Timing 38-35] Done setting XDC timing constraints.
Running Vector-less Activity Propagation...

Finished Running Vector-less Activity Propagation


Starting PowerOpt Patch Enables Task
INFO: [Pwropt 34-162] WRITE_MODE attribute of 0 BRAM(s) out of a total of 25 has been updated to save power. Run report_power_opt to get a complete listing of the BRAMs updated.
INFO: [Pwropt 34-201] Structural ODC has moved 0 WE to EN ports
Number of BRAM Ports augmented: 6 newly gated: 21 Total Ports: 50
Ending PowerOpt Patch Enables Task | Checksum: 1e4645857

Time (s): cpu = 00:00:00.29 ; elapsed = 00:00:00.28 . Memory (MB): peak = 4329.863 ; gain = 0.000 ; free physical = 16690 ; free virtual = 30719
Ending Power Optimization Task | Checksum: 1e4645857

Time (s): cpu = 00:00:19 ; elapsed = 00:00:06 . Memory (MB): peak = 4329.863 ; gain = 746.836 ; free physical = 16796 ; free virtual = 30825

Starting Final Cleanup Task

Starting Logic Optimization Task
INFO: [Timing 38-35] Done setting XDC timing constraints.
Ending Logic Optimization Task | Checksum: 18810ccbd

Time (s): cpu = 00:00:08 ; elapsed = 00:00:03 . Memory (MB): peak = 4329.863 ; gain = 0.000 ; free physical = 16866 ; free virtual = 30896
Ending Final Cleanup Task | Checksum: 18810ccbd

Time (s): cpu = 00:00:09 ; elapsed = 00:00:05 . Memory (MB): peak = 4329.863 ; gain = 0.000 ; free physical = 16866 ; free virtual = 30896

Starting Netlist Obfuscation Task
Netlist sorting complete. Time (s): cpu = 00:00:00.01 ; elapsed = 00:00:00.01 . Memory (MB): peak = 4329.863 ; gain = 0.000 ; free physical = 16866 ; free virtual = 30896
Ending Netlist Obfuscation Task | Checksum: 18810ccbd

Time (s): cpu = 00:00:00.01 ; elapsed = 00:00:00.01 . Memory (MB): peak = 4329.863 ; gain = 0.000 ; free physical = 16866 ; free virtual = 30896
INFO: [Common 17-83] Releasing license: Implementation
42 Infos, 12 Warnings, 0 Critical Warnings and 0 Errors encountered.
opt_design completed successfully
opt_design: Time (s): cpu = 00:00:45 ; elapsed = 00:00:23 . Memory (MB): peak = 4329.863 ; gain = 918.527 ; free physical = 16866 ; free virtual = 30896
INFO: [Timing 38-35] Done setting XDC timing constraints.
INFO: [Timing 38-480] Writing timing data to binary archive.
Writing placer database...
Writing XDEF routing.
Writing XDEF routing logical nets.
Writing XDEF routing special nets.
Write XDEF Complete: Time (s): cpu = 00:00:00.21 ; elapsed = 00:00:00.04 . Memory (MB): peak = 4329.863 ; gain = 0.000 ; free physical = 16736 ; free virtual = 30774
INFO: [Common 17-1381] The checkpoint '/home/dipen/Kintex7/board-design-3/board-design-3.runs/impl_1/design_1_wrapper_opt.dcp' has been generated.
write_checkpoint: Time (s): cpu = 00:00:21 ; elapsed = 00:00:15 . Memory (MB): peak = 4329.863 ; gain = 0.000 ; free physical = 16836 ; free virtual = 30900
INFO: [runtcl-4] Executing : report_drc -file design_1_wrapper_drc_opted.rpt -pb design_1_wrapper_drc_opted.pb -rpx design_1_wrapper_drc_opted.rpx
Command: report_drc -file design_1_wrapper_drc_opted.rpt -pb design_1_wrapper_drc_opted.pb -rpx design_1_wrapper_drc_opted.rpx
INFO: [IP_Flow 19-1839] IP Catalog is up to date.
INFO: [DRC 23-27] Running DRC with 8 threads
INFO: [Coretcl 2-168] The results of DRC are in file /home/dipen/Kintex7/board-design-3/board-design-3.runs/impl_1/design_1_wrapper_drc_opted.rpt.
report_drc completed successfully
Command: power_opt_design
Attempting to get a license for feature 'Implementation' and/or device 'xc7k480t'
INFO: [Common 17-349] Got license for feature 'Implementation' and/or device 'xc7k480t'
Begin power optimizations | Checksum: 18810ccbd
WARNING: [Pwropt 34-141] Param pwropt.runOnPwroptedDesign is set. Skipped checking if power_opt_design has been performed earlier.
INFO: [Pwropt 34-50] Optimizing power for module design_1_wrapper ...
INFO: [Pwropt 34-207] Design is in partially-placed state. Running in partially-placed mode.
PSMgr Creation: Time (s): cpu = 00:00:00.25 ; elapsed = 00:00:00.13 . Memory (MB): peak = 4329.863 ; gain = 0.000 ; free physical = 16335 ; free virtual = 30410
Running Vector-less Activity Propagation...
INFO: [Pwropt 34-54] Flop output of design_1_i/xdma_0/inst/design_1_xdma_0_2_pcie2_to_pcie3_wrapper_i/design_1_xdma_0_2_axi_stream_intf_i/design_1_xdma_0_2_rx_demux_i/dma_cpl_fifo_inst/U0/inst_fifo_gen/gaxis_fifo.gaxisf.axisf/grf.rf/gntv_or_sync_fifo.gl0.rd/gr1.gr1_int.rfwft/empty_fwft_fb_o_i_reg does not fanout to any other flop but itself
INFO: [Pwropt 34-54] Flop output of design_1_i/xdma_0/inst/design_1_xdma_0_2_pcie2_to_pcie3_wrapper_i/design_1_xdma_0_2_axi_stream_intf_i/design_1_xdma_0_2_rx_demux_i/dma_cpl_fifo_inst/U0/inst_fifo_gen/gaxis_fifo.gaxisf.axisf/grf.rf/gntv_or_sync_fifo.gl0.rd/gr1.gr1_int.rfwft/gpregsm1.user_valid_reg does not fanout to any other flop but itself
INFO: [Pwropt 34-54] Flop output of design_1_i/xdma_0/inst/design_1_xdma_0_2_pcie2_to_pcie3_wrapper_i/design_1_xdma_0_2_axi_stream_intf_i/design_1_xdma_0_2_rx_demux_i/tgt_brdg_fifo_inst/U0/inst_fifo_gen/gaxis_fifo.gaxisf.axisf/grf.rf/gntv_or_sync_fifo.gl0.rd/gr1.gr1_int.rfwft/empty_fwft_fb_o_i_reg does not fanout to any other flop but itself
INFO: [Pwropt 34-54] Flop output of design_1_i/xdma_0/inst/udma_wrapper/dma_top/base/usr_axilt_slv/DAT_FIFO/WrPtr_reg[0] does not fanout to any other flop but itself
INFO: [Pwropt 34-54] Flop output of design_1_i/xdma_0/inst/udma_wrapper/dma_top/base/usr_axilt_slv/DAT_FIFO/WrPtr_reg[1] does not fanout to any other flop but itself
INFO: [Pwropt 34-54] Flop output of design_1_i/xdma_0/inst/udma_wrapper/dma_top/base/usr_axilt_slv/REQ_FIFO/WrPtr_reg[0] does not fanout to any other flop but itself
INFO: [Pwropt 34-54] Flop output of design_1_i/xdma_0/inst/udma_wrapper/dma_top/base/usr_axilt_slv/REQ_FIFO/WrPtr_reg[1] does not fanout to any other flop but itself
INFO: [Pwropt 34-54] Flop output of design_1_i/xdma_0/inst/udma_wrapper/dma_top/dma_enable.aximm.dma_aximm/axidma_rrq_arb/Fifowhead.fifoInfo/Head_reg[29] does not fanout to any other flop but itself
INFO: [Pwropt 34-54] Flop output of design_1_i/xdma_0/inst/udma_wrapper/dma_top/dma_enable.aximm.dma_aximm/axi4mm_axi_mm_master_wr/wpl_dst_aln_ff_reg[3] does not fanout to any other flop but itself
Found 2365 new always-off flops by back propagation
Pre-processing: Time (s): cpu = 00:00:11 ; elapsed = 00:00:03 . Memory (MB): peak = 4548.754 ; gain = 218.891 ; free physical = 16034 ; free virtual = 30104
INFO: [Pwropt 34-9] Applying IDT optimizations ...

Finished Running Vector-less Activity Propagation
IDT: Time (s): cpu = 00:00:23 ; elapsed = 00:00:07 . Memory (MB): peak = 4917.160 ; gain = 344.445 ; free physical = 15524 ; free virtual = 29629
INFO: [Pwropt 34-10] Applying ODC optimizations ...
INFO: [Pwropt 34-215] Skipped ODC enables for 395 nets in BRAM flops in bus-based analysis.
INFO: [Pwropt 34-214] Skipped ODC enables for 0 nets in BRAM address flops in bus-based analysis.
ODC: Time (s): cpu = 00:00:11 ; elapsed = 00:00:11 . Memory (MB): peak = 4917.160 ; gain = 0.000 ; free physical = 15485 ; free virtual = 29587
Power optimization passes: Time (s): cpu = 00:00:45 ; elapsed = 00:00:21 . Memory (MB): peak = 4917.160 ; gain = 587.297 ; free physical = 15484 ; free virtual = 29584

INFO: [Pwropt 34-77] Creating clock enable groups ...
INFO: [Pwropt 34-96] Including small groups for filtering based on enable probabilities.
 Done
Grouping enables: Time (s): cpu = 00:00:04 ; elapsed = 00:00:06 . Memory (MB): peak = 4917.160 ; gain = 0.000 ; free physical = 16265 ; free virtual = 30365


Starting PowerOpt Patch Enables Task
INFO: [Pwropt 34-26] Patching clock gating enable signals for design design_1_wrapper ...
INFO: [Pwropt 34-162] WRITE_MODE attribute of 0 BRAM(s) out of a total of 25 has been updated to save power. Run report_power_opt to get a complete listing of the BRAMs updated.
INFO: [Pwropt 34-201] Structural ODC has moved 0 WE to EN ports
INFO: [Pwropt 34-100] Patcher adaptive clustering : original ram clusters 27 accepted clusters 27
INFO: [Pwropt 34-100] Patcher adaptive clustering : original flop clusters 4333 accepted clusters 4333

Number of Slice Registers augmented: 1921 newly gated: 6059 Total: 60119
Number of SRLs augmented: 0  newly gated: 4 Total: 1318
Number of BRAM Ports augmented: 15 newly gated: 12 Total Ports: 50
Number of Flops added for Enable Generation: 0

Flops dropped: 732/12388 RAMS dropped: 0/27 Clusters dropped: 179/4360 Enables dropped: 117
Patching clock gating enables finished successfully.
Ending PowerOpt Patch Enables Task | Checksum: 201550dfe

Time (s): cpu = 00:02:00 ; elapsed = 00:00:47 . Memory (MB): peak = 4917.625 ; gain = 0.465 ; free physical = 16241 ; free virtual = 30337
INFO: [Pwropt 34-30] Power optimization finished successfully.
End power optimizations | Checksum: 201550dfe
Power optimization: Time (s): cpu = 00:02:51 ; elapsed = 00:01:17 . Memory (MB): peak = 4917.625 ; gain = 587.762 ; free physical = 16478 ; free virtual = 30575
INFO: [Pwropt 34-198] Malloced memory gain at end of power optimization: 169956968 bytes

Starting Logic Optimization Task

Phase 1 Retarget
INFO: [Opt 31-138] Pushed 24 inverter(s) to 181 load pin(s).
INFO: [Opt 31-49] Retargeted 0 cell(s).
Phase 1 Retarget | Checksum: 1b294565b

Time (s): cpu = 00:00:05 ; elapsed = 00:00:03 . Memory (MB): peak = 4917.625 ; gain = 0.000 ; free physical = 16707 ; free virtual = 30804
INFO: [Opt 31-389] Phase Retarget created 2 cells and removed 13 cells
INFO: [Opt 31-1021] In phase Retarget, 224 netlist objects are constrained preventing optimization. Please run opt_design with -debug_log to get more detail. 

Phase 2 BUFG optimization
INFO: [Opt 31-193] Inserted 2 BUFG(s) on clock nets
Phase 2 BUFG optimization | Checksum: 10459b0e3

Time (s): cpu = 00:00:06 ; elapsed = 00:00:04 . Memory (MB): peak = 4917.625 ; gain = 0.000 ; free physical = 16699 ; free virtual = 30797
INFO: [Opt 31-662] Phase BUFG optimization created 0 cells of which 0 are BUFGs and removed 0 cells.

Phase 3 Remap
Phase 3 Remap | Checksum: f6e3c0db

Time (s): cpu = 00:00:08 ; elapsed = 00:00:06 . Memory (MB): peak = 4917.625 ; gain = 0.000 ; free physical = 16709 ; free virtual = 30803
INFO: [Opt 31-389] Phase Remap created 592 cells and removed 1026 cells
INFO: [Opt 31-1021] In phase Remap, 17 netlist objects are constrained preventing optimization. Please run opt_design with -debug_log to get more detail. 

Phase 4 Post Processing Netlist
Phase 4 Post Processing Netlist | Checksum: 1b050d914

Time (s): cpu = 00:00:08 ; elapsed = 00:00:06 . Memory (MB): peak = 4917.625 ; gain = 0.000 ; free physical = 16709 ; free virtual = 30803
INFO: [Opt 31-389] Phase Post Processing Netlist created 0 cells and removed 0 cells
INFO: [Opt 31-1021] In phase Post Processing Netlist, 72 netlist objects are constrained preventing optimization. Please run opt_design with -debug_log to get more detail. 
Opt_design Change Summary
=========================


---------------------------------------------------------------------------------------------------------------------
|  Phase                    |  #Cells created  |  #Cells Removed  |  #Constrained objects preventing optimizations  |
---------------------------------------------------------------------------------------------------------------------
|  Retarget                 |               2  |              13  |                                            224  |
|  BUFG optimization        |               0  |               0  |                                              0  |
|  Remap                    |             592  |            1026  |                                             17  |
|  Post Processing Netlist  |               0  |               0  |                                             72  |
---------------------------------------------------------------------------------------------------------------------


Ending Logic Optimization Task | Checksum: 202b015de

Time (s): cpu = 00:00:09 ; elapsed = 00:00:06 . Memory (MB): peak = 4917.625 ; gain = 0.000 ; free physical = 16709 ; free virtual = 30803

Starting Netlist Obfuscation Task
Netlist sorting complete. Time (s): cpu = 00:00:00.01 ; elapsed = 00:00:00.01 . Memory (MB): peak = 4917.625 ; gain = 0.000 ; free physical = 16710 ; free virtual = 30805
Ending Netlist Obfuscation Task | Checksum: 202b015de

Time (s): cpu = 00:00:00.01 ; elapsed = 00:00:00.01 . Memory (MB): peak = 4917.625 ; gain = 0.000 ; free physical = 16710 ; free virtual = 30805
INFO: [Common 17-83] Releasing license: Implementation
85 Infos, 13 Warnings, 0 Critical Warnings and 0 Errors encountered.
power_opt_design completed successfully
power_opt_design: Time (s): cpu = 00:03:00 ; elapsed = 00:01:23 . Memory (MB): peak = 4917.625 ; gain = 587.762 ; free physical = 16710 ; free virtual = 30805
INFO: [Timing 38-35] Done setting XDC timing constraints.
INFO: [Timing 38-480] Writing timing data to binary archive.
Writing placer database...
Writing XDEF routing.
Writing XDEF routing logical nets.
Writing XDEF routing special nets.
Write XDEF Complete: Time (s): cpu = 00:00:00.68 ; elapsed = 00:00:00.15 . Memory (MB): peak = 4917.625 ; gain = 0.000 ; free physical = 16514 ; free virtual = 30642
INFO: [Common 17-1381] The checkpoint '/home/dipen/Kintex7/board-design-3/board-design-3.runs/impl_1/design_1_wrapper_pwropt.dcp' has been generated.
write_checkpoint: Time (s): cpu = 00:00:22 ; elapsed = 00:00:15 . Memory (MB): peak = 4917.625 ; gain = 0.000 ; free physical = 16526 ; free virtual = 30658
Command: place_design -directive Explore
Attempting to get a license for feature 'Implementation' and/or device 'xc7k480t'
INFO: [Common 17-349] Got license for feature 'Implementation' and/or device 'xc7k480t'
INFO: [DRC 23-27] Running DRC with 8 threads
INFO: [Vivado_Tcl 4-198] DRC finished with 0 Errors
INFO: [Vivado_Tcl 4-199] Please refer to the DRC report (report_drc) for more information.
Running DRC as a precondition to command place_design
INFO: [DRC 23-27] Running DRC with 8 threads
WARNING: [DRC CHECK-3] Report rule limit reached: REQP-1839 rule limit reached: 20 violations have been found.
WARNING: [DRC REQP-1839] RAMB36 async control check: The RAMB36E1 design_1_i/xdma_0/inst/design_1_xdma_0_2_pcie2_to_pcie3_wrapper_i/design_1_xdma_0_2_axi_stream_intf_i/design_1_xdma_0_2_rx_demux_i/dma_cpl_fifo_inst/U0/inst_fifo_gen/gaxis_fifo.gaxisf.axisf/grf.rf/gntv_or_sync_fifo.mem/gbm.gbmg.gbmga.ngecc.bmg/inst_blk_mem_gen/gnbram.gnativebmg.native_blk_mem_gen/valid.cstr/ramloop[1].ram.r/prim_noinit.ram/DEVICE_7SERIES.NO_BMM_INFO.SDP.WIDE_PRIM36_NO_ECC.ram has an input control pin design_1_i/xdma_0/inst/design_1_xdma_0_2_pcie2_to_pcie3_wrapper_i/design_1_xdma_0_2_axi_stream_intf_i/design_1_xdma_0_2_rx_demux_i/dma_cpl_fifo_inst/U0/inst_fifo_gen/gaxis_fifo.gaxisf.axisf/grf.rf/gntv_or_sync_fifo.mem/gbm.gbmg.gbmga.ngecc.bmg/inst_blk_mem_gen/gnbram.gnativebmg.native_blk_mem_gen/valid.cstr/ramloop[1].ram.r/prim_noinit.ram/DEVICE_7SERIES.NO_BMM_INFO.SDP.WIDE_PRIM36_NO_ECC.ram/ENARDEN (net: design_1_i/xdma_0/inst/design_1_xdma_0_2_pcie2_to_pcie3_wrapper_i/design_1_xdma_0_2_axi_stream_intf_i/design_1_xdma_0_2_rx_demux_i/dma_cpl_fifo_inst/U0/inst_fifo_gen/gaxis_fifo.gaxisf.axisf/grf.rf/gntv_or_sync_fifo.mem/gbm.gbmg.gbmga.ngecc.bmg/inst_blk_mem_gen/gnbram.gnativebmg.native_blk_mem_gen/valid.cstr/ramloop[1].ram.r/prim_noinit.ram/DEVICE_7SERIES.NO_BMM_INFO.SDP.WIDE_PRIM36_NO_ECC.ram_ENARDEN_cooolgate_en_sig_8) which is driven by a register (design_1_i/xdma_0/inst/design_1_xdma_0_2_pcie2_to_pcie3_wrapper_i/design_1_xdma_0_2_axi_stream_intf_i/design_1_xdma_0_2_rx_demux_i/dma_cpl_fifo_inst/U0/inst_fifo_gen/gaxis_fifo.gaxisf.axisf/grf.rf/gntv_or_sync_fifo.gl0.rd/gr1.gr1_int.rfwft/gfwft_rst_done.fwft_rst_done_reg) that has an active asychronous set or reset. This may cause corruption of the memory contents and/or read values when the set/reset is asserted and is not analyzed by the default static timing analysis. It is suggested to eliminate the use of a set/reset to registers driving this RAMB pin or else use a synchronous reset in which the assertion of the reset is timed by default.
WARNING: [DRC REQP-1839] RAMB36 async control check: The RAMB36E1 design_1_i/xdma_0/inst/design_1_xdma_0_2_pcie2_to_pcie3_wrapper_i/design_1_xdma_0_2_axi_stream_intf_i/design_1_xdma_0_2_rx_demux_i/dma_cpl_fifo_inst/U0/inst_fifo_gen/gaxis_fifo.gaxisf.axisf/grf.rf/gntv_or_sync_fifo.mem/gbm.gbmg.gbmga.ngecc.bmg/inst_blk_mem_gen/gnbram.gnativebmg.native_blk_mem_gen/valid.cstr/ramloop[1].ram.r/prim_noinit.ram/DEVICE_7SERIES.NO_BMM_INFO.SDP.WIDE_PRIM36_NO_ECC.ram has an input control pin design_1_i/xdma_0/inst/design_1_xdma_0_2_pcie2_to_pcie3_wrapper_i/design_1_xdma_0_2_axi_stream_intf_i/design_1_xdma_0_2_rx_demux_i/dma_cpl_fifo_inst/U0/inst_fifo_gen/gaxis_fifo.gaxisf.axisf/grf.rf/gntv_or_sync_fifo.mem/gbm.gbmg.gbmga.ngecc.bmg/inst_blk_mem_gen/gnbram.gnativebmg.native_blk_mem_gen/valid.cstr/ramloop[1].ram.r/prim_noinit.ram/DEVICE_7SERIES.NO_BMM_INFO.SDP.WIDE_PRIM36_NO_ECC.ram/ENARDEN (net: design_1_i/xdma_0/inst/design_1_xdma_0_2_pcie2_to_pcie3_wrapper_i/design_1_xdma_0_2_axi_stream_intf_i/design_1_xdma_0_2_rx_demux_i/dma_cpl_fifo_inst/U0/inst_fifo_gen/gaxis_fifo.gaxisf.axisf/grf.rf/gntv_or_sync_fifo.mem/gbm.gbmg.gbmga.ngecc.bmg/inst_blk_mem_gen/gnbram.gnativebmg.native_blk_mem_gen/valid.cstr/ramloop[1].ram.r/prim_noinit.ram/DEVICE_7SERIES.NO_BMM_INFO.SDP.WIDE_PRIM36_NO_ECC.ram_ENARDEN_cooolgate_en_sig_8) which is driven by a register (design_1_i/xdma_0/inst/design_1_xdma_0_2_pcie2_to_pcie3_wrapper_i/pcie2_ip_i/U0/inst/user_reset_out_reg) that has an active asychronous set or reset. This may cause corruption of the memory contents and/or read values when the set/reset is asserted and is not analyzed by the default static timing analysis. It is suggested to eliminate the use of a set/reset to registers driving this RAMB pin or else use a synchronous reset in which the assertion of the reset is timed by default.
WARNING: [DRC REQP-1839] RAMB36 async control check: The RAMB36E1 design_1_i/xdma_0/inst/ram_top/C2H_PCIE_DSC_CPLD_RAM/the_bram_reg_0 has an input control pin design_1_i/xdma_0/inst/ram_top/C2H_PCIE_DSC_CPLD_RAM/the_bram_reg_0/ENBWREN (net: design_1_i/xdma_0/inst/ram_top/C2H_PCIE_DSC_CPLD_RAM/the_bram_reg_0_ENBWREN_cooolgate_en_sig_49) which is driven by a register (design_1_i/xdma_0/inst/udma_wrapper/dma_top/dma_enable.vul_dma/pcie_dsc_rst_3ff_reg_rep__3) that has an active asychronous set or reset. This may cause corruption of the memory contents and/or read values when the set/reset is asserted and is not analyzed by the default static timing analysis. It is suggested to eliminate the use of a set/reset to registers driving this RAMB pin or else use a synchronous reset in which the assertion of the reset is timed by default.
WARNING: [DRC REQP-1839] RAMB36 async control check: The RAMB36E1 design_1_i/xdma_0/inst/ram_top/C2H_PCIE_DSC_CPLD_RAM/the_bram_reg_0 has an input control pin design_1_i/xdma_0/inst/ram_top/C2H_PCIE_DSC_CPLD_RAM/the_bram_reg_0/ENBWREN (net: design_1_i/xdma_0/inst/ram_top/C2H_PCIE_DSC_CPLD_RAM/the_bram_reg_0_ENBWREN_cooolgate_en_sig_49) which is driven by a register (design_1_i/xdma_0/inst/udma_wrapper/dma_top/dma_enable.vul_dma/pcie_rst_2ff_reg[2]) that has an active asychronous set or reset. This may cause corruption of the memory contents and/or read values when the set/reset is asserted and is not analyzed by the default static timing analysis. It is suggested to eliminate the use of a set/reset to registers driving this RAMB pin or else use a synchronous reset in which the assertion of the reset is timed by default.
WARNING: [DRC REQP-1839] RAMB36 async control check: The RAMB36E1 design_1_i/xdma_0/inst/ram_top/C2H_PCIE_DSC_CPLD_RAM/the_bram_reg_1 has an input control pin design_1_i/xdma_0/inst/ram_top/C2H_PCIE_DSC_CPLD_RAM/the_bram_reg_1/ENBWREN (net: design_1_i/xdma_0/inst/ram_top/C2H_PCIE_DSC_CPLD_RAM/the_bram_reg_1_ENBWREN_cooolgate_en_sig_33) which is driven by a register (design_1_i/xdma_0/inst/udma_wrapper/dma_top/dma_enable.vul_dma/pcie_dsc_rst_3ff_reg_rep__3) that has an active asychronous set or reset. This may cause corruption of the memory contents and/or read values when the set/reset is asserted and is not analyzed by the default static timing analysis. It is suggested to eliminate the use of a set/reset to registers driving this RAMB pin or else use a synchronous reset in which the assertion of the reset is timed by default.
WARNING: [DRC REQP-1839] RAMB36 async control check: The RAMB36E1 design_1_i/xdma_0/inst/ram_top/C2H_PCIE_DSC_CPLD_RAM/the_bram_reg_1 has an input control pin design_1_i/xdma_0/inst/ram_top/C2H_PCIE_DSC_CPLD_RAM/the_bram_reg_1/ENBWREN (net: design_1_i/xdma_0/inst/ram_top/C2H_PCIE_DSC_CPLD_RAM/the_bram_reg_1_ENBWREN_cooolgate_en_sig_33) which is driven by a register (design_1_i/xdma_0/inst/udma_wrapper/dma_top/dma_enable.vul_dma/pcie_rst_2ff_reg[2]) that has an active asychronous set or reset. This may cause corruption of the memory contents and/or read values when the set/reset is asserted and is not analyzed by the default static timing analysis. It is suggested to eliminate the use of a set/reset to registers driving this RAMB pin or else use a synchronous reset in which the assertion of the reset is timed by default.
WARNING: [DRC REQP-1839] RAMB36 async control check: The RAMB36E1 design_1_i/xdma_0/inst/ram_top/MASTER_READ_BRAM/genblk1[0].u_buffermem/U0/inst_blk_mem_gen/gnbram.gnativebmg.native_blk_mem_gen/valid.cstr/ramloop[0].ram.r/prim_noinit.ram/DEVICE_7SERIES.NO_BMM_INFO.SDP.WIDE_PRIM36_NO_ECC.ram has an input control pin design_1_i/xdma_0/inst/ram_top/MASTER_READ_BRAM/genblk1[0].u_buffermem/U0/inst_blk_mem_gen/gnbram.gnativebmg.native_blk_mem_gen/valid.cstr/ramloop[0].ram.r/prim_noinit.ram/DEVICE_7SERIES.NO_BMM_INFO.SDP.WIDE_PRIM36_NO_ECC.ram/ADDRARDADDR[10] (net: design_1_i/xdma_0/inst/ram_top/MASTER_READ_BRAM/genblk1[0].u_buffermem/U0/inst_blk_mem_gen/gnbram.gnativebmg.native_blk_mem_gen/valid.cstr/ramloop[0].ram.r/prim_noinit.ram/addrb[4]) which is driven by a register (design_1_i/xdma_0/inst/design_1_xdma_0_2_pcie2_to_pcie3_wrapper_i/pcie2_ip_i/U0/inst/user_reset_out_reg) that has an active asychronous set or reset. This may cause corruption of the memory contents and/or read values when the set/reset is asserted and is not analyzed by the default static timing analysis. It is suggested to eliminate the use of a set/reset to registers driving this RAMB pin or else use a synchronous reset in which the assertion of the reset is timed by default.
WARNING: [DRC REQP-1839] RAMB36 async control check: The RAMB36E1 design_1_i/xdma_0/inst/ram_top/MASTER_READ_BRAM/genblk1[0].u_buffermem/U0/inst_blk_mem_gen/gnbram.gnativebmg.native_blk_mem_gen/valid.cstr/ramloop[0].ram.r/prim_noinit.ram/DEVICE_7SERIES.NO_BMM_INFO.SDP.WIDE_PRIM36_NO_ECC.ram has an input control pin design_1_i/xdma_0/inst/ram_top/MASTER_READ_BRAM/genblk1[0].u_buffermem/U0/inst_blk_mem_gen/gnbram.gnativebmg.native_blk_mem_gen/valid.cstr/ramloop[0].ram.r/prim_noinit.ram/DEVICE_7SERIES.NO_BMM_INFO.SDP.WIDE_PRIM36_NO_ECC.ram/ADDRARDADDR[11] (net: design_1_i/xdma_0/inst/ram_top/MASTER_READ_BRAM/genblk1[0].u_buffermem/U0/inst_blk_mem_gen/gnbram.gnativebmg.native_blk_mem_gen/valid.cstr/ramloop[0].ram.r/prim_noinit.ram/addrb[5]) which is driven by a register (design_1_i/xdma_0/inst/design_1_xdma_0_2_pcie2_to_pcie3_wrapper_i/pcie2_ip_i/U0/inst/user_reset_out_reg) that has an active asychronous set or reset. This may cause corruption of the memory contents and/or read values when the set/reset is asserted and is not analyzed by the default static timing analysis. It is suggested to eliminate the use of a set/reset to registers driving this RAMB pin or else use a synchronous reset in which the assertion of the reset is timed by default.
WARNING: [DRC REQP-1839] RAMB36 async control check: The RAMB36E1 design_1_i/xdma_0/inst/ram_top/MASTER_READ_BRAM/genblk1[0].u_buffermem/U0/inst_blk_mem_gen/gnbram.gnativebmg.native_blk_mem_gen/valid.cstr/ramloop[0].ram.r/prim_noinit.ram/DEVICE_7SERIES.NO_BMM_INFO.SDP.WIDE_PRIM36_NO_ECC.ram has an input control pin design_1_i/xdma_0/inst/ram_top/MASTER_READ_BRAM/genblk1[0].u_buffermem/U0/inst_blk_mem_gen/gnbram.gnativebmg.native_blk_mem_gen/valid.cstr/ramloop[0].ram.r/prim_noinit.ram/DEVICE_7SERIES.NO_BMM_INFO.SDP.WIDE_PRIM36_NO_ECC.ram/ADDRARDADDR[12] (net: design_1_i/xdma_0/inst/ram_top/MASTER_READ_BRAM/genblk1[0].u_buffermem/U0/inst_blk_mem_gen/gnbram.gnativebmg.native_blk_mem_gen/valid.cstr/ramloop[0].ram.r/prim_noinit.ram/addrb[6]) which is driven by a register (design_1_i/xdma_0/inst/design_1_xdma_0_2_pcie2_to_pcie3_wrapper_i/pcie2_ip_i/U0/inst/user_reset_out_reg) that has an active asychronous set or reset. This may cause corruption of the memory contents and/or read values when the set/reset is asserted and is not analyzed by the default static timing analysis. It is suggested to eliminate the use of a set/reset to registers driving this RAMB pin or else use a synchronous reset in which the assertion of the reset is timed by default.
WARNING: [DRC REQP-1839] RAMB36 async control check: The RAMB36E1 design_1_i/xdma_0/inst/ram_top/MASTER_READ_BRAM/genblk1[0].u_buffermem/U0/inst_blk_mem_gen/gnbram.gnativebmg.native_blk_mem_gen/valid.cstr/ramloop[0].ram.r/prim_noinit.ram/DEVICE_7SERIES.NO_BMM_INFO.SDP.WIDE_PRIM36_NO_ECC.ram has an input control pin design_1_i/xdma_0/inst/ram_top/MASTER_READ_BRAM/genblk1[0].u_buffermem/U0/inst_blk_mem_gen/gnbram.gnativebmg.native_blk_mem_gen/valid.cstr/ramloop[0].ram.r/prim_noinit.ram/DEVICE_7SERIES.NO_BMM_INFO.SDP.WIDE_PRIM36_NO_ECC.ram/ADDRARDADDR[13] (net: design_1_i/xdma_0/inst/ram_top/MASTER_READ_BRAM/genblk1[0].u_buffermem/U0/inst_blk_mem_gen/gnbram.gnativebmg.native_blk_mem_gen/valid.cstr/ramloop[0].ram.r/prim_noinit.ram/addrb[7]) which is driven by a register (design_1_i/xdma_0/inst/design_1_xdma_0_2_pcie2_to_pcie3_wrapper_i/pcie2_ip_i/U0/inst/user_reset_out_reg) that has an active asychronous set or reset. This may cause corruption of the memory contents and/or read values when the set/reset is asserted and is not analyzed by the default static timing analysis. It is suggested to eliminate the use of a set/reset to registers driving this RAMB pin or else use a synchronous reset in which the assertion of the reset is timed by default.
WARNING: [DRC REQP-1839] RAMB36 async control check: The RAMB36E1 design_1_i/xdma_0/inst/ram_top/MASTER_READ_BRAM/genblk1[0].u_buffermem/U0/inst_blk_mem_gen/gnbram.gnativebmg.native_blk_mem_gen/valid.cstr/ramloop[0].ram.r/prim_noinit.ram/DEVICE_7SERIES.NO_BMM_INFO.SDP.WIDE_PRIM36_NO_ECC.ram has an input control pin design_1_i/xdma_0/inst/ram_top/MASTER_READ_BRAM/genblk1[0].u_buffermem/U0/inst_blk_mem_gen/gnbram.gnativebmg.native_blk_mem_gen/valid.cstr/ramloop[0].ram.r/prim_noinit.ram/DEVICE_7SERIES.NO_BMM_INFO.SDP.WIDE_PRIM36_NO_ECC.ram/ADDRARDADDR[14] (net: design_1_i/xdma_0/inst/ram_top/MASTER_READ_BRAM/genblk1[0].u_buffermem/U0/inst_blk_mem_gen/gnbram.gnativebmg.native_blk_mem_gen/valid.cstr/ramloop[0].ram.r/prim_noinit.ram/addrb[8]) which is driven by a register (design_1_i/xdma_0/inst/design_1_xdma_0_2_pcie2_to_pcie3_wrapper_i/pcie2_ip_i/U0/inst/user_reset_out_reg) that has an active asychronous set or reset. This may cause corruption of the memory contents and/or read values when the set/reset is asserted and is not analyzed by the default static timing analysis. It is suggested to eliminate the use of a set/reset to registers driving this RAMB pin or else use a synchronous reset in which the assertion of the reset is timed by default.
WARNING: [DRC REQP-1839] RAMB36 async control check: The RAMB36E1 design_1_i/xdma_0/inst/ram_top/MASTER_READ_BRAM/genblk1[0].u_buffermem/U0/inst_blk_mem_gen/gnbram.gnativebmg.native_blk_mem_gen/valid.cstr/ramloop[0].ram.r/prim_noinit.ram/DEVICE_7SERIES.NO_BMM_INFO.SDP.WIDE_PRIM36_NO_ECC.ram has an input control pin design_1_i/xdma_0/inst/ram_top/MASTER_READ_BRAM/genblk1[0].u_buffermem/U0/inst_blk_mem_gen/gnbram.gnativebmg.native_blk_mem_gen/valid.cstr/ramloop[0].ram.r/prim_noinit.ram/DEVICE_7SERIES.NO_BMM_INFO.SDP.WIDE_PRIM36_NO_ECC.ram/ADDRARDADDR[6] (net: design_1_i/xdma_0/inst/ram_top/MASTER_READ_BRAM/genblk1[0].u_buffermem/U0/inst_blk_mem_gen/gnbram.gnativebmg.native_blk_mem_gen/valid.cstr/ramloop[0].ram.r/prim_noinit.ram/addrb[0]) which is driven by a register (design_1_i/xdma_0/inst/design_1_xdma_0_2_pcie2_to_pcie3_wrapper_i/pcie2_ip_i/U0/inst/user_reset_out_reg) that has an active asychronous set or reset. This may cause corruption of the memory contents and/or read values when the set/reset is asserted and is not analyzed by the default static timing analysis. It is suggested to eliminate the use of a set/reset to registers driving this RAMB pin or else use a synchronous reset in which the assertion of the reset is timed by default.
WARNING: [DRC REQP-1839] RAMB36 async control check: The RAMB36E1 design_1_i/xdma_0/inst/ram_top/MASTER_READ_BRAM/genblk1[0].u_buffermem/U0/inst_blk_mem_gen/gnbram.gnativebmg.native_blk_mem_gen/valid.cstr/ramloop[0].ram.r/prim_noinit.ram/DEVICE_7SERIES.NO_BMM_INFO.SDP.WIDE_PRIM36_NO_ECC.ram has an input control pin design_1_i/xdma_0/inst/ram_top/MASTER_READ_BRAM/genblk1[0].u_buffermem/U0/inst_blk_mem_gen/gnbram.gnativebmg.native_blk_mem_gen/valid.cstr/ramloop[0].ram.r/prim_noinit.ram/DEVICE_7SERIES.NO_BMM_INFO.SDP.WIDE_PRIM36_NO_ECC.ram/ADDRARDADDR[7] (net: design_1_i/xdma_0/inst/ram_top/MASTER_READ_BRAM/genblk1[0].u_buffermem/U0/inst_blk_mem_gen/gnbram.gnativebmg.native_blk_mem_gen/valid.cstr/ramloop[0].ram.r/prim_noinit.ram/addrb[1]) which is driven by a register (design_1_i/xdma_0/inst/design_1_xdma_0_2_pcie2_to_pcie3_wrapper_i/pcie2_ip_i/U0/inst/user_reset_out_reg) that has an active asychronous set or reset. This may cause corruption of the memory contents and/or read values when the set/reset is asserted and is not analyzed by the default static timing analysis. It is suggested to eliminate the use of a set/reset to registers driving this RAMB pin or else use a synchronous reset in which the assertion of the reset is timed by default.
WARNING: [DRC REQP-1839] RAMB36 async control check: The RAMB36E1 design_1_i/xdma_0/inst/ram_top/MASTER_READ_BRAM/genblk1[0].u_buffermem/U0/inst_blk_mem_gen/gnbram.gnativebmg.native_blk_mem_gen/valid.cstr/ramloop[0].ram.r/prim_noinit.ram/DEVICE_7SERIES.NO_BMM_INFO.SDP.WIDE_PRIM36_NO_ECC.ram has an input control pin design_1_i/xdma_0/inst/ram_top/MASTER_READ_BRAM/genblk1[0].u_buffermem/U0/inst_blk_mem_gen/gnbram.gnativebmg.native_blk_mem_gen/valid.cstr/ramloop[0].ram.r/prim_noinit.ram/DEVICE_7SERIES.NO_BMM_INFO.SDP.WIDE_PRIM36_NO_ECC.ram/ADDRARDADDR[8] (net: design_1_i/xdma_0/inst/ram_top/MASTER_READ_BRAM/genblk1[0].u_buffermem/U0/inst_blk_mem_gen/gnbram.gnativebmg.native_blk_mem_gen/valid.cstr/ramloop[0].ram.r/prim_noinit.ram/addrb[2]) which is driven by a register (design_1_i/xdma_0/inst/design_1_xdma_0_2_pcie2_to_pcie3_wrapper_i/pcie2_ip_i/U0/inst/user_reset_out_reg) that has an active asychronous set or reset. This may cause corruption of the memory contents and/or read values when the set/reset is asserted and is not analyzed by the default static timing analysis. It is suggested to eliminate the use of a set/reset to registers driving this RAMB pin or else use a synchronous reset in which the assertion of the reset is timed by default.
WARNING: [DRC REQP-1839] RAMB36 async control check: The RAMB36E1 design_1_i/xdma_0/inst/ram_top/MASTER_READ_BRAM/genblk1[0].u_buffermem/U0/inst_blk_mem_gen/gnbram.gnativebmg.native_blk_mem_gen/valid.cstr/ramloop[0].ram.r/prim_noinit.ram/DEVICE_7SERIES.NO_BMM_INFO.SDP.WIDE_PRIM36_NO_ECC.ram has an input control pin design_1_i/xdma_0/inst/ram_top/MASTER_READ_BRAM/genblk1[0].u_buffermem/U0/inst_blk_mem_gen/gnbram.gnativebmg.native_blk_mem_gen/valid.cstr/ramloop[0].ram.r/prim_noinit.ram/DEVICE_7SERIES.NO_BMM_INFO.SDP.WIDE_PRIM36_NO_ECC.ram/ADDRARDADDR[9] (net: design_1_i/xdma_0/inst/ram_top/MASTER_READ_BRAM/genblk1[0].u_buffermem/U0/inst_blk_mem_gen/gnbram.gnativebmg.native_blk_mem_gen/valid.cstr/ramloop[0].ram.r/prim_noinit.ram/addrb[3]) which is driven by a register (design_1_i/xdma_0/inst/design_1_xdma_0_2_pcie2_to_pcie3_wrapper_i/pcie2_ip_i/U0/inst/user_reset_out_reg) that has an active asychronous set or reset. This may cause corruption of the memory contents and/or read values when the set/reset is asserted and is not analyzed by the default static timing analysis. It is suggested to eliminate the use of a set/reset to registers driving this RAMB pin or else use a synchronous reset in which the assertion of the reset is timed by default.
WARNING: [DRC REQP-1839] RAMB36 async control check: The RAMB36E1 design_1_i/xdma_0/inst/ram_top/MASTER_READ_BRAM/genblk1[0].u_buffermem/U0/inst_blk_mem_gen/gnbram.gnativebmg.native_blk_mem_gen/valid.cstr/ramloop[0].ram.r/prim_noinit.ram/DEVICE_7SERIES.NO_BMM_INFO.SDP.WIDE_PRIM36_NO_ECC.ram has an input control pin design_1_i/xdma_0/inst/ram_top/MASTER_READ_BRAM/genblk1[0].u_buffermem/U0/inst_blk_mem_gen/gnbram.gnativebmg.native_blk_mem_gen/valid.cstr/ramloop[0].ram.r/prim_noinit.ram/DEVICE_7SERIES.NO_BMM_INFO.SDP.WIDE_PRIM36_NO_ECC.ram/ENARDEN (net: design_1_i/xdma_0/inst/ram_top/MASTER_READ_BRAM/genblk1[0].u_buffermem/U0/inst_blk_mem_gen/gnbram.gnativebmg.native_blk_mem_gen/valid.cstr/ramloop[0].ram.r/prim_noinit.ram/DEVICE_7SERIES.NO_BMM_INFO.SDP.WIDE_PRIM36_NO_ECC.ram_ENARDEN_cooolgate_en_sig_57) which is driven by a register (design_1_i/xdma_0/inst/design_1_xdma_0_2_pcie2_to_pcie3_wrapper_i/pcie2_ip_i/U0/inst/user_reset_out_reg) that has an active asychronous set or reset. This may cause corruption of the memory contents and/or read values when the set/reset is asserted and is not analyzed by the default static timing analysis. It is suggested to eliminate the use of a set/reset to registers driving this RAMB pin or else use a synchronous reset in which the assertion of the reset is timed by default.
WARNING: [DRC REQP-1839] RAMB36 async control check: The RAMB36E1 design_1_i/xdma_0/inst/ram_top/MASTER_READ_BRAM/genblk1[0].u_buffermem/U0/inst_blk_mem_gen/gnbram.gnativebmg.native_blk_mem_gen/valid.cstr/ramloop[0].ram.r/prim_noinit.ram/DEVICE_7SERIES.NO_BMM_INFO.SDP.WIDE_PRIM36_NO_ECC.ram has an input control pin design_1_i/xdma_0/inst/ram_top/MASTER_READ_BRAM/genblk1[0].u_buffermem/U0/inst_blk_mem_gen/gnbram.gnativebmg.native_blk_mem_gen/valid.cstr/ramloop[0].ram.r/prim_noinit.ram/DEVICE_7SERIES.NO_BMM_INFO.SDP.WIDE_PRIM36_NO_ECC.ram/ENARDEN (net: design_1_i/xdma_0/inst/ram_top/MASTER_READ_BRAM/genblk1[0].u_buffermem/U0/inst_blk_mem_gen/gnbram.gnativebmg.native_blk_mem_gen/valid.cstr/ramloop[0].ram.r/prim_noinit.ram/DEVICE_7SERIES.NO_BMM_INFO.SDP.WIDE_PRIM36_NO_ECC.ram_ENARDEN_cooolgate_en_sig_57) which is driven by a register (design_1_i/xdma_0/inst/udma_wrapper/dma_top/user_rst_n_2ff_reg[0]) that has an active asychronous set or reset. This may cause corruption of the memory contents and/or read values when the set/reset is asserted and is not analyzed by the default static timing analysis. It is suggested to eliminate the use of a set/reset to registers driving this RAMB pin or else use a synchronous reset in which the assertion of the reset is timed by default.
WARNING: [DRC REQP-1839] RAMB36 async control check: The RAMB36E1 design_1_i/xdma_0/inst/ram_top/MASTER_READ_BRAM/genblk1[0].u_buffermem/U0/inst_blk_mem_gen/gnbram.gnativebmg.native_blk_mem_gen/valid.cstr/ramloop[0].ram.r/prim_noinit.ram/DEVICE_7SERIES.NO_BMM_INFO.SDP.WIDE_PRIM36_NO_ECC.ram has an input control pin design_1_i/xdma_0/inst/ram_top/MASTER_READ_BRAM/genblk1[0].u_buffermem/U0/inst_blk_mem_gen/gnbram.gnativebmg.native_blk_mem_gen/valid.cstr/ramloop[0].ram.r/prim_noinit.ram/DEVICE_7SERIES.NO_BMM_INFO.SDP.WIDE_PRIM36_NO_ECC.ram/ENARDEN (net: design_1_i/xdma_0/inst/ram_top/MASTER_READ_BRAM/genblk1[0].u_buffermem/U0/inst_blk_mem_gen/gnbram.gnativebmg.native_blk_mem_gen/valid.cstr/ramloop[0].ram.r/prim_noinit.ram/DEVICE_7SERIES.NO_BMM_INFO.SDP.WIDE_PRIM36_NO_ECC.ram_ENARDEN_cooolgate_en_sig_57) which is driven by a register (design_1_i/xdma_0/inst/udma_wrapper/dma_top/user_rst_n_3ff_reg[0]) that has an active asychronous set or reset. This may cause corruption of the memory contents and/or read values when the set/reset is asserted and is not analyzed by the default static timing analysis. It is suggested to eliminate the use of a set/reset to registers driving this RAMB pin or else use a synchronous reset in which the assertion of the reset is timed by default.
WARNING: [DRC REQP-1839] RAMB36 async control check: The RAMB36E1 design_1_i/xdma_0/inst/ram_top/gen_c2h_bram.C2H_DAT0_FIFO/genblk1[0].u_buffermem/U0/inst_blk_mem_gen/gnbram.gnativebmg.native_blk_mem_gen/valid.cstr/ramloop[0].ram.r/prim_noinit.ram/DEVICE_7SERIES.NO_BMM_INFO.SDP.WIDE_PRIM36_NO_ECC.ram has an input control pin design_1_i/xdma_0/inst/ram_top/gen_c2h_bram.C2H_DAT0_FIFO/genblk1[0].u_buffermem/U0/inst_blk_mem_gen/gnbram.gnativebmg.native_blk_mem_gen/valid.cstr/ramloop[0].ram.r/prim_noinit.ram/DEVICE_7SERIES.NO_BMM_INFO.SDP.WIDE_PRIM36_NO_ECC.ram/ENARDEN (net: design_1_i/xdma_0/inst/ram_top/gen_c2h_bram.C2H_DAT0_FIFO/genblk1[0].u_buffermem/U0/inst_blk_mem_gen/gnbram.gnativebmg.native_blk_mem_gen/valid.cstr/ramloop[0].ram.r/prim_noinit.ram/DEVICE_7SERIES.NO_BMM_INFO.SDP.WIDE_PRIM36_NO_ECC.ram_ENARDEN_cooolgate_en_sig_58) which is driven by a register (design_1_i/xdma_0/inst/udma_wrapper/dma_top/dma_enable.vul_dma/pcie_c2h_rst_3ff_reg[0]_rep__2) that has an active asychronous set or reset. This may cause corruption of the memory contents and/or read values when the set/reset is asserted and is not analyzed by the default static timing analysis. It is suggested to eliminate the use of a set/reset to registers driving this RAMB pin or else use a synchronous reset in which the assertion of the reset is timed by default.
WARNING: [DRC REQP-1839] RAMB36 async control check: The RAMB36E1 design_1_i/xdma_0/inst/ram_top/gen_c2h_bram.C2H_DAT0_FIFO/genblk1[0].u_buffermem/U0/inst_blk_mem_gen/gnbram.gnativebmg.native_blk_mem_gen/valid.cstr/ramloop[0].ram.r/prim_noinit.ram/DEVICE_7SERIES.NO_BMM_INFO.SDP.WIDE_PRIM36_NO_ECC.ram has an input control pin design_1_i/xdma_0/inst/ram_top/gen_c2h_bram.C2H_DAT0_FIFO/genblk1[0].u_buffermem/U0/inst_blk_mem_gen/gnbram.gnativebmg.native_blk_mem_gen/valid.cstr/ramloop[0].ram.r/prim_noinit.ram/DEVICE_7SERIES.NO_BMM_INFO.SDP.WIDE_PRIM36_NO_ECC.ram/ENARDEN (net: design_1_i/xdma_0/inst/ram_top/gen_c2h_bram.C2H_DAT0_FIFO/genblk1[0].u_buffermem/U0/inst_blk_mem_gen/gnbram.gnativebmg.native_blk_mem_gen/valid.cstr/ramloop[0].ram.r/prim_noinit.ram/DEVICE_7SERIES.NO_BMM_INFO.SDP.WIDE_PRIM36_NO_ECC.ram_ENARDEN_cooolgate_en_sig_58) which is driven by a register (design_1_i/xdma_0/inst/udma_wrapper/dma_top/dma_enable.vul_dma/pcie_rst_2ff_reg[0]) that has an active asychronous set or reset. This may cause corruption of the memory contents and/or read values when the set/reset is asserted and is not analyzed by the default static timing analysis. It is suggested to eliminate the use of a set/reset to registers driving this RAMB pin or else use a synchronous reset in which the assertion of the reset is timed by default.
WARNING: [DRC REQP-1840] RAMB18 async control check: The RAMB18E1 design_1_i/xdma_0/inst/design_1_xdma_0_2_pcie2_to_pcie3_wrapper_i/design_1_xdma_0_2_axi_stream_intf_i/design_1_xdma_0_2_rx_demux_i/dma_cpl_fifo_inst/U0/inst_fifo_gen/gaxis_fifo.gaxisf.axisf/grf.rf/gntv_or_sync_fifo.mem/gbm.gbmg.gbmga.ngecc.bmg/inst_blk_mem_gen/gnbram.gnativebmg.native_blk_mem_gen/valid.cstr/ramloop[0].ram.r/prim_noinit.ram/DEVICE_7SERIES.NO_BMM_INFO.SDP.WIDE_PRIM18.ram has an input control pin design_1_i/xdma_0/inst/design_1_xdma_0_2_pcie2_to_pcie3_wrapper_i/design_1_xdma_0_2_axi_stream_intf_i/design_1_xdma_0_2_rx_demux_i/dma_cpl_fifo_inst/U0/inst_fifo_gen/gaxis_fifo.gaxisf.axisf/grf.rf/gntv_or_sync_fifo.mem/gbm.gbmg.gbmga.ngecc.bmg/inst_blk_mem_gen/gnbram.gnativebmg.native_blk_mem_gen/valid.cstr/ramloop[0].ram.r/prim_noinit.ram/DEVICE_7SERIES.NO_BMM_INFO.SDP.WIDE_PRIM18.ram/ENARDEN (net: design_1_i/xdma_0/inst/design_1_xdma_0_2_pcie2_to_pcie3_wrapper_i/design_1_xdma_0_2_axi_stream_intf_i/design_1_xdma_0_2_rx_demux_i/dma_cpl_fifo_inst/U0/inst_fifo_gen/gaxis_fifo.gaxisf.axisf/grf.rf/gntv_or_sync_fifo.mem/gbm.gbmg.gbmga.ngecc.bmg/inst_blk_mem_gen/gnbram.gnativebmg.native_blk_mem_gen/valid.cstr/ramloop[0].ram.r/prim_noinit.ram/DEVICE_7SERIES.NO_BMM_INFO.SDP.WIDE_PRIM18.ram_ENARDEN_cooolgate_en_sig_7) which is driven by a register (design_1_i/xdma_0/inst/design_1_xdma_0_2_pcie2_to_pcie3_wrapper_i/design_1_xdma_0_2_axi_stream_intf_i/design_1_xdma_0_2_rx_demux_i/dma_cpl_fifo_inst/U0/inst_fifo_gen/gaxis_fifo.gaxisf.axisf/grf.rf/gntv_or_sync_fifo.gl0.rd/gr1.gr1_int.rfwft/gfwft_rst_done.fwft_rst_done_reg) that has an active asychronous set or reset. This may cause corruption of the memory contents and/or read values when the set/reset is asserted and is not analyzed by the default static timing analysis. It is suggested to eliminate the use of a set/reset to registers driving this RAMB pin or else use a synchronous reset in which the assertion of the reset is timed by default.
WARNING: [DRC REQP-1840] RAMB18 async control check: The RAMB18E1 design_1_i/xdma_0/inst/design_1_xdma_0_2_pcie2_to_pcie3_wrapper_i/design_1_xdma_0_2_axi_stream_intf_i/design_1_xdma_0_2_rx_demux_i/dma_cpl_fifo_inst/U0/inst_fifo_gen/gaxis_fifo.gaxisf.axisf/grf.rf/gntv_or_sync_fifo.mem/gbm.gbmg.gbmga.ngecc.bmg/inst_blk_mem_gen/gnbram.gnativebmg.native_blk_mem_gen/valid.cstr/ramloop[0].ram.r/prim_noinit.ram/DEVICE_7SERIES.NO_BMM_INFO.SDP.WIDE_PRIM18.ram has an input control pin design_1_i/xdma_0/inst/design_1_xdma_0_2_pcie2_to_pcie3_wrapper_i/design_1_xdma_0_2_axi_stream_intf_i/design_1_xdma_0_2_rx_demux_i/dma_cpl_fifo_inst/U0/inst_fifo_gen/gaxis_fifo.gaxisf.axisf/grf.rf/gntv_or_sync_fifo.mem/gbm.gbmg.gbmga.ngecc.bmg/inst_blk_mem_gen/gnbram.gnativebmg.native_blk_mem_gen/valid.cstr/ramloop[0].ram.r/prim_noinit.ram/DEVICE_7SERIES.NO_BMM_INFO.SDP.WIDE_PRIM18.ram/ENARDEN (net: design_1_i/xdma_0/inst/design_1_xdma_0_2_pcie2_to_pcie3_wrapper_i/design_1_xdma_0_2_axi_stream_intf_i/design_1_xdma_0_2_rx_demux_i/dma_cpl_fifo_inst/U0/inst_fifo_gen/gaxis_fifo.gaxisf.axisf/grf.rf/gntv_or_sync_fifo.mem/gbm.gbmg.gbmga.ngecc.bmg/inst_blk_mem_gen/gnbram.gnativebmg.native_blk_mem_gen/valid.cstr/ramloop[0].ram.r/prim_noinit.ram/DEVICE_7SERIES.NO_BMM_INFO.SDP.WIDE_PRIM18.ram_ENARDEN_cooolgate_en_sig_7) which is driven by a register (design_1_i/xdma_0/inst/design_1_xdma_0_2_pcie2_to_pcie3_wrapper_i/pcie2_ip_i/U0/inst/user_reset_out_reg) that has an active asychronous set or reset. This may cause corruption of the memory contents and/or read values when the set/reset is asserted and is not analyzed by the default static timing analysis. It is suggested to eliminate the use of a set/reset to registers driving this RAMB pin or else use a synchronous reset in which the assertion of the reset is timed by default.
INFO: [Vivado_Tcl 4-198] DRC finished with 0 Errors, 23 Warnings
INFO: [Vivado_Tcl 4-199] Please refer to the DRC report (report_drc) for more information.

Starting Placer Task
INFO: [Place 46-5] The placer was invoked with the 'Explore' directive.
INFO: [Place 30-611] Multithreading enabled for place_design using a maximum of 8 CPUs

Phase 1 Placer Initialization

Phase 1.1 Placer Initialization Netlist Sorting
Netlist sorting complete. Time (s): cpu = 00:00:00.01 ; elapsed = 00:00:00.01 . Memory (MB): peak = 4917.625 ; gain = 0.000 ; free physical = 16510 ; free virtual = 30639
Phase 1.1 Placer Initialization Netlist Sorting | Checksum: 19719bd06

Time (s): cpu = 00:00:00.03 ; elapsed = 00:00:00.03 . Memory (MB): peak = 4917.625 ; gain = 0.000 ; free physical = 16512 ; free virtual = 30641
INFO: [Opt 31-138] Pushed 0 inverter(s) to 0 load pin(s).
Netlist sorting complete. Time (s): cpu = 00:00:00.01 ; elapsed = 00:00:00 . Memory (MB): peak = 4917.625 ; gain = 0.000 ; free physical = 16636 ; free virtual = 30767

Phase 1.2 IO Placement/ Clock Placement/ Build Placer Device
INFO: [Timing 38-35] Done setting XDC timing constraints.
Phase 1.2 IO Placement/ Clock Placement/ Build Placer Device | Checksum: 10469df22

Time (s): cpu = 00:00:11 ; elapsed = 00:00:06 . Memory (MB): peak = 4917.625 ; gain = 0.000 ; free physical = 16499 ; free virtual = 30635

Phase 1.3 Build Placer Netlist Model
Phase 1.3 Build Placer Netlist Model | Checksum: 1b811175a

Time (s): cpu = 00:00:27 ; elapsed = 00:00:14 . Memory (MB): peak = 4917.625 ; gain = 0.000 ; free physical = 16225 ; free virtual = 30359

Phase 1.4 Constrain Clocks/Macros
Phase 1.4 Constrain Clocks/Macros | Checksum: 1b811175a

Time (s): cpu = 00:00:28 ; elapsed = 00:00:14 . Memory (MB): peak = 4917.625 ; gain = 0.000 ; free physical = 16227 ; free virtual = 30360
Phase 1 Placer Initialization | Checksum: 1b811175a

Time (s): cpu = 00:00:28 ; elapsed = 00:00:14 . Memory (MB): peak = 4917.625 ; gain = 0.000 ; free physical = 16227 ; free virtual = 30360

Phase 2 Global Placement

Phase 2.1 Floorplanning
Phase 2.1 Floorplanning | Checksum: 20d841933

Time (s): cpu = 00:00:34 ; elapsed = 00:00:16 . Memory (MB): peak = 4917.625 ; gain = 0.000 ; free physical = 16206 ; free virtual = 30339

Phase 2.2 Global Placement Core

Phase 2.2.1 Physical Synthesis In Placer
INFO: [Physopt 32-1035] Found 14 LUTNM shape to break, 5912 LUT instances to create LUTNM shape
INFO: [Physopt 32-1044] Break lutnm for timing: one critical 13, two critical 1, total 14, new lutff created 0
INFO: [Physopt 32-775] End 1 Pass. Optimized 2533 nets or cells. Created 14 new cells, deleted 2519 existing cells and moved 0 existing cell
INFO: [Physopt 32-1022] Very high fanout net 'design_1_i/mig_7series_0/u_design_1_mig_7series_0_3_mig/c0_u_memc_ui_top_axi/mem_intfc0/mc0/col_mach0/ADDRD[1]' has -through timing constraint at pin '' or its immediate connected net. To preserve -through timing constraint its fanout number considered in optimization is changed from 1391 to 181 and it is not considered a very high fanout net anymore. Please consider modifying/removing the '-through' timing constraint on the net segment or hierarchy pin.
INFO: [Physopt 32-1022] Very high fanout net 'design_1_i/mig_7series_0/u_design_1_mig_7series_0_3_mig/c0_u_memc_ui_top_axi/mem_intfc0/mc0/col_mach0/ADDRD[2]' has -through timing constraint at pin '' or its immediate connected net. To preserve -through timing constraint its fanout number considered in optimization is changed from 1391 to 181 and it is not considered a very high fanout net anymore. Please consider modifying/removing the '-through' timing constraint on the net segment or hierarchy pin.
INFO: [Physopt 32-1022] Very high fanout net 'design_1_i/mig_7series_0/u_design_1_mig_7series_0_3_mig/c0_u_memc_ui_top_axi/mem_intfc0/mc0/col_mach0/ADDRD[3]' has -through timing constraint at pin '' or its immediate connected net. To preserve -through timing constraint its fanout number considered in optimization is changed from 1391 to 181 and it is not considered a very high fanout net anymore. Please consider modifying/removing the '-through' timing constraint on the net segment or hierarchy pin.
INFO: [Physopt 32-1022] Very high fanout net 'design_1_i/mig_7series_0/u_design_1_mig_7series_0_3_mig/c0_u_memc_ui_top_axi/mem_intfc0/mc0/col_mach0/ADDRD[4]' has -through timing constraint at pin '' or its immediate connected net. To preserve -through timing constraint its fanout number considered in optimization is changed from 1394 to 184 and it is not considered a very high fanout net anymore. Please consider modifying/removing the '-through' timing constraint on the net segment or hierarchy pin.
INFO: [Physopt 32-1022] Very high fanout net 'design_1_i/mig_7series_0/u_design_1_mig_7series_0_3_mig/c1_u_memc_ui_top_axi/mem_intfc0/mc0/col_mach0/ADDRD[1]' has -through timing constraint at pin '' or its immediate connected net. To preserve -through timing constraint its fanout number considered in optimization is changed from 1391 to 181 and it is not considered a very high fanout net anymore. Please consider modifying/removing the '-through' timing constraint on the net segment or hierarchy pin.
INFO: [Physopt 32-1022] Very high fanout net 'design_1_i/mig_7series_0/u_design_1_mig_7series_0_3_mig/c1_u_memc_ui_top_axi/mem_intfc0/mc0/col_mach0/ADDRD[2]' has -through timing constraint at pin '' or its immediate connected net. To preserve -through timing constraint its fanout number considered in optimization is changed from 1391 to 181 and it is not considered a very high fanout net anymore. Please consider modifying/removing the '-through' timing constraint on the net segment or hierarchy pin.
INFO: [Physopt 32-1022] Very high fanout net 'design_1_i/mig_7series_0/u_design_1_mig_7series_0_3_mig/c1_u_memc_ui_top_axi/mem_intfc0/mc0/col_mach0/ADDRD[3]' has -through timing constraint at pin '' or its immediate connected net. To preserve -through timing constraint its fanout number considered in optimization is changed from 1391 to 181 and it is not considered a very high fanout net anymore. Please consider modifying/removing the '-through' timing constraint on the net segment or hierarchy pin.
INFO: [Physopt 32-1022] Very high fanout net 'design_1_i/mig_7series_0/u_design_1_mig_7series_0_3_mig/c1_u_memc_ui_top_axi/mem_intfc0/mc0/col_mach0/ADDRD[4]' has -through timing constraint at pin '' or its immediate connected net. To preserve -through timing constraint its fanout number considered in optimization is changed from 1394 to 184 and it is not considered a very high fanout net anymore. Please consider modifying/removing the '-through' timing constraint on the net segment or hierarchy pin.
INFO: [Physopt 32-76] Pass 1. Identified 2 candidate nets for fanout optimization.
INFO: [Physopt 32-81] Processed net design_1_i/xdma_0/inst/design_1_xdma_0_2_pcie2_to_pcie3_wrapper_i/pcie2_ip_i/U0/inst/user_reset_out. Replicated 8 times.
INFO: [Physopt 32-81] Processed net design_1_i/mig_7series_0/u_design_1_mig_7series_0_3_mig/c1_u_memc_ui_top_axi/u_axi_mc/axi_mc_w_channel_0/wready_reg_0. Replicated 10 times.
INFO: [Physopt 32-232] Optimized 2 nets. Created 18 new instances.
INFO: [Physopt 32-775] End 1 Pass. Optimized 2 nets or cells. Created 18 new cells, deleted 0 existing cell and moved 0 existing cell
Netlist sorting complete. Time (s): cpu = 00:00:00.07 ; elapsed = 00:00:00.07 . Memory (MB): peak = 4933.633 ; gain = 0.000 ; free physical = 16124 ; free virtual = 30260
INFO: [Physopt 32-456] No candidate cells for DSP register optimization found in the design.
INFO: [Physopt 32-775] End 2 Pass. Optimized 0 net or cell. Created 0 new cell, deleted 0 existing cell and moved 0 existing cell
INFO: [Physopt 32-1123] No candidate cells found for Shift Register to Pipeline optimization
INFO: [Physopt 32-775] End 1 Pass. Optimized 0 net or cell. Created 0 new cell, deleted 0 existing cell and moved 0 existing cell
INFO: [Physopt 32-775] End 1 Pass. Optimized 0 net or cell. Created 0 new cell, deleted 0 existing cell and moved 0 existing cell
Netlist sorting complete. Time (s): cpu = 00:00:00.01 ; elapsed = 00:00:00.01 . Memory (MB): peak = 4933.633 ; gain = 0.000 ; free physical = 16122 ; free virtual = 30259
INFO: [Physopt 32-526] No candidate cells for BRAM register optimization found in the design
INFO: [Physopt 32-775] End 1 Pass. Optimized 0 net or cell. Created 0 new cell, deleted 0 existing cell and moved 0 existing cell
INFO: [Physopt 32-846] No candidate cells for URAM register optimization found in the design
INFO: [Physopt 32-775] End 2 Pass. Optimized 0 net or cell. Created 0 new cell, deleted 0 existing cell and moved 0 existing cell
INFO: [Physopt 32-949] No candidate nets found for HD net replication
INFO: [Physopt 32-775] End 1 Pass. Optimized 0 net or cell. Created 0 new cell, deleted 0 existing cell and moved 0 existing cell
Netlist sorting complete. Time (s): cpu = 00:00:00 ; elapsed = 00:00:00.01 . Memory (MB): peak = 4933.633 ; gain = 0.000 ; free physical = 16124 ; free virtual = 30261

Summary of Physical Synthesis Optimizations
============================================


-----------------------------------------------------------------------------------------------------------------------------------------------------------
|  Optimization                                     |  Added Cells  |  Removed Cells  |  Optimized Cells/Nets  |  Dont Touch  |  Iterations  |  Elapsed   |
-----------------------------------------------------------------------------------------------------------------------------------------------------------
|  LUT Combining                                    |           14  |           2519  |                  2533  |           0  |           1  |  00:00:01  |
|  Very High Fanout                                 |           18  |              0  |                     2  |           0  |           1  |  00:00:01  |
|  DSP Register                                     |            0  |              0  |                     0  |           0  |           1  |  00:00:00  |
|  Shift Register to Pipeline                       |            0  |              0  |                     0  |           0  |           1  |  00:00:00  |
|  Shift Register                                   |            0  |              0  |                     0  |           0  |           1  |  00:00:00  |
|  BRAM Register                                    |            0  |              0  |                     0  |           0  |           1  |  00:00:00  |
|  URAM Register                                    |            0  |              0  |                     0  |           0  |           1  |  00:00:00  |
|  Dynamic/Static Region Interface Net Replication  |            0  |              0  |                     0  |           0  |           1  |  00:00:00  |
|  Total                                            |           32  |           2519  |                  2535  |           0  |           8  |  00:00:03  |
-----------------------------------------------------------------------------------------------------------------------------------------------------------


Phase 2.2.1 Physical Synthesis In Placer | Checksum: 154b52fe8

Time (s): cpu = 00:01:49 ; elapsed = 00:00:44 . Memory (MB): peak = 4933.633 ; gain = 16.008 ; free physical = 16132 ; free virtual = 30266
Phase 2.2 Global Placement Core | Checksum: 1346f8f0a

Time (s): cpu = 00:01:54 ; elapsed = 00:00:46 . Memory (MB): peak = 4933.633 ; gain = 16.008 ; free physical = 16120 ; free virtual = 30256
Phase 2 Global Placement | Checksum: 1346f8f0a

Time (s): cpu = 00:01:54 ; elapsed = 00:00:46 . Memory (MB): peak = 4933.633 ; gain = 16.008 ; free physical = 16120 ; free virtual = 30256

Phase 3 Detail Placement

Phase 3.1 Commit Multi Column Macros
Phase 3.1 Commit Multi Column Macros | Checksum: 12bd93fa0

Time (s): cpu = 00:02:00 ; elapsed = 00:00:48 . Memory (MB): peak = 4933.633 ; gain = 16.008 ; free physical = 16145 ; free virtual = 30284

Phase 3.2 Commit Most Macros & LUTRAMs
Phase 3.2 Commit Most Macros & LUTRAMs | Checksum: 22b1e8b94

Time (s): cpu = 00:02:12 ; elapsed = 00:00:53 . Memory (MB): peak = 4933.633 ; gain = 16.008 ; free physical = 16072 ; free virtual = 30205

Phase 3.3 Area Swap Optimization
Phase 3.3 Area Swap Optimization | Checksum: 1567e7fea

Time (s): cpu = 00:02:13 ; elapsed = 00:00:53 . Memory (MB): peak = 4933.633 ; gain = 16.008 ; free physical = 16079 ; free virtual = 30212

Phase 3.4 Pipeline Register Optimization
Phase 3.4 Pipeline Register Optimization | Checksum: 17fd19aae

Time (s): cpu = 00:02:14 ; elapsed = 00:00:53 . Memory (MB): peak = 4933.633 ; gain = 16.008 ; free physical = 16079 ; free virtual = 30212

Phase 3.5 Fast Optimization
Phase 3.5 Fast Optimization | Checksum: 16a3284d5

Time (s): cpu = 00:02:23 ; elapsed = 00:00:56 . Memory (MB): peak = 4933.633 ; gain = 16.008 ; free physical = 16167 ; free virtual = 30300

Phase 3.6 Small Shape Detail Placement
Phase 3.6 Small Shape Detail Placement | Checksum: 18597442a

Time (s): cpu = 00:02:37 ; elapsed = 00:01:09 . Memory (MB): peak = 4933.633 ; gain = 16.008 ; free physical = 16100 ; free virtual = 30241

Phase 3.7 Re-assign LUT pins
Phase 3.7 Re-assign LUT pins | Checksum: 1228c9d8c

Time (s): cpu = 00:02:39 ; elapsed = 00:01:11 . Memory (MB): peak = 4933.633 ; gain = 16.008 ; free physical = 16120 ; free virtual = 30261

Phase 3.8 Pipeline Register Optimization
Phase 3.8 Pipeline Register Optimization | Checksum: 261327592

Time (s): cpu = 00:02:40 ; elapsed = 00:01:11 . Memory (MB): peak = 4933.633 ; gain = 16.008 ; free physical = 16122 ; free virtual = 30261
Phase 3 Detail Placement | Checksum: 261327592

Time (s): cpu = 00:02:40 ; elapsed = 00:01:12 . Memory (MB): peak = 4933.633 ; gain = 16.008 ; free physical = 16125 ; free virtual = 30261

Phase 4 Post Placement Optimization and Clean-Up

Phase 4.1 Post Commit Optimization
INFO: [Timing 38-35] Done setting XDC timing constraints.

Phase 4.1.1 Post Placement Optimization
Post Placement Optimization Initialization | Checksum: 204d3f6c8

Phase 4.1.1.1 BUFG Insertion

Starting Physical Synthesis Task

Phase 1 Physical Synthesis Initialization
INFO: [Physopt 32-721] Multithreading enabled for phys_opt_design using a maximum of 8 CPUs
INFO: [Physopt 32-619] Estimated Timing Summary | WNS=-0.589 | TNS=-40.945 |
Phase 1 Physical Synthesis Initialization | Checksum: 1a7cde4f2

Time (s): cpu = 00:00:04 ; elapsed = 00:00:01 . Memory (MB): peak = 4933.633 ; gain = 0.000 ; free physical = 16057 ; free virtual = 30191
INFO: [Place 46-33] Processed net design_1_i/xdma_0/inst/udma_wrapper/dma_top/dma_pcie_req/dma_pcie_rc/u_dma_rc_mem_pfch/SR[0], BUFG insertion was skipped due to placement/routing conflicts.
INFO: [Place 46-56] BUFG insertion identified 1 candidate nets. Inserted BUFG: 0, Replicated BUFG Driver: 0, Skipped due to Placement/Routing Conflicts: 1, Skipped due to Timing Degradation: 0, Skipped due to Illegal Netlist: 0.
Ending Physical Synthesis Task | Checksum: 1d1f053af

Time (s): cpu = 00:00:05 ; elapsed = 00:00:01 . Memory (MB): peak = 4933.633 ; gain = 0.000 ; free physical = 16057 ; free virtual = 30193
Phase 4.1.1.1 BUFG Insertion | Checksum: 204d3f6c8

Time (s): cpu = 00:03:04 ; elapsed = 00:01:20 . Memory (MB): peak = 4933.633 ; gain = 16.008 ; free physical = 16054 ; free virtual = 30192
INFO: [Place 30-746] Post Placement Timing Summary WNS=-0.043. For the most accurate timing information please run report_timing.
Phase 4.1.1 Post Placement Optimization | Checksum: 11fea7b22

Time (s): cpu = 00:03:34 ; elapsed = 00:01:38 . Memory (MB): peak = 4933.633 ; gain = 16.008 ; free physical = 16077 ; free virtual = 30209
Phase 4.1 Post Commit Optimization | Checksum: 11fea7b22

Time (s): cpu = 00:03:34 ; elapsed = 00:01:38 . Memory (MB): peak = 4933.633 ; gain = 16.008 ; free physical = 16078 ; free virtual = 30210

Phase 4.2 Post Placement Cleanup
Phase 4.2 Post Placement Cleanup | Checksum: 11fea7b22

Time (s): cpu = 00:03:35 ; elapsed = 00:01:39 . Memory (MB): peak = 4933.633 ; gain = 16.008 ; free physical = 16089 ; free virtual = 30222

Phase 4.3 Placer Reporting
Phase 4.3 Placer Reporting | Checksum: 11fea7b22

Time (s): cpu = 00:03:36 ; elapsed = 00:01:40 . Memory (MB): peak = 4933.633 ; gain = 16.008 ; free physical = 16091 ; free virtual = 30223

Phase 4.4 Final Placement Cleanup
Netlist sorting complete. Time (s): cpu = 00:00:00.01 ; elapsed = 00:00:00.01 . Memory (MB): peak = 4933.633 ; gain = 0.000 ; free physical = 16091 ; free virtual = 30223
Phase 4.4 Final Placement Cleanup | Checksum: 1006a4833

Time (s): cpu = 00:03:36 ; elapsed = 00:01:40 . Memory (MB): peak = 4933.633 ; gain = 16.008 ; free physical = 16091 ; free virtual = 30223
Phase 4 Post Placement Optimization and Clean-Up | Checksum: 1006a4833

Time (s): cpu = 00:03:37 ; elapsed = 00:01:40 . Memory (MB): peak = 4933.633 ; gain = 16.008 ; free physical = 16093 ; free virtual = 30225
Ending Placer Task | Checksum: 91ab0832

Time (s): cpu = 00:03:37 ; elapsed = 00:01:40 . Memory (MB): peak = 4933.633 ; gain = 16.008 ; free physical = 16093 ; free virtual = 30225
INFO: [Common 17-83] Releasing license: Implementation
133 Infos, 36 Warnings, 0 Critical Warnings and 0 Errors encountered.
place_design completed successfully
place_design: Time (s): cpu = 00:03:41 ; elapsed = 00:01:43 . Memory (MB): peak = 4933.633 ; gain = 16.008 ; free physical = 16272 ; free virtual = 30404
INFO: [Timing 38-480] Writing timing data to binary archive.
Writing placer database...
Writing XDEF routing.
Writing XDEF routing logical nets.
Writing XDEF routing special nets.
Write XDEF Complete: Time (s): cpu = 00:00:08 ; elapsed = 00:00:02 . Memory (MB): peak = 4933.633 ; gain = 0.000 ; free physical = 15975 ; free virtual = 30311
INFO: [Common 17-1381] The checkpoint '/home/dipen/Kintex7/board-design-3/board-design-3.runs/impl_1/design_1_wrapper_placed.dcp' has been generated.
write_checkpoint: Time (s): cpu = 00:00:21 ; elapsed = 00:00:15 . Memory (MB): peak = 4933.633 ; gain = 0.000 ; free physical = 16156 ; free virtual = 30334
INFO: [runtcl-4] Executing : report_io -file design_1_wrapper_io_placed.rpt
report_io: Time (s): cpu = 00:00:00.09 ; elapsed = 00:00:00.15 . Memory (MB): peak = 4933.633 ; gain = 0.000 ; free physical = 16155 ; free virtual = 30334
INFO: [runtcl-4] Executing : report_utilization -file design_1_wrapper_utilization_placed.rpt -pb design_1_wrapper_utilization_placed.pb
INFO: [runtcl-4] Executing : report_control_sets -verbose -file design_1_wrapper_control_sets_placed.rpt
report_control_sets: Time (s): cpu = 00:00:00.23 ; elapsed = 00:00:00.31 . Memory (MB): peak = 4933.633 ; gain = 0.000 ; free physical = 16156 ; free virtual = 30337
Command: phys_opt_design -directive Explore
Attempting to get a license for feature 'Implementation' and/or device 'xc7k480t'
INFO: [Common 17-349] Got license for feature 'Implementation' and/or device 'xc7k480t'
INFO: [Vivado_Tcl 4-137] Directive used for phys_opt_design is: Explore
Netlist sorting complete. Time (s): cpu = 00:00:00.01 ; elapsed = 00:00:00.01 . Memory (MB): peak = 4933.633 ; gain = 0.000 ; free physical = 16144 ; free virtual = 30325

Starting Physical Synthesis Task

Phase 1 Physical Synthesis Initialization
INFO: [Physopt 32-721] Multithreading enabled for phys_opt_design using a maximum of 8 CPUs
INFO: [Physopt 32-619] Estimated Timing Summary | WNS=-0.043 | TNS=-0.241 |
Phase 1 Physical Synthesis Initialization | Checksum: 262626daf

Time (s): cpu = 00:00:16 ; elapsed = 00:00:04 . Memory (MB): peak = 4933.633 ; gain = 0.000 ; free physical = 16114 ; free virtual = 30294

Phase 2 SLR Crossing Optimization
Phase 2 SLR Crossing Optimization | Checksum: 262626daf

Time (s): cpu = 00:00:16 ; elapsed = 00:00:04 . Memory (MB): peak = 4933.633 ; gain = 0.000 ; free physical = 16116 ; free virtual = 30296
INFO: [Physopt 32-619] Estimated Timing Summary | WNS=-0.043 | TNS=-0.241 |

Phase 3 Fanout Optimization
INFO: [Physopt 32-76] Pass 1. Identified 4 candidate nets for fanout optimization.
INFO: [Physopt 32-81] Processed net design_1_i/xdma_0/inst/udma_wrapper/dma_top/axi4mm_bridge_top_inst/axi4mm_axi_mm_master_top_inst/axi4mm_axi_str_masterbr_rdtlp_inst/m_axis_cc_tdata_d_nxt. Replicated 2 times.
INFO: [Physopt 32-572] Net design_1_i/xdma_0/inst/udma_wrapper/dma_top/dma_pcie_req/axidma_rrq_arb/Fifowhead.fifoInfo/Head[122]_i_1__3_n_0 was not replicated.
Resolution: phys_opt_design can be forced to replicate a net driver using the option -force_replication_on_nets <list of net objects>.
INFO: [Physopt 32-81] Processed net design_1_i/xdma_0/inst/udma_wrapper/dma_top/dma_pcie_req/dma_pcie_rc/tag_did_conti_en_even[31]_i_4_n_0. Replicated 1 times.
INFO: [Physopt 32-81] Processed net design_1_i/smartconnect_0/inst/s01_entry_pipeline/s01_mmu/inst/w_sreg/m_vector_i. Replicated 2 times.
INFO: [Physopt 32-232] Optimized 3 nets. Created 5 new instances.
INFO: [Physopt 32-775] End 1 Pass. Optimized 3 nets or cells. Created 5 new cells, deleted 0 existing cell and moved 0 existing cell
INFO: [Physopt 32-619] Estimated Timing Summary | WNS=-0.043 | TNS=-0.241 |
Netlist sorting complete. Time (s): cpu = 00:00:00.02 ; elapsed = 00:00:00.02 . Memory (MB): peak = 4933.633 ; gain = 0.000 ; free physical = 16106 ; free virtual = 30286
Phase 3 Fanout Optimization | Checksum: 24ffb515b

Time (s): cpu = 00:00:19 ; elapsed = 00:00:05 . Memory (MB): peak = 4933.633 ; gain = 0.000 ; free physical = 16106 ; free virtual = 30286

Phase 4 Single Cell Placement Optimization
INFO: [Physopt 32-660] Identified 250 candidate nets for placement-based optimization.
INFO: [Physopt 32-663] Processed net design_1_i/xdma_0/inst/udma_wrapper/dma_top/dma_pcie_req/dma_pcie_rc/E[0].  Re-placed instance design_1_i/xdma_0/inst/udma_wrapper/dma_top/dma_pcie_req/dma_pcie_rc/FifoCntrWr[5]_i_1
INFO: [Physopt 32-662] Processed net design_1_i/xdma_0/inst/udma_wrapper/dma_top/dma_pcie_req/dma_pcie_rq/RQ_FIFO/wpl_hdr_adr_ff[63]_i_3_n_0.  Did not re-place instance design_1_i/xdma_0/inst/udma_wrapper/dma_top/dma_pcie_req/dma_pcie_rq/RQ_FIFO/wpl_hdr_adr_ff[63]_i_3
INFO: [Physopt 32-662] Processed net design_1_i/xdma_0/inst/udma_wrapper/dma_top/dma_pcie_req/dma_pcie_rq/RQ_FIFO/rreq_head_vld_ff[0]_i_3_n_0.  Did not re-place instance design_1_i/xdma_0/inst/udma_wrapper/dma_top/dma_pcie_req/dma_pcie_rq/RQ_FIFO/rreq_head_vld_ff[0]_i_3
INFO: [Physopt 32-662] Processed net design_1_i/xdma_0/inst/udma_wrapper/dma_top/dma_pcie_req/dma_pcie_rq/reqdtlpSm512_cs[1].  Did not re-place instance design_1_i/xdma_0/inst/udma_wrapper/dma_top/dma_pcie_req/dma_pcie_rq/reqdtlpSm512_cs_reg[1]
INFO: [Physopt 32-662] Processed net design_1_i/xdma_0/inst/udma_wrapper/dma_top/dma_pcie_req/dma_pcie_rq/RQ_FIFO/rreq_head_vld_ff_reg[1]_0.  Did not re-place instance design_1_i/xdma_0/inst/udma_wrapper/dma_top/dma_pcie_req/dma_pcie_rq/RQ_FIFO/RdPtr[4]_i_3
INFO: [Physopt 32-662] Processed net design_1_i/xdma_0/inst/udma_wrapper/dma_top/dma_pcie_req/dma_pcie_rq/WTLP_HDR_FIFO/reqdtlpSm512_cs_reg[1].  Did not re-place instance design_1_i/xdma_0/inst/udma_wrapper/dma_top/dma_pcie_req/dma_pcie_rq/WTLP_HDR_FIFO/wpl_hdr_adr_ff[63]_i_4
INFO: [Physopt 32-663] Processed net design_1_i/xdma_0/inst/udma_wrapper/dma_top/dma_pcie_req/TAG_FIFO_EVEN/FifoCntrRd_reg[5].  Re-placed instance design_1_i/xdma_0/inst/udma_wrapper/dma_top/dma_pcie_req/TAG_FIFO_EVEN/FifoCntrWr_reg[5]
INFO: [Physopt 32-663] Processed net design_1_i/xdma_0/inst/udma_wrapper/dma_top/dma_pcie_req/TAG_FIFO_EVEN/FifoCntrWr_reg[1]_0[0].  Re-placed instance design_1_i/xdma_0/inst/udma_wrapper/dma_top/dma_pcie_req/TAG_FIFO_EVEN/FifoCntrWr_reg[0]
INFO: [Physopt 32-663] Processed net design_1_i/xdma_0/inst/udma_wrapper/dma_top/dma_pcie_req/TAG_FIFO_EVEN/FifoCntrWr_reg[1]_0[1].  Re-placed instance design_1_i/xdma_0/inst/udma_wrapper/dma_top/dma_pcie_req/TAG_FIFO_EVEN/FifoCntrWr_reg[1]
INFO: [Physopt 32-663] Processed net design_1_i/xdma_0/inst/udma_wrapper/dma_top/dma_pcie_req/TAG_FIFO_EVEN/FifoCntrRd_reg[2].  Re-placed instance design_1_i/xdma_0/inst/udma_wrapper/dma_top/dma_pcie_req/TAG_FIFO_EVEN/FifoCntrWr_reg[2]
INFO: [Physopt 32-663] Processed net design_1_i/xdma_0/inst/udma_wrapper/dma_top/dma_pcie_req/TAG_FIFO_EVEN/FifoCntrRd_reg[3].  Re-placed instance design_1_i/xdma_0/inst/udma_wrapper/dma_top/dma_pcie_req/TAG_FIFO_EVEN/FifoCntrWr_reg[3]
INFO: [Physopt 32-663] Processed net design_1_i/xdma_0/inst/udma_wrapper/dma_top/dma_pcie_req/TAG_FIFO_EVEN/FifoCntrRd_reg[4].  Re-placed instance design_1_i/xdma_0/inst/udma_wrapper/dma_top/dma_pcie_req/TAG_FIFO_EVEN/FifoCntrWr_reg[4]
INFO: [Physopt 32-662] Processed net design_1_i/xdma_0/inst/udma_wrapper/dma_top/dma_pcie_req/dma_pcie_rq/RQ_FIFO/wtlp_dat_vld6_in[0].  Did not re-place instance design_1_i/xdma_0/inst/udma_wrapper/dma_top/dma_pcie_req/dma_pcie_rq/RQ_FIFO/wpl_hdr_adr_ff[63]_i_2
INFO: [Physopt 32-662] Processed net design_1_i/xdma_0/inst/udma_wrapper/dma_top/dma_pcie_req/dma_pcie_rq/force_ready_flush_ff.  Did not re-place instance design_1_i/xdma_0/inst/udma_wrapper/dma_top/dma_pcie_req/dma_pcie_rq/force_ready_flush_ff_reg
INFO: [Physopt 32-662] Processed net design_1_i/xdma_0/inst/udma_wrapper/dma_top/dma_pcie_req/dma_pcie_rq/rreq_64blen0.  Did not re-place instance design_1_i/xdma_0/inst/udma_wrapper/dma_top/dma_pcie_req/dma_pcie_rq/rreq_head_info_ff[1][rcb][4]_i_3
INFO: [Physopt 32-663] Processed net design_1_i/xdma_0/inst/udma_wrapper/dma_top/dma_pcie_req/axidma_rrq_arb/Fifowhead.fifoInfo/arb_rrq_pay[18].  Re-placed instance design_1_i/xdma_0/inst/udma_wrapper/dma_top/dma_pcie_req/axidma_rrq_arb/Fifowhead.fifoInfo/Head_reg[18]
INFO: [Physopt 32-662] Processed net design_1_i/xdma_0/inst/udma_wrapper/dma_top/dma_pcie_req/dma_pcie_rq/rreq_head_info_ff[1][rcb][7]_i_5_n_0.  Did not re-place instance design_1_i/xdma_0/inst/udma_wrapper/dma_top/dma_pcie_req/dma_pcie_rq/rreq_head_info_ff[1][rcb][7]_i_5
INFO: [Physopt 32-662] Processed net design_1_i/xdma_0/inst/udma_wrapper/dma_top/dma_pcie_req/dma_pcie_rq/rreq_head_info_ff[1][rcb][6]_i_1_n_0.  Did not re-place instance design_1_i/xdma_0/inst/udma_wrapper/dma_top/dma_pcie_req/dma_pcie_rq/rreq_head_info_ff[1][rcb][6]_i_1
INFO: [Physopt 32-662] Processed net design_1_i/xdma_0/inst/udma_wrapper/dma_top/dma_pcie_req/dma_pcie_rq/RQ_FIFO/rreq_head_info_nxt[0][rcb][6].  Did not re-place instance design_1_i/xdma_0/inst/udma_wrapper/dma_top/dma_pcie_req/dma_pcie_rq/RQ_FIFO/rreq_head_info_ff[0][rcb][6]_i_1
INFO: [Physopt 32-662] Processed net design_1_i/xdma_0/inst/udma_wrapper/dma_top/dma_pcie_req/axidma_rrq_arb/Fifowhead.fifoInfo/rreq_head_info_ff[1][rcb][4]_i_10_n_0.  Did not re-place instance design_1_i/xdma_0/inst/udma_wrapper/dma_top/dma_pcie_req/axidma_rrq_arb/Fifowhead.fifoInfo/rreq_head_info_ff[1][rcb][4]_i_10
INFO: [Physopt 32-662] Processed net design_1_i/xdma_0/inst/udma_wrapper/dma_top/dma_pcie_req/dma_pcie_rq/rreq_head_rcb_ok_ff[1]_i_5_n_0.  Did not re-place instance design_1_i/xdma_0/inst/udma_wrapper/dma_top/dma_pcie_req/dma_pcie_rq/rreq_head_rcb_ok_ff[1]_i_5
INFO: [Physopt 32-662] Processed net design_1_i/xdma_0/inst/udma_wrapper/dma_top/dma_pcie_req/dma_pcie_rq/rreq_head_rcb_ok_ff_reg_n_0_[1].  Did not re-place instance design_1_i/xdma_0/inst/udma_wrapper/dma_top/dma_pcie_req/dma_pcie_rq/rreq_head_rcb_ok_ff_reg[1]
INFO: [Physopt 32-662] Processed net design_1_i/xdma_0/inst/udma_wrapper/dma_top/dma_enable.vul_dma/WR/gen_rdwr_loop[1].gen_rdwr_eng.RDWR_INST/wrq_pkt_tot_302_reg[0].  Did not re-place instance design_1_i/xdma_0/inst/udma_wrapper/dma_top/dma_enable.vul_dma/WR/gen_rdwr_loop[1].gen_rdwr_eng.RDWR_INST/wrq_pkt_tot_302_reg[0]
INFO: [Physopt 32-662] Processed net design_1_i/xdma_0/inst/udma_wrapper/dma_top/dma_enable.vul_dma/WR/gen_rdwr_loop[1].gen_rdwr_eng.RDWR_INST/i___394_i_2_n_0.  Did not re-place instance design_1_i/xdma_0/inst/udma_wrapper/dma_top/dma_enable.vul_dma/WR/gen_rdwr_loop[1].gen_rdwr_eng.RDWR_INST/i___394_i_2
INFO: [Physopt 32-662] Processed net design_1_i/xdma_0/inst/udma_wrapper/dma_top/dma_enable.vul_dma/WR/gen_rdwr_loop[1].gen_rdwr_eng.RDWR_INST/i___395_i_4_n_0.  Did not re-place instance design_1_i/xdma_0/inst/udma_wrapper/dma_top/dma_enable.vul_dma/WR/gen_rdwr_loop[1].gen_rdwr_eng.RDWR_INST/i___395_i_4
INFO: [Physopt 32-662] Processed net design_1_i/xdma_0/inst/udma_wrapper/dma_top/dma_enable.vul_dma/WR/gen_rdwr_loop[1].gen_rdwr_eng.RDWR_INST/i___415_i_5_n_0.  Did not re-place instance design_1_i/xdma_0/inst/udma_wrapper/dma_top/dma_enable.vul_dma/WR/gen_rdwr_loop[1].gen_rdwr_eng.RDWR_INST/i___415_i_5
INFO: [Physopt 32-663] Processed net design_1_i/xdma_0/inst/udma_wrapper/dma_top/dma_enable.vul_dma/WR/i___397_n_0.  Re-placed instance design_1_i/xdma_0/inst/udma_wrapper/dma_top/dma_enable.vul_dma/WR/i___397
INFO: [Physopt 32-662] Processed net design_1_i/xdma_0/inst/udma_wrapper/dma_top/dma_enable.vul_dma/WR/gen_rdwr_loop[1].gen_rdwr_eng.RDWR_INST/wrq_rcp_dat_avl_302_reg[11].  Did not re-place instance design_1_i/xdma_0/inst/udma_wrapper/dma_top/dma_enable.vul_dma/WR/gen_rdwr_loop[1].gen_rdwr_eng.RDWR_INST/wrq_rcp_dat_avl_302_reg[11]
INFO: [Physopt 32-663] Processed net design_1_i/xdma_0/inst/udma_wrapper/dma_top/dma_pcie_req/axidma_rrq_arb/Fifowhead.fifoInfo/rreq_lbe[2].  Re-placed instance design_1_i/xdma_0/inst/udma_wrapper/dma_top/dma_pcie_req/axidma_rrq_arb/Fifowhead.fifoInfo/rreq_head_info_ff[1][lbe][2]_i_1
INFO: [Physopt 32-662] Processed net design_1_i/xdma_0/inst/udma_wrapper/dma_top/dma_pcie_req/axidma_rrq_arb/Fifowhead.fifoInfo/rreq_lbe[0].  Did not re-place instance design_1_i/xdma_0/inst/udma_wrapper/dma_top/dma_pcie_req/axidma_rrq_arb/Fifowhead.fifoInfo/rreq_head_info_ff[1][fbe][3]_i_2
INFO: [Physopt 32-662] Processed net design_1_i/xdma_0/inst/udma_wrapper/dma_top/dma_pcie_req/axidma_rrq_arb/Fifowhead.fifoInfo/D[1].  Did not re-place instance design_1_i/xdma_0/inst/udma_wrapper/dma_top/dma_pcie_req/axidma_rrq_arb/Fifowhead.fifoInfo/rreq_head_info_ff[0][lbe][3]_i_1
INFO: [Physopt 32-663] Processed net design_1_i/xdma_0/inst/udma_wrapper/dma_top/dma_pcie_req/axidma_rrq_arb/Fifowhead.fifoInfo/rreq_head_info_ff[1][fbe][3]_i_3_n_0.  Re-placed instance design_1_i/xdma_0/inst/udma_wrapper/dma_top/dma_pcie_req/axidma_rrq_arb/Fifowhead.fifoInfo/rreq_head_info_ff[1][fbe][3]_i_3
INFO: [Physopt 32-662] Processed net design_1_i/xdma_0/inst/udma_wrapper/dma_top/dma_pcie_req/axidma_rrq_arb/Fifowhead.fifoInfo/rreq_head_info_ff[1][len][3]_i_5_n_0.  Did not re-place instance design_1_i/xdma_0/inst/udma_wrapper/dma_top/dma_pcie_req/axidma_rrq_arb/Fifowhead.fifoInfo/rreq_head_info_ff[1][len][3]_i_5
INFO: [Physopt 32-662] Processed net design_1_i/xdma_0/inst/udma_wrapper/dma_top/dma_pcie_req/dma_pcie_rq/rreq_head_info_ff_reg[0][lbe_n_0_][3].  Did not re-place instance design_1_i/xdma_0/inst/udma_wrapper/dma_top/dma_pcie_req/dma_pcie_rq/rreq_head_info_ff_reg[0][lbe][3]
INFO: [Physopt 32-663] Processed net design_1_i/xdma_0/inst/udma_wrapper/dma_top/dma_pcie_req/TAG_FIFO_ODD/RdPtr_reg[0]_CE_cooolgate_en_sig_769.  Re-placed instance design_1_i/xdma_0/inst/udma_wrapper/dma_top/dma_pcie_req/TAG_FIFO_ODD/RdPtr_reg[0]_CE_cooolgate_en_gate_7086
INFO: [Physopt 32-662] Processed net design_1_i/xdma_0/inst/udma_wrapper/dma_top/dma_pcie_req/dma_pcie_rq/RQ_FIFO/tag_rd[0].  Did not re-place instance design_1_i/xdma_0/inst/udma_wrapper/dma_top/dma_pcie_req/dma_pcie_rq/RQ_FIFO/RdPtr[4]_i_2__0
INFO: [Physopt 32-662] Processed net design_1_i/xdma_0/inst/udma_wrapper/dma_top/dma_pcie_req/TAG_FIFO_ODD/RdPtr[1].  Did not re-place instance design_1_i/xdma_0/inst/udma_wrapper/dma_top/dma_pcie_req/TAG_FIFO_ODD/RdPtr_reg[1]
INFO: [Physopt 32-662] Processed net design_1_i/xdma_0/inst/udma_wrapper/dma_top/dma_pcie_req/TAG_FIFO_ODD/RdPtr[2].  Did not re-place instance design_1_i/xdma_0/inst/udma_wrapper/dma_top/dma_pcie_req/TAG_FIFO_ODD/RdPtr_reg[2]
INFO: [Physopt 32-663] Processed net design_1_i/xdma_0/inst/udma_wrapper/dma_top/dma_pcie_req/TAG_FIFO_ODD/RdPtr[3].  Re-placed instance design_1_i/xdma_0/inst/udma_wrapper/dma_top/dma_pcie_req/TAG_FIFO_ODD/RdPtr_reg[3]
INFO: [Physopt 32-663] Processed net design_1_i/xdma_0/inst/udma_wrapper/dma_top/dma_pcie_req/TAG_FIFO_ODD/RdPtr[4].  Re-placed instance design_1_i/xdma_0/inst/udma_wrapper/dma_top/dma_pcie_req/TAG_FIFO_ODD/RdPtr_reg[4]
INFO: [Physopt 32-662] Processed net design_1_i/xdma_0/inst/udma_wrapper/dma_top/dma_pcie_req/axidma_rrq_arb/Fifowhead.fifoInfo/rreq_lbe[3].  Did not re-place instance design_1_i/xdma_0/inst/udma_wrapper/dma_top/dma_pcie_req/axidma_rrq_arb/Fifowhead.fifoInfo/rreq_head_info_ff[1][lbe][3]_i_1
INFO: [Physopt 32-662] Processed net design_1_i/xdma_0/inst/udma_wrapper/dma_top/dma_pcie_req/dma_pcie_rq/rreq_head_info_ff_reg[1][lbe][3]_0[1].  Did not re-place instance design_1_i/xdma_0/inst/udma_wrapper/dma_top/dma_pcie_req/dma_pcie_rq/rreq_head_info_ff_reg[1][lbe][3]
INFO: [Physopt 32-662] Processed net design_1_i/xdma_0/inst/udma_wrapper/dma_top/dma_pcie_req/axidma_rrq_arb/Fifowhead.fifoInfo/Q[15].  Did not re-place instance design_1_i/xdma_0/inst/udma_wrapper/dma_top/dma_pcie_req/axidma_rrq_arb/Fifowhead.fifoInfo/Head_reg[56]
INFO: [Physopt 32-662] Processed net design_1_i/xdma_0/inst/udma_wrapper/dma_top/dma_pcie_req/dma_pcie_rq/RQ_FIFO/rreq_head_info_ff_reg[1][lbe][2][1].  Did not re-place instance design_1_i/xdma_0/inst/udma_wrapper/dma_top/dma_pcie_req/dma_pcie_rq/RQ_FIFO/rreq_head_info_ff[0][lbe][2]_i_1
INFO: [Physopt 32-662] Processed net design_1_i/xdma_0/inst/udma_wrapper/dma_top/dma_pcie_req/dma_pcie_rq/rreq_head_info_ff_reg[0][lbe_n_0_][2].  Did not re-place instance design_1_i/xdma_0/inst/udma_wrapper/dma_top/dma_pcie_req/dma_pcie_rq/rreq_head_info_ff_reg[0][lbe][2]
INFO: [Physopt 32-662] Processed net design_1_i/xdma_0/inst/udma_wrapper/dma_top/dma_enable.vul_dma/WR/gen_rdwr_loop[1].gen_rdwr_eng.RDWR_INST/wrq_spl_len_304[0].  Did not re-place instance design_1_i/xdma_0/inst/udma_wrapper/dma_top/dma_enable.vul_dma/WR/gen_rdwr_loop[1].gen_rdwr_eng.RDWR_INST/wrq_spl_len_304_reg[0]
INFO: [Physopt 32-663] Processed net design_1_i/xdma_0/inst/udma_wrapper/dma_top/dma_pcie_req/axidma_rrq_arb/Fifowhead.fifoInfo/rreq_head_info_ff[1][fbe][3]_i_4_n_0.  Re-placed instance design_1_i/xdma_0/inst/udma_wrapper/dma_top/dma_pcie_req/axidma_rrq_arb/Fifowhead.fifoInfo/rreq_head_info_ff[1][fbe][3]_i_4
INFO: [Physopt 32-662] Processed net design_1_i/xdma_0/inst/udma_wrapper/dma_top/dma_pcie_req/dma_pcie_rq/RQ_FIFO/rreq_head_info_nxt[0][rcb][2].  Did not re-place instance design_1_i/xdma_0/inst/udma_wrapper/dma_top/dma_pcie_req/dma_pcie_rq/RQ_FIFO/rreq_head_info_ff[0][rcb][2]_i_1
INFO: [Physopt 32-662] Processed net design_1_i/xdma_0/inst/udma_wrapper/dma_top/dma_pcie_req/dma_pcie_rq/rreq_head_info_ff[1][rcb][2]_i_1_n_0.  Did not re-place instance design_1_i/xdma_0/inst/udma_wrapper/dma_top/dma_pcie_req/dma_pcie_rq/rreq_head_info_ff[1][rcb][2]_i_1
INFO: [Physopt 32-662] Processed net design_1_i/xdma_0/inst/udma_wrapper/dma_top/dma_enable.vul_dma/WR/i___396_n_0.  Did not re-place instance design_1_i/xdma_0/inst/udma_wrapper/dma_top/dma_enable.vul_dma/WR/i___396
INFO: [Physopt 32-662] Processed net design_1_i/xdma_0/inst/udma_wrapper/dma_top/dma_pcie_req/dma_pcie_rq/reqdtlpSm512_cs[0].  Did not re-place instance design_1_i/xdma_0/inst/udma_wrapper/dma_top/dma_pcie_req/dma_pcie_rq/reqdtlpSm512_cs_reg[0]
INFO: [Physopt 32-662] Processed net design_1_i/xdma_0/inst/udma_wrapper/dma_top/axi4mm_bridge_top_inst/axi4mm_axi_mm_master_top_inst/axi4mm_axi_mm_master_wr_inst/lite_w_commit_ff_reg_0.  Did not re-place instance design_1_i/xdma_0/inst/udma_wrapper/dma_top/axi4mm_bridge_top_inst/axi4mm_axi_mm_master_top_inst/axi4mm_axi_mm_master_wr_inst/m_axi_lite0_bready_ff_i_2
INFO: [Physopt 32-663] Processed net design_1_i/axi_iic_0/U0/X_IIC/X_AXI_IPIF_SSP1/AXI_LITE_IPIF_I/I_SLAVE_ATTACHMENT/I_DECODER/is_write_reg.  Re-placed instance design_1_i/axi_iic_0/U0/X_IIC/X_AXI_IPIF_SSP1/AXI_LITE_IPIF_I/I_SLAVE_ATTACHMENT/I_DECODER/s_axi_wready_INST_0
INFO: [Physopt 32-662] Processed net design_1_i/xdma_0/inst/udma_wrapper/dma_top/axi4mm_bridge_top_inst/axi4mm_axi_mm_master_top_inst/axi4mm_axi_mm_master_wr_inst/dat_fifo_wr_nn1_reg.  Did not re-place instance design_1_i/xdma_0/inst/udma_wrapper/dma_top/axi4mm_bridge_top_inst/axi4mm_axi_mm_master_top_inst/axi4mm_axi_mm_master_wr_inst/m_axi_lite0_wvalid_ff_i_2
INFO: [Physopt 32-662] Processed net design_1_i/axi_iic_0/U0/X_IIC/X_AXI_IPIF_SSP1/AXI_LITE_IPIF_I/I_SLAVE_ATTACHMENT/INCLUDE_DPHASE_TIMER.dpto_cnt_reg[0].  Did not re-place instance design_1_i/axi_iic_0/U0/X_IIC/X_AXI_IPIF_SSP1/AXI_LITE_IPIF_I/I_SLAVE_ATTACHMENT/INCLUDE_DPHASE_TIMER.dpto_cnt_reg[0]
INFO: [Physopt 32-662] Processed net design_1_i/axi_interconnect_0/xbar/inst/gen_sasd.crossbar_sasd_0/gen_decerr.decerr_slave_inst/gen_axilite.s_axi_awready_i_reg_0.  Did not re-place instance design_1_i/axi_interconnect_0/xbar/inst/gen_sasd.crossbar_sasd_0/gen_decerr.decerr_slave_inst/s_axi_wready[0]_INST_0_i_2
INFO: [Physopt 32-662] Processed net design_1_i/axi_iic_0/U0/X_IIC/X_AXI_IPIF_SSP1/AXI_LITE_IPIF_I/I_SLAVE_ATTACHMENT/I_DECODER/s_axi_wready_INST_0_i_1_n_0.  Did not re-place instance design_1_i/axi_iic_0/U0/X_IIC/X_AXI_IPIF_SSP1/AXI_LITE_IPIF_I/I_SLAVE_ATTACHMENT/I_DECODER/s_axi_wready_INST_0_i_1
INFO: [Physopt 32-663] Processed net design_1_i/axi_interconnect_0/xbar/inst/gen_sasd.crossbar_sasd_0/addr_arbiter_inst/s_axi_wready[0].  Re-placed instance design_1_i/axi_interconnect_0/xbar/inst/gen_sasd.crossbar_sasd_0/addr_arbiter_inst/s_axi_wready[0]_INST_0
INFO: [Physopt 32-662] Processed net design_1_i/axi_interconnect_0/xbar/inst/gen_sasd.crossbar_sasd_0/gen_decerr.decerr_slave_inst/f_mux_return__1.  Did not re-place instance design_1_i/axi_interconnect_0/xbar/inst/gen_sasd.crossbar_sasd_0/gen_decerr.decerr_slave_inst/s_axi_wready[0]_INST_0_i_1
INFO: [Physopt 32-663] Processed net design_1_i/xdma_0/inst/udma_wrapper/dma_top/axi4mm_bridge_top_inst/axi4mm_axi_mm_master_top_inst/m_axi_lite0_bready_ff_i_1_n_0.  Re-placed instance design_1_i/xdma_0/inst/udma_wrapper/dma_top/axi4mm_bridge_top_inst/axi4mm_axi_mm_master_top_inst/m_axi_lite0_bready_ff_i_1
INFO: [Physopt 32-662] Processed net design_1_i/xdma_0/inst/udma_wrapper/dma_top/axi4mm_bridge_top_inst/axi4mm_axi_mm_master_top_inst/axi4mm_axi_mm_master_wr_inst/m_axil_bready.  Did not re-place instance design_1_i/xdma_0/inst/udma_wrapper/dma_top/axi4mm_bridge_top_inst/axi4mm_axi_mm_master_top_inst/axi4mm_axi_mm_master_wr_inst/m_axi_lite0_bready_ff_reg
INFO: [Physopt 32-662] Processed net design_1_i/xdma_0/inst/udma_wrapper/dma_top/dma_pcie_req/axidma_rrq_arb/Fifowhead.fifoInfo/rreq_head_info_ff[1][len][3]_i_3_n_0.  Did not re-place instance design_1_i/xdma_0/inst/udma_wrapper/dma_top/dma_pcie_req/axidma_rrq_arb/Fifowhead.fifoInfo/rreq_head_info_ff[1][len][3]_i_3
INFO: [Physopt 32-662] Processed net design_1_i/xdma_0/inst/udma_wrapper/dma_top/dma_pcie_req/axidma_rrq_arb/Fifowhead.fifoInfo/rreq_head_info_ff[1][fbe][2]_i_2_n_0.  Did not re-place instance design_1_i/xdma_0/inst/udma_wrapper/dma_top/dma_pcie_req/axidma_rrq_arb/Fifowhead.fifoInfo/rreq_head_info_ff[1][fbe][2]_i_2
INFO: [Physopt 32-662] Processed net design_1_i/xdma_0/inst/udma_wrapper/dma_top/dma_pcie_req/axidma_rrq_arb/Fifowhead.fifoInfo/Head_reg[18]_1[2].  Did not re-place instance design_1_i/xdma_0/inst/udma_wrapper/dma_top/dma_pcie_req/axidma_rrq_arb/Fifowhead.fifoInfo/rreq_head_info_ff[1][fbe][2]_i_1
INFO: [Physopt 32-662] Processed net design_1_i/xdma_0/inst/udma_wrapper/dma_top/dma_pcie_req/dma_pcie_rq/rreq_head_info_ff_reg[1][fbe][3]_0[1].  Did not re-place instance design_1_i/xdma_0/inst/udma_wrapper/dma_top/dma_pcie_req/dma_pcie_rq/rreq_head_info_ff_reg[1][fbe][2]
INFO: [Physopt 32-662] Processed net design_1_i/axi_iic_0/U0/X_IIC/X_AXI_IPIF_SSP1/AXI_LITE_IPIF_I/I_SLAVE_ATTACHMENT/INCLUDE_DPHASE_TIMER.dpto_cnt_reg[1].  Did not re-place instance design_1_i/axi_iic_0/U0/X_IIC/X_AXI_IPIF_SSP1/AXI_LITE_IPIF_I/I_SLAVE_ATTACHMENT/INCLUDE_DPHASE_TIMER.dpto_cnt_reg[1]
INFO: [Physopt 32-662] Processed net design_1_i/xdma_0/inst/udma_wrapper/dma_top/dma_pcie_req/dma_pcie_rq/RQ_FIFO/rreq_head_info_nxt[0][rcb][0].  Did not re-place instance design_1_i/xdma_0/inst/udma_wrapper/dma_top/dma_pcie_req/dma_pcie_rq/RQ_FIFO/rreq_head_info_ff[0][rcb][0]_i_1
INFO: [Physopt 32-662] Processed net design_1_i/xdma_0/inst/udma_wrapper/dma_top/dma_pcie_req/dma_pcie_rq/rreq_head_info_ff[1][rcb][0]_i_1_n_0.  Did not re-place instance design_1_i/xdma_0/inst/udma_wrapper/dma_top/dma_pcie_req/dma_pcie_rq/rreq_head_info_ff[1][rcb][0]_i_1
INFO: [Physopt 32-662] Processed net design_1_i/xdma_0/inst/udma_wrapper/dma_top/dma_pcie_req/dma_pcie_rq/rreq_head_info_ff[1][rcb][5]_i_1_n_0.  Did not re-place instance design_1_i/xdma_0/inst/udma_wrapper/dma_top/dma_pcie_req/dma_pcie_rq/rreq_head_info_ff[1][rcb][5]_i_1
INFO: [Physopt 32-662] Processed net design_1_i/xdma_0/inst/udma_wrapper/dma_top/dma_pcie_req/dma_pcie_rq/RQ_FIFO/rreq_head_info_nxt[0][rcb][5].  Did not re-place instance design_1_i/xdma_0/inst/udma_wrapper/dma_top/dma_pcie_req/dma_pcie_rq/RQ_FIFO/rreq_head_info_ff[0][rcb][5]_i_1
INFO: [Physopt 32-663] Processed net design_1_i/xdma_0/inst/udma_wrapper/dma_top/dma_enable.vul_dma/WR/gen_rdwr_loop[0].gen_rdwr_eng.RDWR_INST/wrq_pkt_tot_302_reg[1].  Re-placed instance design_1_i/xdma_0/inst/udma_wrapper/dma_top/dma_enable.vul_dma/WR/gen_rdwr_loop[0].gen_rdwr_eng.RDWR_INST/wrq_pkt_tot_302_reg[1]
INFO: [Physopt 32-662] Processed net design_1_i/xdma_0/inst/udma_wrapper/dma_top/dma_enable.vul_dma/WR/gen_rdwr_loop[0].gen_rdwr_eng.RDWR_INST/i___372_i_5_n_0.  Did not re-place instance design_1_i/xdma_0/inst/udma_wrapper/dma_top/dma_enable.vul_dma/WR/gen_rdwr_loop[0].gen_rdwr_eng.RDWR_INST/i___372_i_5
INFO: [Physopt 32-662] Processed net design_1_i/xdma_0/inst/udma_wrapper/dma_top/dma_enable.vul_dma/WR/gen_rdwr_loop[0].gen_rdwr_eng.RDWR_INST/i___393_i_4_n_0.  Did not re-place instance design_1_i/xdma_0/inst/udma_wrapper/dma_top/dma_enable.vul_dma/WR/gen_rdwr_loop[0].gen_rdwr_eng.RDWR_INST/i___393_i_4
INFO: [Physopt 32-662] Processed net design_1_i/xdma_0/inst/udma_wrapper/dma_top/dma_enable.vul_dma/WR/i___376_n_0.  Did not re-place instance design_1_i/xdma_0/inst/udma_wrapper/dma_top/dma_enable.vul_dma/WR/i___376
INFO: [Physopt 32-662] Processed net design_1_i/xdma_0/inst/udma_wrapper/dma_top/dma_pcie_req/dma_pcie_rq/rreq_head_rcb_ok_ff[1]_i_3_n_0.  Did not re-place instance design_1_i/xdma_0/inst/udma_wrapper/dma_top/dma_pcie_req/dma_pcie_rq/rreq_head_rcb_ok_ff[1]_i_3
INFO: [Physopt 32-662] Processed net design_1_i/xdma_0/inst/udma_wrapper/dma_top/dma_enable.vul_dma/WR/gen_rdwr_loop[0].gen_rdwr_eng.RDWR_INST/wrq_rcp_dat_avl_302_reg[11].  Did not re-place instance design_1_i/xdma_0/inst/udma_wrapper/dma_top/dma_enable.vul_dma/WR/gen_rdwr_loop[0].gen_rdwr_eng.RDWR_INST/wrq_rcp_dat_avl_302_reg[11]
INFO: [Physopt 32-663] Processed net design_1_i/xdma_0/inst/udma_wrapper/dma_top/dma_pcie_req/dma_pcie_rc/tag_did_conti_val_reg_0_63_0_0_i_4_n_0.  Re-placed instance design_1_i/xdma_0/inst/udma_wrapper/dma_top/dma_pcie_req/dma_pcie_rc/tag_did_conti_val_reg_0_63_0_0_i_4
INFO: [Physopt 32-663] Processed net design_1_i/xdma_0/inst/udma_wrapper/dma_top/dma_pcie_req/dma_pcie_rc/stg34_mux_did_conti_en.  Re-placed instance design_1_i/xdma_0/inst/udma_wrapper/dma_top/dma_pcie_req/dma_pcie_rc/tag_did_conti_val_reg_0_63_0_0_i_10
INFO: [Physopt 32-662] Processed net design_1_i/xdma_0/inst/udma_wrapper/dma_top/dma_pcie_req/dma_pcie_rc/rclp_mem_addr_out[2].  Did not re-place instance design_1_i/xdma_0/inst/udma_wrapper/dma_top/dma_pcie_req/dma_pcie_rc/rclp_mem_addr[2]_i_1
INFO: [Physopt 32-663] Processed net design_1_i/xdma_0/inst/udma_wrapper/dma_top/dma_pcie_req/dma_pcie_rc/tlp_stg4_hdr_tag[1].  Re-placed instance design_1_i/xdma_0/inst/udma_wrapper/dma_top/dma_pcie_req/dma_pcie_rc/tlp_stg4_hdr_tag_reg[1]
INFO: [Physopt 32-663] Processed net design_1_i/xdma_0/inst/udma_wrapper/dma_top/dma_pcie_req/dma_pcie_rc/rclp_mem_addr_nxt[4].  Re-placed instance design_1_i/xdma_0/inst/udma_wrapper/dma_top/dma_pcie_req/dma_pcie_rc/tag_did_conti_val_reg_0_63_4_4_i_1
INFO: [Physopt 32-662] Processed net design_1_i/xdma_0/inst/udma_wrapper/dma_top/dma_pcie_req/dma_pcie_rc/tag_did_conti_val_reg_0_63_0_0_i_11_n_0.  Did not re-place instance design_1_i/xdma_0/inst/udma_wrapper/dma_top/dma_pcie_req/dma_pcie_rc/tag_did_conti_val_reg_0_63_0_0_i_11
INFO: [Physopt 32-663] Processed net design_1_i/xdma_0/inst/udma_wrapper/dma_top/dma_pcie_req/dma_pcie_rc/tag_did_conti_val_reg_0_63_0_0_i_16_n_0.  Re-placed instance design_1_i/xdma_0/inst/udma_wrapper/dma_top/dma_pcie_req/dma_pcie_rc/tag_did_conti_val_reg_0_63_0_0_i_16
INFO: [Physopt 32-663] Processed net design_1_i/xdma_0/inst/udma_wrapper/dma_top/dma_pcie_req/dma_pcie_rc/tag_did_conti_val_reg_0_63_4_4_i_2_n_0.  Re-placed instance design_1_i/xdma_0/inst/udma_wrapper/dma_top/dma_pcie_req/dma_pcie_rc/tag_did_conti_val_reg_0_63_4_4_i_2
INFO: [Physopt 32-663] Processed net design_1_i/xdma_0/inst/udma_wrapper/dma_top/dma_pcie_req/axidma_rrq_arb/Fifowhead.fifoInfo/arb_rrq_pay[19].  Re-placed instance design_1_i/xdma_0/inst/udma_wrapper/dma_top/dma_pcie_req/axidma_rrq_arb/Fifowhead.fifoInfo/Head_reg[19]
INFO: [Physopt 32-662] Processed net design_1_i/xdma_0/inst/udma_wrapper/dma_top/dma_pcie_req/dma_pcie_rq/RQ_FIFO/empty_ff_reg_1.  Did not re-place instance design_1_i/xdma_0/inst/udma_wrapper/dma_top/dma_pcie_req/dma_pcie_rq/RQ_FIFO/FifoCntrRd[2]_i_3__1
INFO: [Physopt 32-662] Processed net design_1_i/smartconnect_0/inst/s00_nodes/s00_w_node/inst/inst_mi_handler/gen_normal_area.inst_fifo_send/rd_addrb_incr.  Did not re-place instance design_1_i/smartconnect_0/inst/s00_nodes/s00_w_node/inst/inst_mi_handler/gen_normal_area.inst_fifo_send/gen_mem_rep[2].inst_xpm_memory_i_23
INFO: [Physopt 32-663] Processed net design_1_i/smartconnect_0/inst/m01_nodes/m01_aw_node/inst/inst_si_handler/gen_m_axis_arb_fifo.inst_axis_arb_fifo/m_axis_arb_tdata[0].  Re-placed instance design_1_i/smartconnect_0/inst/m01_nodes/m01_aw_node/inst/inst_si_handler/gen_m_axis_arb_fifo.inst_axis_arb_fifo/gen_pipelined.mesg_reg_reg[0]
INFO: [Physopt 32-663] Processed net design_1_i/smartconnect_0/inst/m01_nodes/m01_w_node/inst/inst_si_handler/gen_si_handler.gen_request_fifos.gen_req_fifo[0].inst_req_fifo/gen_xpm_memory_fifo.inst_fifo/s_sc_recv[0].  Re-placed instance design_1_i/smartconnect_0/inst/m01_nodes/m01_w_node/inst/inst_si_handler/gen_si_handler.gen_request_fifos.gen_req_fifo[0].inst_req_fifo/gen_xpm_memory_fifo.inst_fifo/s_sc_recv[0]_INST_0
INFO: [Physopt 32-662] Processed net design_1_i/xdma_0/inst/udma_wrapper/dma_top/dma_enable.vul_dma/RD/gen_rdwr_loop[1].gen_rdwr_eng.RDWR_INST/RRQ_FIFO/empty_ff_reg_3[0].  Did not re-place instance design_1_i/xdma_0/inst/udma_wrapper/dma_top/dma_enable.vul_dma/RD/gen_rdwr_loop[1].gen_rdwr_eng.RDWR_INST/RRQ_FIFO/FifoCntrRd[2]_i_1__16
INFO: [Physopt 32-662] Processed net design_1_i/smartconnect_0/inst/s00_nodes/s00_w_node/inst/inst_mi_handler/gen_normal_area.inst_fifo_node_payld/gen_xpm_memory_fifo.inst_fifo/gen_wr.inst_wr_addra_p1/gen_rd.fifo_empty_r_i_6__0_n_0.  Did not re-place instance design_1_i/smartconnect_0/inst/s00_nodes/s00_w_node/inst/inst_mi_handler/gen_normal_area.inst_fifo_node_payld/gen_xpm_memory_fifo.inst_fifo/gen_wr.inst_wr_addra_p1/gen_rd.fifo_empty_r_i_6__0
INFO: [Physopt 32-663] Processed net design_1_i/smartconnect_0/inst/s00_nodes/s00_w_node/inst/inst_mi_handler/gen_normal_area.inst_fifo_node_payld/gen_xpm_memory_fifo.inst_fifo/gen_wr.inst_wr_addra_p1/gen_wr.full_r0.  Re-placed instance design_1_i/smartconnect_0/inst/s00_nodes/s00_w_node/inst/inst_mi_handler/gen_normal_area.inst_fifo_node_payld/gen_xpm_memory_fifo.inst_fifo/gen_wr.inst_wr_addra_p1/gen_wr.full_r_i_1
INFO: [Physopt 32-663] Processed net design_1_i/smartconnect_0/inst/s00_nodes/s00_w_node/inst/inst_mi_handler/gen_normal_area.inst_fifo_node_payld/gen_xpm_memory_fifo.inst_fifo/gen_rd.fifo_empty_r_i_9__0_n_0.  Re-placed instance design_1_i/smartconnect_0/inst/s00_nodes/s00_w_node/inst/inst_mi_handler/gen_normal_area.inst_fifo_node_payld/gen_xpm_memory_fifo.inst_fifo/gen_rd.fifo_empty_r_i_9__0
INFO: [Physopt 32-662] Processed net design_1_i/smartconnect_0/inst/s00_nodes/s00_w_node/inst/inst_mi_handler/gen_normal_area.inst_fifo_node_payld/gen_xpm_memory_fifo.inst_fifo/gen_wr.prog_full_r_reg_CE_cooolgate_en_sig_1829.  Did not re-place instance design_1_i/smartconnect_0/inst/s00_nodes/s00_w_node/inst/inst_mi_handler/gen_normal_area.inst_fifo_node_payld/gen_xpm_memory_fifo.inst_fifo/gen_wr.prog_full_r_reg_CE_cooolgate_en_gate_10302
INFO: [Physopt 32-663] Processed net design_1_i/xdma_0/inst/udma_wrapper/dma_top/dma_pcie_req/axidma_rrq_arb/Fifowhead.fifoInfo/FifoCntrWr_reg[0]_CE_cooolgate_en_sig_1822.  Re-placed instance design_1_i/xdma_0/inst/udma_wrapper/dma_top/dma_pcie_req/axidma_rrq_arb/Fifowhead.fifoInfo/FifoCntrWr_reg[0]_CE_cooolgate_en_gate_10293_LOPT_REMAP
INFO: [Physopt 32-662] Processed net design_1_i/xdma_0/inst/udma_wrapper/dma_top/dma_pcie_req/axidma_rrq_arb/Fifowhead.fifoInfo/FifoCntrWr_reg[1]_0[0].  Did not re-place instance design_1_i/xdma_0/inst/udma_wrapper/dma_top/dma_pcie_req/axidma_rrq_arb/Fifowhead.fifoInfo/FifoCntrWr_reg[0]
INFO: [Physopt 32-662] Processed net design_1_i/smartconnect_0/inst/s00_nodes/s00_w_node/inst/inst_mi_handler/gen_normal_area.inst_fifo_node_payld/gen_xpm_memory_fifo.inst_fifo/gen_normal_area.fifo_node_payld_prog_full_i.  Did not re-place instance design_1_i/smartconnect_0/inst/s00_nodes/s00_w_node/inst/inst_mi_handler/gen_normal_area.inst_fifo_node_payld/gen_xpm_memory_fifo.inst_fifo/gen_wr.prog_full_r_reg
INFO: [Physopt 32-662] Processed net design_1_i/xdma_0/inst/design_1_xdma_0_2_pcie2_to_pcie3_wrapper_i/design_1_xdma_0_2_axi_stream_intf_i/design_1_xdma_0_2_tgt_req_i/s_axis_cq_tdata_out[63]_INST_0_i_1_n_0.  Did not re-place instance design_1_i/xdma_0/inst/design_1_xdma_0_2_pcie2_to_pcie3_wrapper_i/design_1_xdma_0_2_axi_stream_intf_i/design_1_xdma_0_2_tgt_req_i/s_axis_cq_tdata_out[63]_INST_0_i_1
INFO: [Physopt 32-663] Processed net design_1_i/xdma_0/inst/design_1_xdma_0_2_pcie2_to_pcie3_wrapper_i/pcie2_ip_i/U0/inst/user_reset_out_repN_1.  Re-placed instance design_1_i/xdma_0/inst/design_1_xdma_0_2_pcie2_to_pcie3_wrapper_i/pcie2_ip_i/U0/inst/user_reset_out_reg_replica_1
INFO: [Physopt 32-662] Processed net design_1_i/xdma_0/inst/design_1_xdma_0_2_pcie2_to_pcie3_wrapper_i/design_1_xdma_0_2_axi_stream_intf_i/design_1_xdma_0_2_tgt_req_i/s_axis_cq_tdata_out[13].  Did not re-place instance design_1_i/xdma_0/inst/design_1_xdma_0_2_pcie2_to_pcie3_wrapper_i/design_1_xdma_0_2_axi_stream_intf_i/design_1_xdma_0_2_tgt_req_i/s_axis_cq_tdata_out[13]_INST_0
INFO: [Physopt 32-662] Processed net design_1_i/xdma_0/inst/udma_wrapper/dma_top/axi4mm_bridge_top_inst/axi4mm_axi_mm_master_top_inst/axi4mm_axi_str_masterbridge_wrrd_inst/memreqsm_ns[2].  Did not re-place instance design_1_i/xdma_0/inst/udma_wrapper/dma_top/axi4mm_bridge_top_inst/axi4mm_axi_mm_master_top_inst/axi4mm_axi_str_masterbridge_wrrd_inst/memRead_ff_i_1
INFO: [Physopt 32-663] Processed net design_1_i/xdma_0/inst/design_1_xdma_0_2_pcie2_to_pcie3_wrapper_i/design_1_xdma_0_2_axi_stream_intf_i/design_1_xdma_0_2_tgt_req_i/user_reset_out_reg.  Re-placed instance design_1_i/xdma_0/inst/design_1_xdma_0_2_pcie2_to_pcie3_wrapper_i/design_1_xdma_0_2_axi_stream_intf_i/design_1_xdma_0_2_tgt_req_i/s_axis_cq_tuser_out[40]_INST_0
INFO: [Physopt 32-662] Processed net design_1_i/xdma_0/inst/udma_wrapper/dma_top/axi4mm_bridge_top_inst/axi4mm_axi_mm_master_top_inst/axi4mm_axi_str_masterbridge_wrrd_inst/FSM_sequential_memreqsm_cs[2]_i_1_n_0.  Did not re-place instance design_1_i/xdma_0/inst/udma_wrapper/dma_top/axi4mm_bridge_top_inst/axi4mm_axi_mm_master_top_inst/axi4mm_axi_str_masterbridge_wrrd_inst/FSM_sequential_memreqsm_cs[2]_i_1
INFO: [Physopt 32-662] Processed net design_1_i/xdma_0/inst/design_1_xdma_0_2_pcie2_to_pcie3_wrapper_i/design_1_xdma_0_2_axi_stream_intf_i/design_1_xdma_0_2_tgt_req_i/s_axis_cq_tdata_out[13]_INST_0_i_1_n_0.  Did not re-place instance design_1_i/xdma_0/inst/design_1_xdma_0_2_pcie2_to_pcie3_wrapper_i/design_1_xdma_0_2_axi_stream_intf_i/design_1_xdma_0_2_tgt_req_i/s_axis_cq_tdata_out[13]_INST_0_i_1
INFO: [Physopt 32-663] Processed net design_1_i/xdma_0/inst/udma_wrapper/dma_top/axi4mm_bridge_top_inst/axi4mm_axi_mm_master_top_inst/axi4mm_axi_str_masterbridge_wrrd_inst/FSM_sequential_memreqsm_cs_reg[0]_CE_cooolgate_en_sig_2106.  Re-placed instance design_1_i/xdma_0/inst/udma_wrapper/dma_top/axi4mm_bridge_top_inst/axi4mm_axi_mm_master_top_inst/axi4mm_axi_str_masterbridge_wrrd_inst/FSM_sequential_memreqsm_cs_reg[0]_CE_cooolgate_en_gate_10706
INFO: [Physopt 32-662] Processed net design_1_i/xdma_0/inst/udma_wrapper/dma_top/axi4mm_bridge_top_inst/axi4mm_axi_mm_master_top_inst/axi4mm_axi_str_masterbridge_wrrd_inst/memreqsm_cs[0].  Did not re-place instance design_1_i/xdma_0/inst/udma_wrapper/dma_top/axi4mm_bridge_top_inst/axi4mm_axi_mm_master_top_inst/axi4mm_axi_str_masterbridge_wrrd_inst/FSM_sequential_memreqsm_cs_reg[0]
INFO: [Physopt 32-663] Processed net design_1_i/xdma_0/inst/udma_wrapper/dma_top/dma_pcie_req/dma_pcie_rc/rclp_tlp_tag_reg[0]_3[0].  Re-placed instance design_1_i/xdma_0/inst/udma_wrapper/dma_top/dma_pcie_req/dma_pcie_rc/FifoCntrWr[5]_i_1__0
INFO: [Physopt 32-662] Processed net design_1_i/smartconnect_0/inst/m01_nodes/m01_w_node/inst/inst_si_handler/gen_si_handler.gen_request_fifos.gen_req_fifo[0].inst_req_fifo/gen_xpm_memory_fifo.inst_fifo/p_2_out.  Did not re-place instance design_1_i/smartconnect_0/inst/m01_nodes/m01_w_node/inst/inst_si_handler/gen_si_handler.gen_request_fifos.gen_req_fifo[0].inst_req_fifo/gen_xpm_memory_fifo.inst_fifo/gen_rd.fifo_empty_r_reg
INFO: [Physopt 32-663] Processed net design_1_i/xdma_0/inst/udma_wrapper/dma_top/dma_pcie_req/dma_pcie_rc/tag_did_conti_en_even[15]_i_4_n_0.  Re-placed instance design_1_i/xdma_0/inst/udma_wrapper/dma_top/dma_pcie_req/dma_pcie_rc/tag_did_conti_en_even[15]_i_4
INFO: [Physopt 32-662] Processed net design_1_i/xdma_0/inst/udma_wrapper/dma_top/dma_pcie_req/dma_pcie_rc/tlp_stg4_hdr_tag[5].  Did not re-place instance design_1_i/xdma_0/inst/udma_wrapper/dma_top/dma_pcie_req/dma_pcie_rc/tlp_stg4_hdr_tag_reg[5]
INFO: [Physopt 32-662] Processed net design_1_i/xdma_0/inst/udma_wrapper/dma_top/dma_pcie_req/dma_pcie_rc/tag_did_conti_val_reg_0_63_0_0_i_13_n_0.  Did not re-place instance design_1_i/xdma_0/inst/udma_wrapper/dma_top/dma_pcie_req/dma_pcie_rc/tag_did_conti_val_reg_0_63_0_0_i_13
INFO: [Physopt 32-663] Processed net design_1_i/xdma_0/inst/udma_wrapper/dma_top/dma_pcie_req/dma_pcie_rc/tag_did_conti_val_reg_0_63_0_0_i_22_n_0.  Re-placed instance design_1_i/xdma_0/inst/udma_wrapper/dma_top/dma_pcie_req/dma_pcie_rc/tag_did_conti_val_reg_0_63_0_0_i_22
INFO: [Physopt 32-662] Processed net design_1_i/xdma_0/inst/udma_wrapper/dma_top/dma_pcie_req/TAG_FIFO_ODD/FifoCntrWr_reg[1]_0[0].  Did not re-place instance design_1_i/xdma_0/inst/udma_wrapper/dma_top/dma_pcie_req/TAG_FIFO_ODD/FifoCntrWr_reg[0]
INFO: [Physopt 32-662] Processed net design_1_i/xdma_0/inst/udma_wrapper/dma_top/dma_pcie_req/TAG_FIFO_ODD/FifoCntrRd_reg[3].  Did not re-place instance design_1_i/xdma_0/inst/udma_wrapper/dma_top/dma_pcie_req/TAG_FIFO_ODD/FifoCntrWr_reg[3]
INFO: [Physopt 32-662] Processed net design_1_i/xdma_0/inst/udma_wrapper/dma_top/dma_pcie_req/TAG_FIFO_ODD/FifoCntrRd_reg[4].  Did not re-place instance design_1_i/xdma_0/inst/udma_wrapper/dma_top/dma_pcie_req/TAG_FIFO_ODD/FifoCntrWr_reg[4]
INFO: [Physopt 32-662] Processed net design_1_i/xdma_0/inst/design_1_xdma_0_2_pcie2_to_pcie3_wrapper_i/design_1_xdma_0_2_axi_stream_intf_i/design_1_xdma_0_2_tgt_req_i/s_axis_cq_tdata_out[11].  Did not re-place instance design_1_i/xdma_0/inst/design_1_xdma_0_2_pcie2_to_pcie3_wrapper_i/design_1_xdma_0_2_axi_stream_intf_i/design_1_xdma_0_2_tgt_req_i/s_axis_cq_tdata_out[11]_INST_0
INFO: [Physopt 32-663] Processed net design_1_i/xdma_0/inst/udma_wrapper/dma_top/dma_pcie_req/dma_pcie_rc/tlp_stg3_hdr_tag[5].  Re-placed instance design_1_i/xdma_0/inst/udma_wrapper/dma_top/dma_pcie_req/dma_pcie_rc/tlp_stg3_hdr_tag_reg[5]
INFO: [Physopt 32-662] Processed net design_1_i/xdma_0/inst/udma_wrapper/dma_top/dma_pcie_req/axidma_rrq_arb/Fifowhead.fifoInfo/rreq_head_info_ff[1][rcb][4]_i_9_n_0.  Did not re-place instance design_1_i/xdma_0/inst/udma_wrapper/dma_top/dma_pcie_req/axidma_rrq_arb/Fifowhead.fifoInfo/rreq_head_info_ff[1][rcb][4]_i_9
INFO: [Physopt 32-662] Processed net design_1_i/xdma_0/inst/udma_wrapper/dma_top/dma_pcie_req/dma_pcie_rc/rclp_mem_addr_out[3].  Did not re-place instance design_1_i/xdma_0/inst/udma_wrapper/dma_top/dma_pcie_req/dma_pcie_rc/rclp_mem_addr[3]_i_1
INFO: [Physopt 32-662] Processed net design_1_i/xdma_0/inst/udma_wrapper/dma_top/dma_pcie_req/dma_pcie_rc/rclp_mem_addr_nxt[5].  Did not re-place instance design_1_i/xdma_0/inst/udma_wrapper/dma_top/dma_pcie_req/dma_pcie_rc/tag_did_conti_val_reg_0_63_5_5_i_1
INFO: [Physopt 32-663] Processed net design_1_i/xdma_0/inst/udma_wrapper/dma_top/dma_pcie_req/dma_pcie_rc/tag_did_conti_val_reg_0_63_5_5_i_2_n_0.  Re-placed instance design_1_i/xdma_0/inst/udma_wrapper/dma_top/dma_pcie_req/dma_pcie_rc/tag_did_conti_val_reg_0_63_5_5_i_2
INFO: [Physopt 32-662] Processed net design_1_i/xdma_0/inst/udma_wrapper/dma_top/axi4mm_bridge_top_inst/axi4mm_axi_mm_master_top_inst/axi4mm_axi_mm_master_wr_inst/FSM_sequential_wrlitesm_cs[0]_i_1_n_0.  Did not re-place instance design_1_i/xdma_0/inst/udma_wrapper/dma_top/axi4mm_bridge_top_inst/axi4mm_axi_mm_master_top_inst/axi4mm_axi_mm_master_wr_inst/FSM_sequential_wrlitesm_cs[0]_i_1
INFO: [Physopt 32-662] Processed net design_1_i/xdma_0/inst/udma_wrapper/dma_top/axi4mm_bridge_top_inst/axi4mm_axi_mm_master_top_inst/axi4mm_axi_mm_master_wr_inst/FSM_sequential_wrlitesm_cs[0]_i_3_n_0.  Did not re-place instance design_1_i/xdma_0/inst/udma_wrapper/dma_top/axi4mm_bridge_top_inst/axi4mm_axi_mm_master_top_inst/axi4mm_axi_mm_master_wr_inst/FSM_sequential_wrlitesm_cs[0]_i_3
INFO: [Physopt 32-662] Processed net design_1_i/xdma_0/inst/udma_wrapper/dma_top/axi4mm_bridge_top_inst/axi4mm_axi_mm_master_top_inst/axi4mm_axi_mm_master_wr_inst/wrlitesm_cs[0].  Did not re-place instance design_1_i/xdma_0/inst/udma_wrapper/dma_top/axi4mm_bridge_top_inst/axi4mm_axi_mm_master_top_inst/axi4mm_axi_mm_master_wr_inst/FSM_sequential_wrlitesm_cs_reg[0]
INFO: [Physopt 32-662] Processed net design_1_i/xdma_0/inst/udma_wrapper/dma_top/dma_pcie_req/dma_pcie_rq/rreq_head_rcb_ok_ff[1]_i_6_n_0.  Did not re-place instance design_1_i/xdma_0/inst/udma_wrapper/dma_top/dma_pcie_req/dma_pcie_rq/rreq_head_rcb_ok_ff[1]_i_6
INFO: [Physopt 32-662] Processed net design_1_i/xdma_0/inst/udma_wrapper/dma_top/dma_pcie_req/dma_pcie_rc/tag_did_conti_val_reg_0_63_7_7_i_2_n_0.  Did not re-place instance design_1_i/xdma_0/inst/udma_wrapper/dma_top/dma_pcie_req/dma_pcie_rc/tag_did_conti_val_reg_0_63_7_7_i_2
INFO: [Physopt 32-662] Processed net design_1_i/xdma_0/inst/udma_wrapper/dma_top/dma_pcie_req/dma_pcie_rq/RQ_FIFO/full_ff_reg_n_0.  Did not re-place instance design_1_i/xdma_0/inst/udma_wrapper/dma_top/dma_pcie_req/dma_pcie_rq/RQ_FIFO/full_ff_reg
INFO: [Physopt 32-662] Processed net design_1_i/xdma_0/inst/udma_wrapper/dma_top/dma_enable.vul_dma/WR/gen_rdwr_loop[1].gen_rdwr_eng.RDWR_INST/i___394_i_6_n_0.  Did not re-place instance design_1_i/xdma_0/inst/udma_wrapper/dma_top/dma_enable.vul_dma/WR/gen_rdwr_loop[1].gen_rdwr_eng.RDWR_INST/i___394_i_6
INFO: [Physopt 32-662] Processed net design_1_i/xdma_0/inst/udma_wrapper/dma_top/dma_pcie_req/dma_pcie_rc/rclp_mem_addr_nxt[7].  Did not re-place instance design_1_i/xdma_0/inst/udma_wrapper/dma_top/dma_pcie_req/dma_pcie_rc/tag_did_conti_val_reg_0_63_7_7_i_1
INFO: [Physopt 32-662] Processed net design_1_i/xdma_0/inst/udma_wrapper/dma_top/dma_pcie_req/axidma_rrq_arb/Fifowhead.fifoInfo/Head[122]_i_1__3_n_0.  Did not re-place instance design_1_i/xdma_0/inst/udma_wrapper/dma_top/dma_pcie_req/axidma_rrq_arb/Fifowhead.fifoInfo/Head[122]_i_1__3
INFO: [Physopt 32-662] Processed net design_1_i/xdma_0/inst/udma_wrapper/dma_top/dma_pcie_req/axidma_rrq_arb/Fifowhead.fifoInfo/FifoCntrRd_reg[0]_0.  Did not re-place instance design_1_i/xdma_0/inst/udma_wrapper/dma_top/dma_pcie_req/axidma_rrq_arb/Fifowhead.fifoInfo/RdPtr[1]_i_2__4
INFO: [Physopt 32-663] Processed net design_1_i/xdma_0/inst/udma_wrapper/dma_top/dma_pcie_req/axidma_rrq_arb/Fifowhead.fifoInfo/Q[23].  Re-placed instance design_1_i/xdma_0/inst/udma_wrapper/dma_top/dma_pcie_req/axidma_rrq_arb/Fifowhead.fifoInfo/Head_reg[64]
INFO: [Physopt 32-663] Processed net design_1_i/xdma_0/inst/udma_wrapper/dma_top/dma_pcie_req/axidma_rrq_arb/Fifowhead.fifoInfo/Q[76].  Re-placed instance design_1_i/xdma_0/inst/udma_wrapper/dma_top/dma_pcie_req/axidma_rrq_arb/Fifowhead.fifoInfo/Head_reg[117]
INFO: [Physopt 32-663] Processed net design_1_i/xdma_0/inst/udma_wrapper/dma_top/dma_pcie_req/axidma_rrq_arb/Fifowhead.fifoInfo/arb_rrq_pay[29].  Re-placed instance design_1_i/xdma_0/inst/udma_wrapper/dma_top/dma_pcie_req/axidma_rrq_arb/Fifowhead.fifoInfo/Head_reg[29]
INFO: [Physopt 32-663] Processed net design_1_i/xdma_0/inst/udma_wrapper/dma_top/dma_enable.vul_dma/WR/gen_rdwr_loop[0].gen_rdwr_eng.RDWR_INST/wrq_spl_len_304[1].  Re-placed instance design_1_i/xdma_0/inst/udma_wrapper/dma_top/dma_enable.vul_dma/WR/gen_rdwr_loop[0].gen_rdwr_eng.RDWR_INST/wrq_spl_len_304_reg[1]
INFO: [Physopt 32-663] Processed net design_1_i/xdma_0/inst/udma_wrapper/dma_top/dma_enable.vul_dma/RD/gen_rdwr_loop[1].gen_rdwr_eng.RDWR_INST/RRQ_FIFO/empty_ff_reg_4.  Re-placed instance design_1_i/xdma_0/inst/udma_wrapper/dma_top/dma_enable.vul_dma/RD/gen_rdwr_loop[1].gen_rdwr_eng.RDWR_INST/RRQ_FIFO/MemArray_reg_0_3_6_11_i_1__3
INFO: [Physopt 32-662] Processed net design_1_i/xdma_0/inst/udma_wrapper/dma_top/dma_enable.vul_dma/RD/gen_rdwr_loop[1].gen_rdwr_eng.RDWR_INST/RRQ_FIFO/empty_ff_reg_1.  Did not re-place instance design_1_i/xdma_0/inst/udma_wrapper/dma_top/dma_enable.vul_dma/RD/gen_rdwr_loop[1].gen_rdwr_eng.RDWR_INST/RRQ_FIFO/MemArray_reg_0_3_120_122_i_1
INFO: [Physopt 32-662] Processed net design_1_i/xdma_0/inst/udma_wrapper/dma_top/dma_enable.vul_dma/dsc_eng.DSC/RRQ_FIFO/empty_ff_reg_0.  Did not re-place instance design_1_i/xdma_0/inst/udma_wrapper/dma_top/dma_enable.vul_dma/dsc_eng.DSC/RRQ_FIFO/empty_ff_reg
INFO: [Physopt 32-662] Processed net design_1_i/xdma_0/inst/udma_wrapper/dma_top/dma_pcie_req/dma_pcie_rq/RQ_FIFO/rreq_head_info_nxt[0][rcb][3].  Did not re-place instance design_1_i/xdma_0/inst/udma_wrapper/dma_top/dma_pcie_req/dma_pcie_rq/RQ_FIFO/rreq_head_info_ff[0][rcb][3]_i_1
INFO: [Physopt 32-663] Processed net design_1_i/xdma_0/inst/udma_wrapper/dma_top/dma_pcie_req/axidma_rrq_arb/Fifowhead.fifoInfo/arb_rrq_pay[21].  Re-placed instance design_1_i/xdma_0/inst/udma_wrapper/dma_top/dma_pcie_req/axidma_rrq_arb/Fifowhead.fifoInfo/Head_reg[21]
INFO: [Physopt 32-662] Processed net design_1_i/xdma_0/inst/udma_wrapper/dma_top/dma_pcie_req/dma_pcie_rq/rreq_head_info_ff[1][rcb][3]_i_1_n_0.  Did not re-place instance design_1_i/xdma_0/inst/udma_wrapper/dma_top/dma_pcie_req/dma_pcie_rq/rreq_head_info_ff[1][rcb][3]_i_1
INFO: [Physopt 32-662] Processed net design_1_i/xdma_0/inst/udma_wrapper/dma_top/dma_pcie_req/axidma_rrq_arb/Fifowhead.fifoInfo/rreq_head_info_ff[1][rcb][4]_i_7_n_0.  Did not re-place instance design_1_i/xdma_0/inst/udma_wrapper/dma_top/dma_pcie_req/axidma_rrq_arb/Fifowhead.fifoInfo/rreq_head_info_ff[1][rcb][4]_i_7
INFO: [Physopt 32-663] Processed net design_1_i/xdma_0/inst/udma_wrapper/dma_top/dma_pcie_req/dma_pcie_rq/rreq_head_info_ff[1][rcb][1]_i_1_n_0.  Re-placed instance design_1_i/xdma_0/inst/udma_wrapper/dma_top/dma_pcie_req/dma_pcie_rq/rreq_head_info_ff[1][rcb][1]_i_1
INFO: [Physopt 32-662] Processed net design_1_i/xdma_0/inst/udma_wrapper/dma_top/dma_pcie_req/dma_pcie_rq/RQ_FIFO/rreq_head_info_nxt[0][rcb][1].  Did not re-place instance design_1_i/xdma_0/inst/udma_wrapper/dma_top/dma_pcie_req/dma_pcie_rq/RQ_FIFO/rreq_head_info_ff[0][rcb][1]_i_1
INFO: [Physopt 32-662] Processed net design_1_i/smartconnect_0/inst/s00_entry_pipeline/s00_si_converter/inst/converter.wrap_narrow_inst/gen_thread_loop[0].r_payld_fifo/cmd_fifo/gen_pipelined.mesg_reg_reg[0]_CE_cooolgate_en_sig_331.  Did not re-place instance design_1_i/smartconnect_0/inst/s00_entry_pipeline/s00_si_converter/inst/converter.wrap_narrow_inst/gen_thread_loop[0].r_payld_fifo/cmd_fifo/gen_pipelined.mesg_reg_reg[0]_CE_cooolgate_en_gate_5298_LOPT_REMAP
INFO: [Physopt 32-663] Processed net design_1_i/smartconnect_0/inst/s00_entry_pipeline/s00_si_converter/inst/converter.wrap_narrow_inst/gen_thread_loop[0].r_payld_fifo/cmd_fifo/gen_thread_loop[0].r_unshelve_reg[0].  Re-placed instance design_1_i/smartconnect_0/inst/s00_entry_pipeline/s00_si_converter/inst/converter.wrap_narrow_inst/gen_thread_loop[0].r_payld_fifo/cmd_fifo/read_offset[3]_i_3
INFO: [Physopt 32-663] Processed net design_1_i/smartconnect_0/inst/s00_entry_pipeline/s00_si_converter/inst/converter.wrap_narrow_inst/gen_thread_loop[0].r_payld_fifo/cmd_fifo/cmd_len_qq.  Re-placed instance design_1_i/smartconnect_0/inst/s00_entry_pipeline/s00_si_converter/inst/converter.wrap_narrow_inst/gen_thread_loop[0].r_payld_fifo/cmd_fifo/cmd_len_qq[7]_i_1__0
INFO: [Physopt 32-662] Processed net design_1_i/smartconnect_0/inst/s00_entry_pipeline/s00_si_converter/inst/converter.wrap_narrow_inst/gen_thread_loop[0].r_payld_fifo/cmd_fifo/fifoaddr_reg[3]_0.  Did not re-place instance design_1_i/smartconnect_0/inst/s00_entry_pipeline/s00_si_converter/inst/converter.wrap_narrow_inst/gen_thread_loop[0].r_payld_fifo/cmd_fifo/m_valid_i_i_2__0
INFO: [Physopt 32-662] Processed net design_1_i/smartconnect_0/inst/s00_entry_pipeline/s00_si_converter/inst/converter.wrap_narrow_inst/gen_thread_loop[0].r_payld_fifo/fifoaddr_reg_n_0_[1].  Did not re-place instance design_1_i/smartconnect_0/inst/s00_entry_pipeline/s00_si_converter/inst/converter.wrap_narrow_inst/gen_thread_loop[0].r_payld_fifo/fifoaddr_reg[1]
INFO: [Physopt 32-662] Processed net design_1_i/smartconnect_0/inst/s00_entry_pipeline/s00_si_converter/inst/converter.wrap_narrow_inst/gen_thread_loop[0].r_payld_fifo/cmd_fifo/m_valid_i_i_3__0_n_0.  Did not re-place instance design_1_i/smartconnect_0/inst/s00_entry_pipeline/s00_si_converter/inst/converter.wrap_narrow_inst/gen_thread_loop[0].r_payld_fifo/cmd_fifo/m_valid_i_i_3__0
INFO: [Physopt 32-663] Processed net design_1_i/smartconnect_0/inst/s00_entry_pipeline/s00_si_converter/inst/converter.wrap_narrow_inst/gen_thread_loop[0].r_payld_fifo/cmd_fifo/gen_pipelined.mesg_reg.  Re-placed instance design_1_i/smartconnect_0/inst/s00_entry_pipeline/s00_si_converter/inst/converter.wrap_narrow_inst/gen_thread_loop[0].r_payld_fifo/cmd_fifo/gen_pipelined.mesg_reg[11]_i_1__1
INFO: [Physopt 32-662] Processed net design_1_i/smartconnect_0/inst/s00_entry_pipeline/s00_si_converter/inst/converter.wrap_narrow_inst/gen_thread_loop[0].r_payld_fifo/cmd_fifo/gen_pipelined.mesg_reg_reg[7]_0[5].  Did not re-place instance design_1_i/smartconnect_0/inst/s00_entry_pipeline/s00_si_converter/inst/converter.wrap_narrow_inst/gen_thread_loop[0].r_payld_fifo/cmd_fifo/gen_pipelined.mesg_reg_reg[5]
INFO: [Physopt 32-662] Processed net design_1_i/smartconnect_0/inst/s00_entry_pipeline/s00_si_converter/inst/converter.wrap_narrow_inst/gen_thread_loop[0].r_payld_fifo/cmd_fifo/gen_pipelined.mesg_reg_reg[7]_0[6].  Did not re-place instance design_1_i/smartconnect_0/inst/s00_entry_pipeline/s00_si_converter/inst/converter.wrap_narrow_inst/gen_thread_loop[0].r_payld_fifo/cmd_fifo/gen_pipelined.mesg_reg_reg[6]
INFO: [Physopt 32-662] Processed net design_1_i/xdma_0/inst/udma_wrapper/dma_top/dma_enable.vul_dma/RD/gen_rdwr_loop[1].gen_rdwr_eng.RDWR_INST/RRQ_FIFO/empty_ff_reg_n_0.  Did not re-place instance design_1_i/xdma_0/inst/udma_wrapper/dma_top/dma_enable.vul_dma/RD/gen_rdwr_loop[1].gen_rdwr_eng.RDWR_INST/RRQ_FIFO/empty_ff_reg
INFO: [Physopt 32-663] Processed net design_1_i/xdma_0/inst/udma_wrapper/dma_top/dma_enable.vul_dma/RD/gen_rdwr_loop[1].gen_rdwr_eng.RDWR_INST/RRQ_FIFO/empty_ff_reg_2.  Re-placed instance design_1_i/xdma_0/inst/udma_wrapper/dma_top/dma_enable.vul_dma/RD/gen_rdwr_loop[1].gen_rdwr_eng.RDWR_INST/RRQ_FIFO/i___6_i_1
INFO: [Physopt 32-663] Processed net design_1_i/smartconnect_0/inst/s01_entry_pipeline/s01_mmu/inst/gen_endpoint.w_cnt_reg[0]_CE_cooolgate_en_sig_755.  Re-placed instance design_1_i/smartconnect_0/inst/s01_entry_pipeline/s01_mmu/inst/gen_endpoint.w_cnt_reg[0]_CE_cooolgate_en_gate_7012_LOPT_REMAP
INFO: [Physopt 32-663] Processed net design_1_i/smartconnect_0/inst/s01_entry_pipeline/s01_mmu/inst/aw_sreg/skid_buffer[0]_i_2_n_0.  Re-placed instance design_1_i/smartconnect_0/inst/s01_entry_pipeline/s01_mmu/inst/aw_sreg/skid_buffer[0]_i_2
INFO: [Physopt 32-663] Processed net design_1_i/smartconnect_0/inst/s01_entry_pipeline/s01_mmu/inst/aw_sreg/gen_endpoint.w_push_done4_out.  Re-placed instance design_1_i/smartconnect_0/inst/s01_entry_pipeline/s01_mmu/inst/aw_sreg/gen_endpoint.w_enable_i_2
INFO: [Physopt 32-662] Processed net design_1_i/smartconnect_0/inst/s01_entry_pipeline/s01_mmu/inst/aw_sreg/m_vector_i_reg[1144]_0[39].  Did not re-place instance design_1_i/smartconnect_0/inst/s01_entry_pipeline/s01_mmu/inst/aw_sreg/m_vector_i_reg[1093]
INFO: [Physopt 32-662] Processed net design_1_i/smartconnect_0/inst/s01_entry_pipeline/s01_mmu/inst/aw_sreg/E[0].  Did not re-place instance design_1_i/smartconnect_0/inst/s01_entry_pipeline/s01_mmu/inst/aw_sreg/gen_endpoint.w_cnt[4]_i_1
INFO: [Physopt 32-663] Processed net design_1_i/smartconnect_0/inst/s01_entry_pipeline/s01_mmu/inst/aw_sreg/skid_buffer[0]_i_3_n_0.  Re-placed instance design_1_i/smartconnect_0/inst/s01_entry_pipeline/s01_mmu/inst/aw_sreg/skid_buffer[0]_i_3
INFO: [Physopt 32-663] Processed net design_1_i/smartconnect_0/inst/s01_entry_pipeline/s01_mmu/inst/aw_sreg/skid_buffer[0]_i_7_n_0.  Re-placed instance design_1_i/smartconnect_0/inst/s01_entry_pipeline/s01_mmu/inst/aw_sreg/skid_buffer[0]_i_7
INFO: [Physopt 32-662] Processed net design_1_i/xdma_0/inst/udma_wrapper/dma_top/dma_enable.vul_dma/WR/gen_rdwr_loop[0].gen_rdwr_eng.RDWR_INST/i___373_i_3_n_0.  Did not re-place instance design_1_i/xdma_0/inst/udma_wrapper/dma_top/dma_enable.vul_dma/WR/gen_rdwr_loop[0].gen_rdwr_eng.RDWR_INST/i___373_i_3
INFO: [Physopt 32-662] Processed net design_1_i/smartconnect_0/inst/s01_entry_pipeline/s01_mmu/inst/gen_endpoint.w_cnt_reg[0].  Did not re-place instance design_1_i/smartconnect_0/inst/s01_entry_pipeline/s01_mmu/inst/gen_endpoint.w_cnt_reg[0]
INFO: [Physopt 32-662] Processed net design_1_i/xdma_0/inst/udma_wrapper/dma_top/dma_pcie_req/dma_pcie_rc/rclp_mem_addr_out[5].  Did not re-place instance design_1_i/xdma_0/inst/udma_wrapper/dma_top/dma_pcie_req/dma_pcie_rc/rclp_mem_addr[5]_i_1
INFO: [Physopt 32-662] Processed net design_1_i/xdma_0/inst/udma_wrapper/dma_top/dma_enable.vul_dma/WR/i___399_n_0.  Did not re-place instance design_1_i/xdma_0/inst/udma_wrapper/dma_top/dma_enable.vul_dma/WR/i___399
INFO: [Physopt 32-663] Processed net design_1_i/xdma_0/inst/udma_wrapper/dma_top/dma_pcie_req/axidma_rrq_arb/Fifowhead.fifoInfo/Q[55].  Re-placed instance design_1_i/xdma_0/inst/udma_wrapper/dma_top/dma_pcie_req/axidma_rrq_arb/Fifowhead.fifoInfo/Head_reg[96]
INFO: [Physopt 32-663] Processed net design_1_i/xdma_0/inst/udma_wrapper/dma_top/dma_pcie_req/axidma_rrq_arb/Fifowhead.fifoInfo/Q[57].  Re-placed instance design_1_i/xdma_0/inst/udma_wrapper/dma_top/dma_pcie_req/axidma_rrq_arb/Fifowhead.fifoInfo/Head_reg[98]
INFO: [Physopt 32-663] Processed net design_1_i/xdma_0/inst/udma_wrapper/dma_top/dma_pcie_req/axidma_rrq_arb/Fifowhead.fifoInfo/Q[59].  Re-placed instance design_1_i/xdma_0/inst/udma_wrapper/dma_top/dma_pcie_req/axidma_rrq_arb/Fifowhead.fifoInfo/Head_reg[100]
INFO: [Physopt 32-663] Processed net design_1_i/xdma_0/inst/udma_wrapper/dma_top/dma_pcie_req/axidma_rrq_arb/Fifowhead.fifoInfo/arb_rrq_pay[30].  Re-placed instance design_1_i/xdma_0/inst/udma_wrapper/dma_top/dma_pcie_req/axidma_rrq_arb/Fifowhead.fifoInfo/Head_reg[30]
INFO: [Physopt 32-663] Processed net design_1_i/xdma_0/inst/udma_wrapper/dma_top/dma_pcie_req/dma_pcie_rc/tag_did_conti_val_reg_0_63_0_0_i_6_n_0.  Re-placed instance design_1_i/xdma_0/inst/udma_wrapper/dma_top/dma_pcie_req/dma_pcie_rc/tag_did_conti_val_reg_0_63_0_0_i_6
INFO: [Physopt 32-662] Processed net design_1_i/xdma_0/inst/udma_wrapper/dma_top/dma_pcie_req/dma_pcie_rc/tlp_stg4_hdr_tag[3].  Did not re-place instance design_1_i/xdma_0/inst/udma_wrapper/dma_top/dma_pcie_req/dma_pcie_rc/tlp_stg4_hdr_tag_reg[3]
INFO: [Physopt 32-662] Processed net design_1_i/xdma_0/inst/udma_wrapper/dma_top/dma_pcie_req/dma_pcie_rc/tag_did_conti_val_reg_0_63_0_0_i_14_n_0.  Did not re-place instance design_1_i/xdma_0/inst/udma_wrapper/dma_top/dma_pcie_req/dma_pcie_rc/tag_did_conti_val_reg_0_63_0_0_i_14
INFO: [Physopt 32-663] Processed net design_1_i/xdma_0/inst/udma_wrapper/dma_top/dma_pcie_req/dma_pcie_rc/tag_did_conti_val_reg_0_63_0_0_i_26_n_0.  Re-placed instance design_1_i/xdma_0/inst/udma_wrapper/dma_top/dma_pcie_req/dma_pcie_rc/tag_did_conti_val_reg_0_63_0_0_i_26
INFO: [Physopt 32-662] Processed net design_1_i/xdma_0/inst/design_1_xdma_0_2_pcie2_to_pcie3_wrapper_i/design_1_xdma_0_2_axi_stream_intf_i/design_1_xdma_0_2_tgt_req_i/s_axis_cq_tdata_out[12].  Did not re-place instance design_1_i/xdma_0/inst/design_1_xdma_0_2_pcie2_to_pcie3_wrapper_i/design_1_xdma_0_2_axi_stream_intf_i/design_1_xdma_0_2_tgt_req_i/s_axis_cq_tdata_out[12]_INST_0
INFO: [Physopt 32-663] Processed net design_1_i/smartconnect_0/inst/s00_nodes/s00_w_node/inst/inst_mi_handler/gen_normal_area.inst_fifo_node_payld/gen_xpm_memory_fifo.inst_fifo/gen_rd.fifo_empty_r.  Re-placed instance design_1_i/smartconnect_0/inst/s00_nodes/s00_w_node/inst/inst_mi_handler/gen_normal_area.inst_fifo_node_payld/gen_xpm_memory_fifo.inst_fifo/gen_rd.fifo_empty_r_reg
INFO: [Physopt 32-662] Processed net design_1_i/xdma_0/inst/udma_wrapper/dma_top/axi4mm_bridge_top_inst/axi4mm_axi_mm_master_top_inst/axi4mm_axi_str_masterbridge_wrrd_inst/FSM_sequential_memreqsm_cs[0]_i_2_n_0.  Did not re-place instance design_1_i/xdma_0/inst/udma_wrapper/dma_top/axi4mm_bridge_top_inst/axi4mm_axi_mm_master_top_inst/axi4mm_axi_str_masterbridge_wrrd_inst/FSM_sequential_memreqsm_cs[0]_i_2
INFO: [Physopt 32-662] Processed net design_1_i/xdma_0/inst/udma_wrapper/dma_top/axi4mm_bridge_top_inst/axi4mm_axi_mm_master_top_inst/axi4mm_axi_str_masterbridge_wrrd_inst/FSM_sequential_memreqsm_cs[1]_i_2_n_0.  Did not re-place instance design_1_i/xdma_0/inst/udma_wrapper/dma_top/axi4mm_bridge_top_inst/axi4mm_axi_mm_master_top_inst/axi4mm_axi_str_masterbridge_wrrd_inst/FSM_sequential_memreqsm_cs[1]_i_2
INFO: [Physopt 32-662] Processed net design_1_i/xdma_0/inst/design_1_xdma_0_2_pcie2_to_pcie3_wrapper_i/design_1_xdma_0_2_axi_stream_intf_i/design_1_xdma_0_2_tgt_req_i/s_axis_cq_tdata_out[12]_INST_0_i_1_n_0.  Did not re-place instance design_1_i/xdma_0/inst/design_1_xdma_0_2_pcie2_to_pcie3_wrapper_i/design_1_xdma_0_2_axi_stream_intf_i/design_1_xdma_0_2_tgt_req_i/s_axis_cq_tdata_out[12]_INST_0_i_1
INFO: [Physopt 32-663] Processed net design_1_i/xdma_0/inst/udma_wrapper/dma_top/axi4mm_bridge_top_inst/axi4mm_axi_mm_master_top_inst/axi4mm_axi_str_masterbridge_wrrd_inst/FSM_sequential_memreqsm_cs[0]_i_4_n_0.  Re-placed instance design_1_i/xdma_0/inst/udma_wrapper/dma_top/axi4mm_bridge_top_inst/axi4mm_axi_mm_master_top_inst/axi4mm_axi_str_masterbridge_wrrd_inst/FSM_sequential_memreqsm_cs[0]_i_4
INFO: [Physopt 32-662] Processed net design_1_i/xdma_0/inst/udma_wrapper/dma_top/axi4mm_bridge_top_inst/axi4mm_axi_mm_master_top_inst/axi4mm_axi_str_masterbridge_wrrd_inst/s_axis_cq_tready_ff_i_1_n_0.  Did not re-place instance design_1_i/xdma_0/inst/udma_wrapper/dma_top/axi4mm_bridge_top_inst/axi4mm_axi_mm_master_top_inst/axi4mm_axi_str_masterbridge_wrrd_inst/s_axis_cq_tready_ff_i_1
INFO: [Physopt 32-662] Processed net design_1_i/xdma_0/inst/udma_wrapper/dma_top/axi4mm_bridge_top_inst/axi4mm_axi_mm_master_top_inst/axi4mm_axi_str_masterbridge_wrrd_inst/s_axis_cq_tready_nxt.  Did not re-place instance design_1_i/xdma_0/inst/udma_wrapper/dma_top/axi4mm_bridge_top_inst/axi4mm_axi_mm_master_top_inst/axi4mm_axi_str_masterbridge_wrrd_inst/s_axis_cq_tready_ff_i_2
INFO: [Physopt 32-662] Processed net design_1_i/xdma_0/inst/udma_wrapper/dma_top/dma_enable.vul_dma/WR/gen_rdwr_loop[0].gen_rdwr_eng.RDWR_INST/i___373_i_4_n_0.  Did not re-place instance design_1_i/xdma_0/inst/udma_wrapper/dma_top/dma_enable.vul_dma/WR/gen_rdwr_loop[0].gen_rdwr_eng.RDWR_INST/i___373_i_4
INFO: [Physopt 32-662] Processed net design_1_i/xdma_0/inst/udma_wrapper/dma_top/axi4mm_bridge_top_inst/axi4mm_axi_mm_master_top_inst/axi4mm_axi_str_masterbridge_wrrd_inst/s_axis_cq\\.tready[0].  Did not re-place instance design_1_i/xdma_0/inst/udma_wrapper/dma_top/axi4mm_bridge_top_inst/axi4mm_axi_mm_master_top_inst/axi4mm_axi_str_masterbridge_wrrd_inst/s_axis_cq_tready_ff_reg
INFO: [Physopt 32-663] Processed net design_1_i/xdma_0/inst/udma_wrapper/dma_top/axi4mm_bridge_top_inst/axi4mm_axi_mm_master_top_inst/axi4mm_axi_mm_master_wr_inst/m_axi_litex_awaddr_nxt[11].  Re-placed instance design_1_i/xdma_0/inst/udma_wrapper/dma_top/axi4mm_bridge_top_inst/axi4mm_axi_mm_master_top_inst/axi4mm_axi_mm_master_wr_inst/m_axi_litex_awaddr_ff[11]_i_1
INFO: [Physopt 32-662] Processed net design_1_i/xdma_0/inst/udma_wrapper/dma_top/axi4mm_bridge_top_inst/axi4mm_axi_mm_master_top_inst/axi4mm_axi_mm_master_wr_inst/m_axi_litex_awaddr_ff_reg[10]_CE_cooolgate_en_sig_254.  Did not re-place instance design_1_i/xdma_0/inst/udma_wrapper/dma_top/axi4mm_bridge_top_inst/axi4mm_axi_mm_master_top_inst/axi4mm_axi_mm_master_wr_inst/m_axi_litex_awaddr_ff_reg[10]_CE_cooolgate_en_gate_4853_LOPT_REMAP
INFO: [Physopt 32-663] Processed net design_1_i/xdma_0/inst/udma_wrapper/dma_top/dma_enable.aximm.dma_aximm/axi4mm_axi_mm_master_rd/rresp_cnt_ff_reg[0][0]_CE_cooolgate_en_sig_761.  Re-placed instance design_1_i/xdma_0/inst/udma_wrapper/dma_top/dma_enable.aximm.dma_aximm/axi4mm_axi_mm_master_rd/rresp_cnt_ff_reg[0][0]_CE_cooolgate_en_gate_7030_LOPT_REMAP
INFO: [Physopt 32-662] Processed net design_1_i/axi_interconnect_0/xbar/inst/gen_sasd.crossbar_sasd_0/m_atarget_enc[2].  Did not re-place instance design_1_i/axi_interconnect_0/xbar/inst/gen_sasd.crossbar_sasd_0/m_atarget_enc_reg[2]
INFO: [Physopt 32-663] Processed net design_1_i/xdma_0/inst/udma_wrapper/dma_top/axi4mm_bridge_top_inst/axi4mm_axi_mm_master_top_inst/axi4mm_axi_mm_master_wr_inst/FSM_sequential_wrlitesm_cs_reg[1]_0.  Re-placed instance design_1_i/xdma_0/inst/udma_wrapper/dma_top/axi4mm_bridge_top_inst/axi4mm_axi_mm_master_top_inst/axi4mm_axi_mm_master_wr_inst/m_axi_litex_awaddr_ff[11]_i_3
INFO: [Physopt 32-663] Processed net design_1_i/xdma_0/inst/udma_wrapper/dma_top/dma_enable.aximm.dma_aximm/axi4mm_axi_mm_master_rd/rresp_claim_any.  Re-placed instance design_1_i/xdma_0/inst/udma_wrapper/dma_top/dma_enable.aximm.dma_aximm/axi4mm_axi_mm_master_rd/rresp_claim_any_ff_i_2
INFO: [Physopt 32-662] Processed net design_1_i/xdma_0/inst/udma_wrapper/dma_top/dma_enable.aximm.dma_aximm/axi4mm_axi_mm_master_rd/rdcommitPtr_ff_reg_n_0_[1].  Did not re-place instance design_1_i/xdma_0/inst/udma_wrapper/dma_top/dma_enable.aximm.dma_aximm/axi4mm_axi_mm_master_rd/rdcommitPtr_ff_reg[1]
INFO: [Physopt 32-662] Processed net design_1_i/axi_interconnect_0/xbar/inst/gen_sasd.crossbar_sasd_0/gen_decerr.decerr_slave_inst/s_axi_bvalid[0]_INST_0_i_2_n_0.  Did not re-place instance design_1_i/axi_interconnect_0/xbar/inst/gen_sasd.crossbar_sasd_0/gen_decerr.decerr_slave_inst/s_axi_bvalid[0]_INST_0_i_2
INFO: [Physopt 32-662] Processed net design_1_i/axi_interconnect_0/xbar/inst/gen_sasd.crossbar_sasd_0/addr_arbiter_inst/s_axi_bvalid[0].  Did not re-place instance design_1_i/axi_interconnect_0/xbar/inst/gen_sasd.crossbar_sasd_0/addr_arbiter_inst/s_axi_bvalid[0]_INST_0
INFO: [Physopt 32-662] Processed net design_1_i/axi_interconnect_0/xbar/inst/gen_sasd.crossbar_sasd_0/gen_decerr.decerr_slave_inst/f_mux_return__3.  Did not re-place instance design_1_i/axi_interconnect_0/xbar/inst/gen_sasd.crossbar_sasd_0/gen_decerr.decerr_slave_inst/s_axi_bvalid[0]_INST_0_i_1
INFO: [Physopt 32-662] Processed net design_1_i/xdma_0/inst/udma_wrapper/dma_top/axi4mm_bridge_top_inst/axi4mm_axi_mm_master_top_inst/axi4mm_axi_mm_master_wr_inst/m_axi_litex_awaddr_ff[11]_i_5_n_0.  Did not re-place instance design_1_i/xdma_0/inst/udma_wrapper/dma_top/axi4mm_bridge_top_inst/axi4mm_axi_mm_master_top_inst/axi4mm_axi_mm_master_wr_inst/m_axi_litex_awaddr_ff[11]_i_5
INFO: [Physopt 32-663] Processed net design_1_i/xdma_0/inst/udma_wrapper/dma_top/dma_enable.aximm.dma_aximm/axi4mm_axi_mm_master_rd/rresp_claim_any_ff_i_4_n_0.  Re-placed instance design_1_i/xdma_0/inst/udma_wrapper/dma_top/dma_enable.aximm.dma_aximm/axi4mm_axi_mm_master_rd/rresp_claim_any_ff_i_4
INFO: [Physopt 32-663] Processed net design_1_i/xdma_0/inst/udma_wrapper/dma_top/dma_enable.aximm.dma_aximm/axi4mm_axi_mm_master_rd/rresp_claim_any_ff_i_5_n_0.  Re-placed instance design_1_i/xdma_0/inst/udma_wrapper/dma_top/dma_enable.aximm.dma_aximm/axi4mm_axi_mm_master_rd/rresp_claim_any_ff_i_5
INFO: [Physopt 32-663] Processed net design_1_i/xdma_0/inst/udma_wrapper/dma_top/dma_enable.aximm.dma_aximm/axi4mm_axi_mm_master_rd/rresp_cnt_ff[0][4]_i_2_n_0.  Re-placed instance design_1_i/xdma_0/inst/udma_wrapper/dma_top/dma_enable.aximm.dma_aximm/axi4mm_axi_mm_master_rd/rresp_cnt_ff[0][4]_i_2_LOPT_REMAP
INFO: [Physopt 32-662] Processed net design_1_i/xdma_0/inst/udma_wrapper/dma_top/dma_enable.aximm.dma_aximm/axi4mm_axi_mm_master_rd/rresp_cnt_ff_reg[0]_96[0].  Did not re-place instance design_1_i/xdma_0/inst/udma_wrapper/dma_top/dma_enable.aximm.dma_aximm/axi4mm_axi_mm_master_rd/rresp_cnt_ff_reg[0][0]
INFO: [Physopt 32-662] Processed net design_1_i/xdma_0/inst/udma_wrapper/dma_top/dma_enable.aximm.dma_aximm/axi4mm_axi_mm_master_rd/rresp_cnt_ff_reg[0]_96[1].  Did not re-place instance design_1_i/xdma_0/inst/udma_wrapper/dma_top/dma_enable.aximm.dma_aximm/axi4mm_axi_mm_master_rd/rresp_cnt_ff_reg[0][1]
INFO: [Physopt 32-662] Processed net design_1_i/xdma_0/inst/udma_wrapper/dma_top/axi4mm_bridge_top_inst/axi4mm_axi_mm_master_top_inst/axi4mm_axi_mm_master_wr_inst/m_axi_litex_awaddr_ff_reg[31]_0[7].  Did not re-place instance design_1_i/xdma_0/inst/udma_wrapper/dma_top/axi4mm_bridge_top_inst/axi4mm_axi_mm_master_top_inst/axi4mm_axi_mm_master_wr_inst/m_axi_litex_awaddr_ff_reg[7]
INFO: [Physopt 32-663] Processed net design_1_i/xdma_0/inst/udma_wrapper/dma_top/dma_enable.vul_dma/RD/gen_rdwr_loop[0].gen_rdwr_eng.RDWR_INST/reg_sts_rc_nn1_reg_0.  Re-placed instance design_1_i/xdma_0/inst/udma_wrapper/dma_top/dma_enable.vul_dma/RD/gen_rdwr_loop[0].gen_rdwr_eng.RDWR_INST/i___341_i_1
INFO: [Physopt 32-662] Processed net design_1_i/xdma_0/inst/udma_wrapper/dma_top/dma_enable.vul_dma/RD/gen_rdwr_loop[0].gen_rdwr_eng.RDWR_INST/ctl_rst.  Did not re-place instance design_1_i/xdma_0/inst/udma_wrapper/dma_top/dma_enable.vul_dma/RD/gen_rdwr_loop[0].gen_rdwr_eng.RDWR_INST/ctl_rst_reg
INFO: [Physopt 32-663] Processed net design_1_i/smartconnect_0/inst/m00_nodes/m00_w_node/inst/inst_si_handler/gen_si_handler.gen_axis_packet_slave_normal_area.inst_allow_transfer_late/gen_si_handler.gen_axis_packet_slave_normal_area.allow_transfer_late.  Re-placed instance design_1_i/smartconnect_0/inst/m00_nodes/m00_w_node/inst/inst_si_handler/gen_si_handler.gen_axis_packet_slave_normal_area.inst_allow_transfer_late/gen_pipe[1].pipe_reg[1][0]
INFO: [Physopt 32-663] Processed net design_1_i/smartconnect_0/inst/m00_nodes/m00_w_node/inst/inst_si_handler/gen_si_handler.gen_request_fifos.gen_req_fifo[0].inst_req_fifo/gen_xpm_memory_fifo.inst_fifo/s_sc_recv[0].  Re-placed instance design_1_i/smartconnect_0/inst/m00_nodes/m00_w_node/inst/inst_si_handler/gen_si_handler.gen_request_fifos.gen_req_fifo[0].inst_req_fifo/gen_xpm_memory_fifo.inst_fifo/s_sc_recv[0]_INST_0
INFO: [Physopt 32-663] Processed net design_1_i/xdma_0/inst/udma_wrapper/dma_top/dma_enable.vul_dma/RD/gen_rdwr_loop[0].gen_rdwr_eng.RDWR_INST/reg_sts_hlt_nn0.  Re-placed instance design_1_i/xdma_0/inst/udma_wrapper/dma_top/dma_enable.vul_dma/RD/gen_rdwr_loop[0].gen_rdwr_eng.RDWR_INST/i___9_i_1
INFO: [Physopt 32-663] Processed net design_1_i/xdma_0/inst/udma_wrapper/dma_top/dma_enable.vul_dma/RD/gen_rdwr_loop[1].gen_rdwr_eng.RDWR_INST/pclk_reg_wr_reg_23.  Re-placed instance design_1_i/xdma_0/inst/udma_wrapper/dma_top/dma_enable.vul_dma/RD/gen_rdwr_loop[1].gen_rdwr_eng.RDWR_INST/reg_sts_nn1[14]_i_2
INFO: [Physopt 32-662] Processed net design_1_i/xdma_0/inst/udma_wrapper/dma_top/dma_enable.vul_dma/RD/gen_rdwr_loop[1].gen_rdwr_eng.RDWR_INST/reg_sts_nn1_reg[15]_1.  Did not re-place instance design_1_i/xdma_0/inst/udma_wrapper/dma_top/dma_enable.vul_dma/RD/gen_rdwr_loop[1].gen_rdwr_eng.RDWR_INST/i___9_i_4
INFO: [Physopt 32-662] Processed net design_1_i/xdma_0/inst/udma_wrapper/dma_top/dma_enable.vul_dma/RD/gen_rdwr_loop[0].gen_rdwr_eng.RDWR_INST/reg_sts_hlt_nn1.  Did not re-place instance design_1_i/xdma_0/inst/udma_wrapper/dma_top/dma_enable.vul_dma/RD/gen_rdwr_loop[0].gen_rdwr_eng.RDWR_INST/reg_sts_hlt_nn1_reg
INFO: [Physopt 32-663] Processed net design_1_i/xdma_0/inst/udma_wrapper/dma_top/dma_pcie_req/dma_pcie_rc/tlp_stg3_hdr_tag[4].  Re-placed instance design_1_i/xdma_0/inst/udma_wrapper/dma_top/dma_pcie_req/dma_pcie_rc/tlp_stg3_hdr_tag_reg[4]
INFO: [Physopt 32-662] Processed net design_1_i/xdma_0/inst/udma_wrapper/dma_top/dma_enable.vul_dma/WR/gen_rdwr_loop[1].gen_rdwr_eng.RDWR_INST/i___394_i_5_n_0.  Did not re-place instance design_1_i/xdma_0/inst/udma_wrapper/dma_top/dma_enable.vul_dma/WR/gen_rdwr_loop[1].gen_rdwr_eng.RDWR_INST/i___394_i_5
INFO: [Physopt 32-662] Processed net design_1_i/xdma_0/inst/udma_wrapper/dma_top/dma_pcie_req/axidma_rrq_arb/Fifowhead.fifoInfo/rreq_head_info_ff_reg[1][fbe][3][0].  Did not re-place instance design_1_i/xdma_0/inst/udma_wrapper/dma_top/dma_pcie_req/axidma_rrq_arb/Fifowhead.fifoInfo/rreq_head_info_ff[0][fbe][1]_i_1
INFO: [Physopt 32-662] Processed net design_1_i/xdma_0/inst/udma_wrapper/dma_top/dma_pcie_req/dma_pcie_rq/rreq_head_info_ff_reg[0][fbe_n_0_][1].  Did not re-place instance design_1_i/xdma_0/inst/udma_wrapper/dma_top/dma_pcie_req/dma_pcie_rq/rreq_head_info_ff_reg[0][fbe][1]
INFO: [Physopt 32-662] Processed net design_1_i/xdma_0/inst/udma_wrapper/dma_top/dma_pcie_req/dma_pcie_rq/m_axis_rq_tvalid_d_ff.  Did not re-place instance design_1_i/xdma_0/inst/udma_wrapper/dma_top/dma_pcie_req/dma_pcie_rq/m_axis_rq_tvalid_d_ff_reg
INFO: [Physopt 32-663] Processed net design_1_i/xdma_0/inst/udma_wrapper/dma_top/dma_pcie_req/axidma_rrq_arb/Fifowhead.fifoInfo/Q[16].  Re-placed instance design_1_i/xdma_0/inst/udma_wrapper/dma_top/dma_pcie_req/axidma_rrq_arb/Fifowhead.fifoInfo/Head_reg[57]
INFO: [Physopt 32-662] Processed net design_1_i/xdma_0/inst/design_1_xdma_0_2_pcie2_to_pcie3_wrapper_i/design_1_xdma_0_2_axi_stream_intf_i/design_1_xdma_0_2_tgt_req_i/s_axis_cq_tdata_out[9].  Did not re-place instance design_1_i/xdma_0/inst/design_1_xdma_0_2_pcie2_to_pcie3_wrapper_i/design_1_xdma_0_2_axi_stream_intf_i/design_1_xdma_0_2_tgt_req_i/s_axis_cq_tdata_out[9]_INST_0
INFO: [Physopt 32-662] Processed net design_1_i/xdma_0/inst/design_1_xdma_0_2_pcie2_to_pcie3_wrapper_i/design_1_xdma_0_2_axi_stream_intf_i/design_1_xdma_0_2_tgt_req_i/s_axis_cq_tdata_out[9]_INST_0_i_1_n_0.  Did not re-place instance design_1_i/xdma_0/inst/design_1_xdma_0_2_pcie2_to_pcie3_wrapper_i/design_1_xdma_0_2_axi_stream_intf_i/design_1_xdma_0_2_tgt_req_i/s_axis_cq_tdata_out[9]_INST_0_i_1
INFO: [Physopt 32-663] Processed net design_1_i/xdma_0/inst/udma_wrapper/dma_top/axi4mm_bridge_top_inst/axi4mm_axi_mm_master_top_inst/axi4mm_axi_str_masterbridge_wrrd_inst/FSM_sequential_memreqsm_cs[0]_i_5_n_0.  Re-placed instance design_1_i/xdma_0/inst/udma_wrapper/dma_top/axi4mm_bridge_top_inst/axi4mm_axi_mm_master_top_inst/axi4mm_axi_str_masterbridge_wrrd_inst/FSM_sequential_memreqsm_cs[0]_i_5
INFO: [Physopt 32-662] Processed net design_1_i/xdma_0/inst/design_1_xdma_0_2_pcie2_to_pcie3_wrapper_i/design_1_xdma_0_2_axi_stream_intf_i/design_1_xdma_0_2_tgt_req_i/s_axis_cq_tdata_out[14].  Did not re-place instance design_1_i/xdma_0/inst/design_1_xdma_0_2_pcie2_to_pcie3_wrapper_i/design_1_xdma_0_2_axi_stream_intf_i/design_1_xdma_0_2_tgt_req_i/s_axis_cq_tdata_out[14]_INST_0
INFO: [Physopt 32-662] Processed net design_1_i/smartconnect_0/inst/s00_entry_pipeline/s00_si_converter/inst/converter.wrap_narrow_inst/gen_thread_loop[0].r_payld_fifo/read_offset_reg_n_0_[1].  Did not re-place instance design_1_i/smartconnect_0/inst/s00_entry_pipeline/s00_si_converter/inst/converter.wrap_narrow_inst/gen_thread_loop[0].r_payld_fifo/read_offset_reg[1]
INFO: [Physopt 32-662] Processed net design_1_i/smartconnect_0/inst/s00_entry_pipeline/s00_si_converter/inst/converter.wrap_narrow_inst/gen_thread_loop[0].r_payld_fifo/gen_srls[38].srl_nx1/read_offset_reg[1].  Did not re-place instance design_1_i/smartconnect_0/inst/s00_entry_pipeline/s00_si_converter/inst/converter.wrap_narrow_inst/gen_thread_loop[0].r_payld_fifo/gen_srls[38].srl_nx1/shift_reg_reg[0]_srl32_i_7__0
INFO: [Physopt 32-662] Processed net design_1_i/xdma_0/inst/design_1_xdma_0_2_pcie2_to_pcie3_wrapper_i/design_1_xdma_0_2_axi_stream_intf_i/design_1_xdma_0_2_tgt_req_i/s_axis_cq_tdata_out[14]_INST_0_i_1_n_0.  Did not re-place instance design_1_i/xdma_0/inst/design_1_xdma_0_2_pcie2_to_pcie3_wrapper_i/design_1_xdma_0_2_axi_stream_intf_i/design_1_xdma_0_2_tgt_req_i/s_axis_cq_tdata_out[14]_INST_0_i_1
INFO: [Physopt 32-663] Processed net design_1_i/xdma_0/inst/udma_wrapper/dma_top/dma_pcie_req/dma_pcie_rc/tag_did_conti_en_even[23]_i_4_n_0.  Re-placed instance design_1_i/xdma_0/inst/udma_wrapper/dma_top/dma_pcie_req/dma_pcie_rc/tag_did_conti_en_even[23]_i_4
INFO: [Physopt 32-663] Processed net design_1_i/xdma_0/inst/udma_wrapper/dma_top/dma_pcie_req/dma_pcie_rc/tag_did_conti_val_reg_0_63_0_0_i_23_n_0.  Re-placed instance design_1_i/xdma_0/inst/udma_wrapper/dma_top/dma_pcie_req/dma_pcie_rc/tag_did_conti_val_reg_0_63_0_0_i_23
INFO: [Physopt 32-662] Processed net design_1_i/xdma_0/inst/udma_wrapper/dma_top/dma_enable.vul_dma/WR/gen_rdwr_loop[1].gen_rdwr_eng.RDWR_INST/wrq_pkt_tot_302_reg[1].  Did not re-place instance design_1_i/xdma_0/inst/udma_wrapper/dma_top/dma_enable.vul_dma/WR/gen_rdwr_loop[1].gen_rdwr_eng.RDWR_INST/wrq_pkt_tot_302_reg[1]
INFO: [Physopt 32-662] Processed net design_1_i/xdma_0/inst/udma_wrapper/dma_top/dma_enable.vul_dma/WR/gen_rdwr_loop[1].gen_rdwr_eng.RDWR_INST/i___415_i_4_n_0.  Did not re-place instance design_1_i/xdma_0/inst/udma_wrapper/dma_top/dma_enable.vul_dma/WR/gen_rdwr_loop[1].gen_rdwr_eng.RDWR_INST/i___415_i_4
INFO: [Physopt 32-662] Processed net design_1_i/xdma_0/inst/udma_wrapper/dma_top/dma_enable.vul_dma/WR/i___377_n_0.  Did not re-place instance design_1_i/xdma_0/inst/udma_wrapper/dma_top/dma_enable.vul_dma/WR/i___377
INFO: [Physopt 32-663] Processed net design_1_i/xdma_0/inst/udma_wrapper/dma_top/dma_pcie_req/axidma_rrq_arb/Fifowhead.fifoInfo/Head_reg[18]_1[1].  Re-placed instance design_1_i/xdma_0/inst/udma_wrapper/dma_top/dma_pcie_req/axidma_rrq_arb/Fifowhead.fifoInfo/rreq_head_info_ff[1][fbe][1]_i_1
INFO: [Physopt 32-662] Processed net design_1_i/xdma_0/inst/udma_wrapper/dma_top/dma_pcie_req/dma_pcie_rq/rreq_head_info_ff_reg[1][fbe][3]_0[0].  Did not re-place instance design_1_i/xdma_0/inst/udma_wrapper/dma_top/dma_pcie_req/dma_pcie_rq/rreq_head_info_ff_reg[1][fbe][1]
INFO: [Physopt 32-662] Processed net design_1_i/xdma_0/inst/udma_wrapper/dma_top/dma_enable.vul_dma/RD/gen_rdwr_loop[1].gen_rdwr_eng.RDWR_INST/reg_sts_nn1_reg[15]_2.  Did not re-place instance design_1_i/xdma_0/inst/udma_wrapper/dma_top/dma_enable.vul_dma/RD/gen_rdwr_loop[1].gen_rdwr_eng.RDWR_INST/reg_sts_nn1[15]_i_2
INFO: [Physopt 32-662] Processed net design_1_i/xdma_0/inst/udma_wrapper/dma_top/dma_pcie_req/dma_pcie_rq/RQ_FIFO/rdIssued_0.  Did not re-place instance design_1_i/xdma_0/inst/udma_wrapper/dma_top/dma_pcie_req/dma_pcie_rq/RQ_FIFO/rdIssued_ff[0]_i_1
INFO: [Physopt 32-662] Processed net design_1_i/xdma_0/inst/udma_wrapper/dma_top/axi4mm_bridge_top_inst/axi4mm_axi_mm_master_top_inst/axi4mm_axi_mm_master_wr_inst/m_axi_litex_awaddr_ff_reg[31]_0[10].  Did not re-place instance design_1_i/xdma_0/inst/udma_wrapper/dma_top/axi4mm_bridge_top_inst/axi4mm_axi_mm_master_top_inst/axi4mm_axi_mm_master_wr_inst/m_axi_litex_awaddr_ff_reg[10]
INFO: [Physopt 32-662] Processed net design_1_i/xdma_0/inst/udma_wrapper/dma_top/axi4mm_bridge_top_inst/axi4mm_axi_mm_master_top_inst/axi4mm_axi_mm_master_wr_inst/m_axi_litex_awaddr_ff_reg[31]_0[11].  Did not re-place instance design_1_i/xdma_0/inst/udma_wrapper/dma_top/axi4mm_bridge_top_inst/axi4mm_axi_mm_master_top_inst/axi4mm_axi_mm_master_wr_inst/m_axi_litex_awaddr_ff_reg[11]
INFO: [Physopt 32-663] Processed net design_1_i/xdma_0/inst/udma_wrapper/dma_top/dma_pcie_req/dma_pcie_rq/RQ_FIFO/rreq_head_info_ff_reg[0][tag][0]_1.  Re-placed instance design_1_i/xdma_0/inst/udma_wrapper/dma_top/dma_pcie_req/dma_pcie_rq/RQ_FIFO/tlp_rrq_tag_ff[0][5]_i_1
INFO: [Physopt 32-662] Processed net design_1_i/xdma_0/inst/udma_wrapper/dma_top/dma_pcie_req/dma_pcie_rq/I151[10].  Did not re-place instance design_1_i/xdma_0/inst/udma_wrapper/dma_top/dma_pcie_req/dma_pcie_rq/tlp_rrq_did_ff_reg[0][2]
INFO: [Physopt 32-662] Processed net design_1_i/xdma_0/inst/udma_wrapper/dma_top/dma_pcie_req/dma_pcie_rq/I151[11].  Did not re-place instance design_1_i/xdma_0/inst/udma_wrapper/dma_top/dma_pcie_req/dma_pcie_rq/tlp_rrq_did_ff_reg[0][3]
INFO: [Physopt 32-662] Processed net design_1_i/xdma_0/inst/udma_wrapper/dma_top/dma_pcie_req/dma_pcie_rq/I151[12].  Did not re-place instance design_1_i/xdma_0/inst/udma_wrapper/dma_top/dma_pcie_req/dma_pcie_rq/tlp_rrq_did_ff_reg[0][4]
INFO: [Physopt 32-662] Processed net design_1_i/xdma_0/inst/udma_wrapper/dma_top/dma_pcie_req/dma_pcie_rq/I151[14].  Did not re-place instance design_1_i/xdma_0/inst/udma_wrapper/dma_top/dma_pcie_req/dma_pcie_rq/tlp_rrq_did_ff_reg[0][6]
INFO: [Physopt 32-662] Processed net design_1_i/xdma_0/inst/udma_wrapper/dma_top/dma_pcie_req/dma_pcie_rq/I151[15].  Did not re-place instance design_1_i/xdma_0/inst/udma_wrapper/dma_top/dma_pcie_req/dma_pcie_rq/tlp_rrq_did_ff_reg[0][7]
INFO: [Physopt 32-662] Processed net design_1_i/xdma_0/inst/udma_wrapper/dma_top/dma_pcie_req/dma_pcie_rq/I151[16].  Did not re-place instance design_1_i/xdma_0/inst/udma_wrapper/dma_top/dma_pcie_req/dma_pcie_rq/tlp_rrq_did_ff_reg[0][8]
INFO: [Physopt 32-662] Processed net design_1_i/smartconnect_0/inst/s00_entry_pipeline/s00_si_converter/inst/converter.wrap_narrow_inst/gen_thread_loop[0].r_payld_fifo/fifoaddr_reg_n_0_[0].  Did not re-place instance design_1_i/smartconnect_0/inst/s00_entry_pipeline/s00_si_converter/inst/converter.wrap_narrow_inst/gen_thread_loop[0].r_payld_fifo/fifoaddr_reg[0]
INFO: [Physopt 32-663] Processed net design_1_i/axi_interconnect_0/xbar/inst/gen_sasd.crossbar_sasd_0/f_mux_return3.  Re-placed instance design_1_i/axi_interconnect_0/xbar/inst/gen_sasd.crossbar_sasd_0/s_axi_wready[0]_INST_0_i_3
INFO: [Physopt 32-662] Processed net design_1_i/xdma_0/inst/udma_wrapper/dma_top/dma_enable.vul_dma/WR/i___380_n_0.  Did not re-place instance design_1_i/xdma_0/inst/udma_wrapper/dma_top/dma_enable.vul_dma/WR/i___380
INFO: [Physopt 32-662] Processed net design_1_i/smartconnect_0/inst/s00_entry_pipeline/s00_si_converter/inst/converter.wrap_narrow_inst/gen_thread_loop[0].r_payld_fifo/read_offset_reg_n_0_[0].  Did not re-place instance design_1_i/smartconnect_0/inst/s00_entry_pipeline/s00_si_converter/inst/converter.wrap_narrow_inst/gen_thread_loop[0].r_payld_fifo/read_offset_reg[0]
INFO: [Physopt 32-662] Processed net design_1_i/xdma_0/inst/udma_wrapper/dma_top/dma_pcie_req/dma_pcie_rq/rreq_head_info_ff[1][rcb][4]_i_1_n_0.  Did not re-place instance design_1_i/xdma_0/inst/udma_wrapper/dma_top/dma_pcie_req/dma_pcie_rq/rreq_head_info_ff[1][rcb][4]_i_1
INFO: [Physopt 32-662] Processed net design_1_i/xdma_0/inst/udma_wrapper/dma_top/dma_pcie_req/dma_pcie_rq/RQ_FIFO/rreq_head_info_nxt[0][rcb][4].  Did not re-place instance design_1_i/xdma_0/inst/udma_wrapper/dma_top/dma_pcie_req/dma_pcie_rq/RQ_FIFO/rreq_head_info_ff[0][rcb][4]_i_1
INFO: [Physopt 32-662] Processed net design_1_i/axi_interconnect_0/xbar/inst/gen_sasd.crossbar_sasd_0/gen_decerr.decerr_slave_inst/mi_bvalid[0].  Did not re-place instance design_1_i/axi_interconnect_0/xbar/inst/gen_sasd.crossbar_sasd_0/gen_decerr.decerr_slave_inst/gen_axilite.s_axi_bvalid_i_reg
INFO: [Physopt 32-662] Processed net design_1_i/axi_gpio_0/U0/AXI_LITE_IPIF_I/I_SLAVE_ATTACHMENT/s_axi_bvalid_i_reg_0.  Did not re-place instance design_1_i/axi_gpio_0/U0/AXI_LITE_IPIF_I/I_SLAVE_ATTACHMENT/s_axi_bvalid_i_reg
INFO: [Physopt 32-663] Processed net design_1_i/axi_interconnect_0/xbar/inst/gen_sasd.crossbar_sasd_0/splitter_aw/s_axi_bvalid_i_reg.  Re-placed instance design_1_i/axi_interconnect_0/xbar/inst/gen_sasd.crossbar_sasd_0/splitter_aw/s_axi_bvalid[0]_INST_0_i_3
INFO: [Physopt 32-662] Processed net design_1_i/xdma_0/inst/udma_wrapper/dma_top/dma_enable.vul_dma/dsc_eng.DSC/ch_arb_win_nn1[2]_i_1_n_0.  Did not re-place instance design_1_i/xdma_0/inst/udma_wrapper/dma_top/dma_enable.vul_dma/dsc_eng.DSC/ch_arb_win_nn1[2]_i_1
INFO: [Physopt 32-661] Optimized 84 nets.  Re-placed 84 instances.
INFO: [Physopt 32-775] End 1 Pass. Optimized 84 nets or cells. Created 0 new cell, deleted 0 existing cell and moved 84 existing cells
INFO: [Physopt 32-619] Estimated Timing Summary | WNS=0.055 | TNS=0.000 |
Netlist sorting complete. Time (s): cpu = 00:00:00.03 ; elapsed = 00:00:00.01 . Memory (MB): peak = 4933.633 ; gain = 0.000 ; free physical = 16111 ; free virtual = 30292
Phase 4 Single Cell Placement Optimization | Checksum: 189d39b69

Time (s): cpu = 00:00:45 ; elapsed = 00:00:09 . Memory (MB): peak = 4933.633 ; gain = 0.000 ; free physical = 16112 ; free virtual = 30293

Phase 5 Multi Cell Placement Optimization
INFO: [Physopt 32-670] No setup violation found.  Multi Cell Placement Optimization was not performed.
Phase 5 Multi Cell Placement Optimization | Checksum: 189d39b69

Time (s): cpu = 00:00:45 ; elapsed = 00:00:09 . Memory (MB): peak = 4933.633 ; gain = 0.000 ; free physical = 16112 ; free virtual = 30293

Phase 6 Rewire
INFO: [Physopt 32-670] No setup violation found.  Rewire was not performed.
Phase 6 Rewire | Checksum: 189d39b69

Time (s): cpu = 00:00:45 ; elapsed = 00:00:09 . Memory (MB): peak = 4933.633 ; gain = 0.000 ; free physical = 16112 ; free virtual = 30293

Phase 7 Critical Cell Optimization
INFO: [Physopt 32-670] No setup violation found.  Critical Cell Optimization was not performed.
Phase 7 Critical Cell Optimization | Checksum: 189d39b69

Time (s): cpu = 00:00:45 ; elapsed = 00:00:09 . Memory (MB): peak = 4933.633 ; gain = 0.000 ; free physical = 16112 ; free virtual = 30293

Phase 8 Fanout Optimization
INFO: [Physopt 32-670] No setup violation found.  Fanout Optimization was not performed.
Netlist sorting complete. Time (s): cpu = 00:00:00.01 ; elapsed = 00:00:00 . Memory (MB): peak = 4933.633 ; gain = 0.000 ; free physical = 16112 ; free virtual = 30293
Phase 8 Fanout Optimization | Checksum: 189d39b69

Time (s): cpu = 00:00:45 ; elapsed = 00:00:09 . Memory (MB): peak = 4933.633 ; gain = 0.000 ; free physical = 16112 ; free virtual = 30293

Phase 9 Single Cell Placement Optimization
INFO: [Physopt 32-670] No setup violation found.  Single Cell Placement Optimization was not performed.
Netlist sorting complete. Time (s): cpu = 00:00:00 ; elapsed = 00:00:00.01 . Memory (MB): peak = 4933.633 ; gain = 0.000 ; free physical = 16112 ; free virtual = 30293
Phase 9 Single Cell Placement Optimization | Checksum: 189d39b69

Time (s): cpu = 00:00:45 ; elapsed = 00:00:09 . Memory (MB): peak = 4933.633 ; gain = 0.000 ; free physical = 16112 ; free virtual = 30293

Phase 10 Multi Cell Placement Optimization
INFO: [Physopt 32-670] No setup violation found.  Multi Cell Placement Optimization was not performed.
Phase 10 Multi Cell Placement Optimization | Checksum: 189d39b69

Time (s): cpu = 00:00:45 ; elapsed = 00:00:09 . Memory (MB): peak = 4933.633 ; gain = 0.000 ; free physical = 16112 ; free virtual = 30293

Phase 11 Rewire
INFO: [Physopt 32-670] No setup violation found.  Rewire was not performed.
Phase 11 Rewire | Checksum: 189d39b69

Time (s): cpu = 00:00:45 ; elapsed = 00:00:09 . Memory (MB): peak = 4933.633 ; gain = 0.000 ; free physical = 16112 ; free virtual = 30293

Phase 12 Critical Cell Optimization
INFO: [Physopt 32-670] No setup violation found.  Critical Cell Optimization was not performed.
Phase 12 Critical Cell Optimization | Checksum: 189d39b69

Time (s): cpu = 00:00:45 ; elapsed = 00:00:09 . Memory (MB): peak = 4933.633 ; gain = 0.000 ; free physical = 16112 ; free virtual = 30293

Phase 13 SLR Crossing Optimization
Phase 13 SLR Crossing Optimization | Checksum: 189d39b69

Time (s): cpu = 00:00:45 ; elapsed = 00:00:10 . Memory (MB): peak = 4933.633 ; gain = 0.000 ; free physical = 16112 ; free virtual = 30293

Phase 14 Fanout Optimization
INFO: [Physopt 32-670] No setup violation found.  Fanout Optimization was not performed.
Netlist sorting complete. Time (s): cpu = 00:00:00 ; elapsed = 00:00:00.01 . Memory (MB): peak = 4933.633 ; gain = 0.000 ; free physical = 16112 ; free virtual = 30293
Phase 14 Fanout Optimization | Checksum: 189d39b69

Time (s): cpu = 00:00:45 ; elapsed = 00:00:10 . Memory (MB): peak = 4933.633 ; gain = 0.000 ; free physical = 16112 ; free virtual = 30293

Phase 15 Single Cell Placement Optimization
INFO: [Physopt 32-670] No setup violation found.  Single Cell Placement Optimization was not performed.
Netlist sorting complete. Time (s): cpu = 00:00:00.01 ; elapsed = 00:00:00 . Memory (MB): peak = 4933.633 ; gain = 0.000 ; free physical = 16112 ; free virtual = 30293
Phase 15 Single Cell Placement Optimization | Checksum: 189d39b69

Time (s): cpu = 00:00:45 ; elapsed = 00:00:10 . Memory (MB): peak = 4933.633 ; gain = 0.000 ; free physical = 16112 ; free virtual = 30293

Phase 16 Multi Cell Placement Optimization
INFO: [Physopt 32-670] No setup violation found.  Multi Cell Placement Optimization was not performed.
Phase 16 Multi Cell Placement Optimization | Checksum: 189d39b69

Time (s): cpu = 00:00:45 ; elapsed = 00:00:10 . Memory (MB): peak = 4933.633 ; gain = 0.000 ; free physical = 16112 ; free virtual = 30293

Phase 17 Rewire
INFO: [Physopt 32-670] No setup violation found.  Rewire was not performed.
Phase 17 Rewire | Checksum: 189d39b69

Time (s): cpu = 00:00:45 ; elapsed = 00:00:10 . Memory (MB): peak = 4933.633 ; gain = 0.000 ; free physical = 16112 ; free virtual = 30293

Phase 18 Critical Cell Optimization
INFO: [Physopt 32-670] No setup violation found.  Critical Cell Optimization was not performed.
Phase 18 Critical Cell Optimization | Checksum: 189d39b69

Time (s): cpu = 00:00:45 ; elapsed = 00:00:10 . Memory (MB): peak = 4933.633 ; gain = 0.000 ; free physical = 16112 ; free virtual = 30293

Phase 19 DSP Register Optimization
INFO: [Physopt 32-670] No setup violation found.  DSP Register Optimization was not performed.
Phase 19 DSP Register Optimization | Checksum: 189d39b69

Time (s): cpu = 00:00:45 ; elapsed = 00:00:10 . Memory (MB): peak = 4933.633 ; gain = 0.000 ; free physical = 16112 ; free virtual = 30293

Phase 20 BRAM Register Optimization
INFO: [Physopt 32-670] No setup violation found.  BRAM Register Optimization was not performed.
Phase 20 BRAM Register Optimization | Checksum: 189d39b69

Time (s): cpu = 00:00:45 ; elapsed = 00:00:10 . Memory (MB): peak = 4933.633 ; gain = 0.000 ; free physical = 16112 ; free virtual = 30293

Phase 21 URAM Register Optimization
INFO: [Physopt 32-670] No setup violation found.  URAM Register Optimization was not performed.
Phase 21 URAM Register Optimization | Checksum: 189d39b69

Time (s): cpu = 00:00:45 ; elapsed = 00:00:10 . Memory (MB): peak = 4933.633 ; gain = 0.000 ; free physical = 16112 ; free virtual = 30293

Phase 22 Shift Register Optimization
INFO: [Physopt 32-670] No setup violation found.  Shift Register Optimization was not performed.
Phase 22 Shift Register Optimization | Checksum: 189d39b69

Time (s): cpu = 00:00:45 ; elapsed = 00:00:10 . Memory (MB): peak = 4933.633 ; gain = 0.000 ; free physical = 16112 ; free virtual = 30293

Phase 23 DSP Register Optimization
INFO: [Physopt 32-670] No setup violation found.  DSP Register Optimization was not performed.
Phase 23 DSP Register Optimization | Checksum: 189d39b69

Time (s): cpu = 00:00:45 ; elapsed = 00:00:10 . Memory (MB): peak = 4933.633 ; gain = 0.000 ; free physical = 16112 ; free virtual = 30293

Phase 24 BRAM Register Optimization
INFO: [Physopt 32-670] No setup violation found.  BRAM Register Optimization was not performed.
Phase 24 BRAM Register Optimization | Checksum: 189d39b69

Time (s): cpu = 00:00:45 ; elapsed = 00:00:10 . Memory (MB): peak = 4933.633 ; gain = 0.000 ; free physical = 16112 ; free virtual = 30293

Phase 25 URAM Register Optimization
INFO: [Physopt 32-670] No setup violation found.  URAM Register Optimization was not performed.
Phase 25 URAM Register Optimization | Checksum: 189d39b69

Time (s): cpu = 00:00:45 ; elapsed = 00:00:10 . Memory (MB): peak = 4933.633 ; gain = 0.000 ; free physical = 16112 ; free virtual = 30293

Phase 26 Shift Register Optimization
INFO: [Physopt 32-670] No setup violation found.  Shift Register Optimization was not performed.
Phase 26 Shift Register Optimization | Checksum: 189d39b69

Time (s): cpu = 00:00:45 ; elapsed = 00:00:10 . Memory (MB): peak = 4933.633 ; gain = 0.000 ; free physical = 16112 ; free virtual = 30293

Phase 27 Critical Pin Optimization
INFO: [Physopt 32-670] No setup violation found.  Critical Pin Optimization was not performed.
Phase 27 Critical Pin Optimization | Checksum: 189d39b69

Time (s): cpu = 00:00:45 ; elapsed = 00:00:10 . Memory (MB): peak = 4933.633 ; gain = 0.000 ; free physical = 16112 ; free virtual = 30293

Phase 28 Very High Fanout Optimization
INFO: [Physopt 32-1022] Very high fanout net 'design_1_i/mig_7series_0/u_design_1_mig_7series_0_3_mig/c0_u_memc_ui_top_axi/mem_intfc0/mc0/col_mach0/read_fifo.rd_data_en_reg_0' has -through timing constraint at pin '' or its immediate connected net. To preserve -through timing constraint its fanout number considered in optimization is changed from 703 to 95 and it is not considered a very high fanout net anymore. Please consider modifying/removing the '-through' timing constraint on the net segment or hierarchy pin.
INFO: [Physopt 32-1022] Very high fanout net 'design_1_i/mig_7series_0/u_design_1_mig_7series_0_3_mig/c0_u_memc_ui_top_axi/mem_intfc0/mc0/col_mach0/ADDRD[1]' has -through timing constraint at pin '' or its immediate connected net. To preserve -through timing constraint its fanout number considered in optimization is changed from 1391 to 181 and it is not considered a very high fanout net anymore. Please consider modifying/removing the '-through' timing constraint on the net segment or hierarchy pin.
INFO: [Physopt 32-1022] Very high fanout net 'design_1_i/mig_7series_0/u_design_1_mig_7series_0_3_mig/c0_u_memc_ui_top_axi/mem_intfc0/mc0/col_mach0/ADDRD[2]' has -through timing constraint at pin '' or its immediate connected net. To preserve -through timing constraint its fanout number considered in optimization is changed from 1391 to 181 and it is not considered a very high fanout net anymore. Please consider modifying/removing the '-through' timing constraint on the net segment or hierarchy pin.
INFO: [Physopt 32-1022] Very high fanout net 'design_1_i/mig_7series_0/u_design_1_mig_7series_0_3_mig/c0_u_memc_ui_top_axi/mem_intfc0/mc0/col_mach0/ADDRD[3]' has -through timing constraint at pin '' or its immediate connected net. To preserve -through timing constraint its fanout number considered in optimization is changed from 1391 to 181 and it is not considered a very high fanout net anymore. Please consider modifying/removing the '-through' timing constraint on the net segment or hierarchy pin.
INFO: [Physopt 32-1022] Very high fanout net 'design_1_i/mig_7series_0/u_design_1_mig_7series_0_3_mig/c0_u_memc_ui_top_axi/mem_intfc0/mc0/col_mach0/ADDRD[4]' has -through timing constraint at pin '' or its immediate connected net. To preserve -through timing constraint its fanout number considered in optimization is changed from 1394 to 184 and it is not considered a very high fanout net anymore. Please consider modifying/removing the '-through' timing constraint on the net segment or hierarchy pin.
INFO: [Physopt 32-1022] Very high fanout net 'design_1_i/mig_7series_0/u_design_1_mig_7series_0_3_mig/c0_u_memc_ui_top_axi/mem_intfc0/mc0/col_mach0/read_fifo.rd_data_addr_reg[4]_0[0]' has -through timing constraint at pin '' or its immediate connected net. To preserve -through timing constraint its fanout number considered in optimization is changed from 706 to 98 and it is not considered a very high fanout net anymore. Please consider modifying/removing the '-through' timing constraint on the net segment or hierarchy pin.
INFO: [Physopt 32-1022] Very high fanout net 'design_1_i/mig_7series_0/u_design_1_mig_7series_0_3_mig/c0_u_memc_ui_top_axi/mem_intfc0/mc0/col_mach0/ADDRD[0]' has -through timing constraint at pin '' or its immediate connected net. To preserve -through timing constraint its fanout number considered in optimization is changed from 691 to 90 and it is not considered a very high fanout net anymore. Please consider modifying/removing the '-through' timing constraint on the net segment or hierarchy pin.
INFO: [Physopt 32-1022] Very high fanout net 'design_1_i/mig_7series_0/u_design_1_mig_7series_0_3_mig/c0_u_memc_ui_top_axi/mem_intfc0/mc0/col_mach0/wr_ecc_buf' has -through timing constraint at pin '' or its immediate connected net. To preserve -through timing constraint its fanout number considered in optimization is changed from 688 to 87 and it is not considered a very high fanout net anymore. Please consider modifying/removing the '-through' timing constraint on the net segment or hierarchy pin.
INFO: [Physopt 32-1022] Very high fanout net 'design_1_i/mig_7series_0/u_design_1_mig_7series_0_3_mig/c0_u_memc_ui_top_axi/u_ui_top/ui_wr_data0/wdf_rdy_ns' has -through timing constraint at pin '' or its immediate connected net. To preserve -through timing constraint its fanout number considered in optimization is changed from 773 to 102 and it is not considered a very high fanout net anymore. Please consider modifying/removing the '-through' timing constraint on the net segment or hierarchy pin.
INFO: [Physopt 32-1022] Very high fanout net 'design_1_i/mig_7series_0/u_design_1_mig_7series_0_3_mig/c0_u_memc_ui_top_axi/u_ui_top/ui_wr_data0/write_buffer.wr_buffer_ram[0].RAM32M0_i_10_n_0' has -through timing constraint at pin '' or its immediate connected net. To preserve -through timing constraint its fanout number considered in optimization is changed from 768 to 97 and it is not considered a very high fanout net anymore. Please consider modifying/removing the '-through' timing constraint on the net segment or hierarchy pin.
INFO: [Physopt 32-1022] Very high fanout net 'design_1_i/mig_7series_0/u_design_1_mig_7series_0_3_mig/c0_u_memc_ui_top_axi/u_ui_top/ui_wr_data0/write_buffer.wr_buffer_ram[0].RAM32M0_i_11_n_0' has -through timing constraint at pin '' or its immediate connected net. To preserve -through timing constraint its fanout number considered in optimization is changed from 768 to 97 and it is not considered a very high fanout net anymore. Please consider modifying/removing the '-through' timing constraint on the net segment or hierarchy pin.
INFO: [Physopt 32-1022] Very high fanout net 'design_1_i/mig_7series_0/u_design_1_mig_7series_0_3_mig/c0_u_memc_ui_top_axi/u_ui_top/ui_wr_data0/write_buffer.wr_buffer_ram[0].RAM32M0_i_12_n_0' has -through timing constraint at pin '' or its immediate connected net. To preserve -through timing constraint its fanout number considered in optimization is changed from 768 to 97 and it is not considered a very high fanout net anymore. Please consider modifying/removing the '-through' timing constraint on the net segment or hierarchy pin.
INFO: [Physopt 32-1022] Very high fanout net 'design_1_i/mig_7series_0/u_design_1_mig_7series_0_3_mig/c0_u_memc_ui_top_axi/u_ui_top/ui_wr_data0/write_buffer.wr_buffer_ram[0].RAM32M0_i_8_n_0' has -through timing constraint at pin '' or its immediate connected net. To preserve -through timing constraint its fanout number considered in optimization is changed from 768 to 97 and it is not considered a very high fanout net anymore. Please consider modifying/removing the '-through' timing constraint on the net segment or hierarchy pin.
INFO: [Physopt 32-1022] Very high fanout net 'design_1_i/mig_7series_0/u_design_1_mig_7series_0_3_mig/c0_u_memc_ui_top_axi/u_ui_top/ui_wr_data0/write_buffer.wr_buffer_ram[0].RAM32M0_i_9_n_0' has -through timing constraint at pin '' or its immediate connected net. To preserve -through timing constraint its fanout number considered in optimization is changed from 768 to 97 and it is not considered a very high fanout net anymore. Please consider modifying/removing the '-through' timing constraint on the net segment or hierarchy pin.
INFO: [Physopt 32-1022] Very high fanout net 'design_1_i/mig_7series_0/u_design_1_mig_7series_0_3_mig/c1_u_memc_ui_top_axi/mem_intfc0/mc0/col_mach0/read_fifo.rd_data_en_reg_0' has -through timing constraint at pin '' or its immediate connected net. To preserve -through timing constraint its fanout number considered in optimization is changed from 703 to 95 and it is not considered a very high fanout net anymore. Please consider modifying/removing the '-through' timing constraint on the net segment or hierarchy pin.
INFO: [Physopt 32-1022] Very high fanout net 'design_1_i/mig_7series_0/u_design_1_mig_7series_0_3_mig/c1_u_memc_ui_top_axi/mem_intfc0/mc0/col_mach0/ADDRD[1]' has -through timing constraint at pin '' or its immediate connected net. To preserve -through timing constraint its fanout number considered in optimization is changed from 1391 to 181 and it is not considered a very high fanout net anymore. Please consider modifying/removing the '-through' timing constraint on the net segment or hierarchy pin.
INFO: [Physopt 32-1022] Very high fanout net 'design_1_i/mig_7series_0/u_design_1_mig_7series_0_3_mig/c1_u_memc_ui_top_axi/mem_intfc0/mc0/col_mach0/ADDRD[2]' has -through timing constraint at pin '' or its immediate connected net. To preserve -through timing constraint its fanout number considered in optimization is changed from 1391 to 181 and it is not considered a very high fanout net anymore. Please consider modifying/removing the '-through' timing constraint on the net segment or hierarchy pin.
INFO: [Physopt 32-1022] Very high fanout net 'design_1_i/mig_7series_0/u_design_1_mig_7series_0_3_mig/c1_u_memc_ui_top_axi/mem_intfc0/mc0/col_mach0/ADDRD[3]' has -through timing constraint at pin '' or its immediate connected net. To preserve -through timing constraint its fanout number considered in optimization is changed from 1391 to 181 and it is not considered a very high fanout net anymore. Please consider modifying/removing the '-through' timing constraint on the net segment or hierarchy pin.
INFO: [Physopt 32-1022] Very high fanout net 'design_1_i/mig_7series_0/u_design_1_mig_7series_0_3_mig/c1_u_memc_ui_top_axi/mem_intfc0/mc0/col_mach0/ADDRD[4]' has -through timing constraint at pin '' or its immediate connected net. To preserve -through timing constraint its fanout number considered in optimization is changed from 1394 to 184 and it is not considered a very high fanout net anymore. Please consider modifying/removing the '-through' timing constraint on the net segment or hierarchy pin.
INFO: [Physopt 32-1022] Very high fanout net 'design_1_i/mig_7series_0/u_design_1_mig_7series_0_3_mig/c1_u_memc_ui_top_axi/mem_intfc0/mc0/col_mach0/read_fifo.rd_data_addr_reg[4]_0[0]' has -through timing constraint at pin '' or its immediate connected net. To preserve -through timing constraint its fanout number considered in optimization is changed from 706 to 98 and it is not considered a very high fanout net anymore. Please consider modifying/removing the '-through' timing constraint on the net segment or hierarchy pin.
INFO: [Physopt 32-1022] Very high fanout net 'design_1_i/mig_7series_0/u_design_1_mig_7series_0_3_mig/c1_u_memc_ui_top_axi/mem_intfc0/mc0/col_mach0/ADDRD[0]' has -through timing constraint at pin '' or its immediate connected net. To preserve -through timing constraint its fanout number considered in optimization is changed from 691 to 90 and it is not considered a very high fanout net anymore. Please consider modifying/removing the '-through' timing constraint on the net segment or hierarchy pin.
INFO: [Physopt 32-1022] Very high fanout net 'design_1_i/mig_7series_0/u_design_1_mig_7series_0_3_mig/c1_u_memc_ui_top_axi/mem_intfc0/mc0/col_mach0/wr_ecc_buf' has -through timing constraint at pin '' or its immediate connected net. To preserve -through timing constraint its fanout number considered in optimization is changed from 688 to 87 and it is not considered a very high fanout net anymore. Please consider modifying/removing the '-through' timing constraint on the net segment or hierarchy pin.
INFO: [Physopt 32-1022] Very high fanout net 'design_1_i/mig_7series_0/u_design_1_mig_7series_0_3_mig/c1_u_memc_ui_top_axi/u_ui_top/ui_wr_data0/write_buffer.wr_buffer_ram[0].RAM32M0_i_10__0_n_0' has -through timing constraint at pin '' or its immediate connected net. To preserve -through timing constraint its fanout number considered in optimization is changed from 768 to 97 and it is not considered a very high fanout net anymore. Please consider modifying/removing the '-through' timing constraint on the net segment or hierarchy pin.
INFO: [Physopt 32-1022] Very high fanout net 'design_1_i/mig_7series_0/u_design_1_mig_7series_0_3_mig/c1_u_memc_ui_top_axi/u_ui_top/ui_wr_data0/write_buffer.wr_buffer_ram[0].RAM32M0_i_11__0_n_0' has -through timing constraint at pin '' or its immediate connected net. To preserve -through timing constraint its fanout number considered in optimization is changed from 768 to 97 and it is not considered a very high fanout net anymore. Please consider modifying/removing the '-through' timing constraint on the net segment or hierarchy pin.
INFO: [Physopt 32-1022] Very high fanout net 'design_1_i/mig_7series_0/u_design_1_mig_7series_0_3_mig/c1_u_memc_ui_top_axi/u_ui_top/ui_wr_data0/write_buffer.wr_buffer_ram[0].RAM32M0_i_12__0_n_0' has -through timing constraint at pin '' or its immediate connected net. To preserve -through timing constraint its fanout number considered in optimization is changed from 768 to 97 and it is not considered a very high fanout net anymore. Please consider modifying/removing the '-through' timing constraint on the net segment or hierarchy pin.
INFO: [Physopt 32-1022] Very high fanout net 'design_1_i/mig_7series_0/u_design_1_mig_7series_0_3_mig/c1_u_memc_ui_top_axi/u_ui_top/ui_wr_data0/wdf_rdy_ns' has -through timing constraint at pin '' or its immediate connected net. To preserve -through timing constraint its fanout number considered in optimization is changed from 773 to 102 and it is not considered a very high fanout net anymore. Please consider modifying/removing the '-through' timing constraint on the net segment or hierarchy pin.
INFO: [Physopt 32-1022] Very high fanout net 'design_1_i/mig_7series_0/u_design_1_mig_7series_0_3_mig/c1_u_memc_ui_top_axi/u_ui_top/ui_wr_data0/write_buffer.wr_buffer_ram[0].RAM32M0_i_8__0_n_0' has -through timing constraint at pin '' or its immediate connected net. To preserve -through timing constraint its fanout number considered in optimization is changed from 768 to 97 and it is not considered a very high fanout net anymore. Please consider modifying/removing the '-through' timing constraint on the net segment or hierarchy pin.
INFO: [Physopt 32-1022] Very high fanout net 'design_1_i/mig_7series_0/u_design_1_mig_7series_0_3_mig/c1_u_memc_ui_top_axi/u_ui_top/ui_wr_data0/write_buffer.wr_buffer_ram[0].RAM32M0_i_9__0_n_0' has -through timing constraint at pin '' or its immediate connected net. To preserve -through timing constraint its fanout number considered in optimization is changed from 768 to 97 and it is not considered a very high fanout net anymore. Please consider modifying/removing the '-through' timing constraint on the net segment or hierarchy pin.
INFO: [Physopt 32-1022] Very high fanout net 'design_1_i/smartconnect_0/inst/m00_nodes/m00_r_node/inst/inst_mi_handler/gen_normal_area.inst_fifo_node_payld/gen_xpm_memory_fifo.inst_fifo/wr_wea' has -through timing constraint at pin '' or its immediate connected net. To preserve -through timing constraint its fanout number considered in optimization is changed from 720 to 91 and it is not considered a very high fanout net anymore. Please consider modifying/removing the '-through' timing constraint on the net segment or hierarchy pin.
INFO: [Physopt 32-1022] Very high fanout net 'design_1_i/smartconnect_0/inst/m00_nodes/m00_w_node/inst/inst_mi_handler/gen_normal_area.inst_fifo_node_payld/gen_xpm_memory_fifo.inst_fifo/wr_wea' has -through timing constraint at pin '' or its immediate connected net. To preserve -through timing constraint its fanout number considered in optimization is changed from 792 to 100 and it is not considered a very high fanout net anymore. Please consider modifying/removing the '-through' timing constraint on the net segment or hierarchy pin.
INFO: [Physopt 32-1022] Very high fanout net 'design_1_i/smartconnect_0/inst/m01_nodes/m01_r_node/inst/inst_mi_handler/gen_normal_area.inst_fifo_node_payld/gen_xpm_memory_fifo.inst_fifo/wr_wea' has -through timing constraint at pin '' or its immediate connected net. To preserve -through timing constraint its fanout number considered in optimization is changed from 720 to 91 and it is not considered a very high fanout net anymore. Please consider modifying/removing the '-through' timing constraint on the net segment or hierarchy pin.
INFO: [Physopt 32-1022] Very high fanout net 'design_1_i/smartconnect_0/inst/m01_nodes/m01_w_node/inst/inst_mi_handler/gen_normal_area.inst_fifo_node_payld/gen_xpm_memory_fifo.inst_fifo/wr_wea' has -through timing constraint at pin '' or its immediate connected net. To preserve -through timing constraint its fanout number considered in optimization is changed from 792 to 100 and it is not considered a very high fanout net anymore. Please consider modifying/removing the '-through' timing constraint on the net segment or hierarchy pin.
INFO: [Physopt 32-1022] Very high fanout net 'design_1_i/smartconnect_0/inst/s00_nodes/s00_r_node/inst/inst_mi_handler/gen_normal_area.inst_fifo_node_payld/gen_xpm_memory_fifo.inst_fifo/gen_mem_rep[1].inst_wr_addra/Q[0]' has -through timing constraint at pin '' or its immediate connected net. To preserve -through timing constraint its fanout number considered in optimization is changed from 253 to 37 and it is not considered a very high fanout net anymore. Please consider modifying/removing the '-through' timing constraint on the net segment or hierarchy pin.
INFO: [Physopt 32-1022] Very high fanout net 'design_1_i/smartconnect_0/inst/s00_nodes/s00_r_node/inst/inst_mi_handler/gen_normal_area.inst_fifo_node_payld/gen_xpm_memory_fifo.inst_fifo/gen_mem_rep[1].inst_wr_addra/Q[1]' has -through timing constraint at pin '' or its immediate connected net. To preserve -through timing constraint its fanout number considered in optimization is changed from 252 to 36 and it is not considered a very high fanout net anymore. Please consider modifying/removing the '-through' timing constraint on the net segment or hierarchy pin.
INFO: [Physopt 32-1022] Very high fanout net 'design_1_i/smartconnect_0/inst/s00_nodes/s00_r_node/inst/inst_mi_handler/gen_normal_area.inst_fifo_node_payld/gen_xpm_memory_fifo.inst_fifo/gen_mem_rep[1].inst_wr_addra/Q[2]' has -through timing constraint at pin '' or its immediate connected net. To preserve -through timing constraint its fanout number considered in optimization is changed from 251 to 35 and it is not considered a very high fanout net anymore. Please consider modifying/removing the '-through' timing constraint on the net segment or hierarchy pin.
INFO: [Physopt 32-1022] Very high fanout net 'design_1_i/smartconnect_0/inst/s00_nodes/s00_r_node/inst/inst_mi_handler/gen_normal_area.inst_fifo_node_payld/gen_xpm_memory_fifo.inst_fifo/gen_mem_rep[1].inst_wr_addra/Q[3]' has -through timing constraint at pin '' or its immediate connected net. To preserve -through timing constraint its fanout number considered in optimization is changed from 250 to 34 and it is not considered a very high fanout net anymore. Please consider modifying/removing the '-through' timing constraint on the net segment or hierarchy pin.
INFO: [Physopt 32-1022] Very high fanout net 'design_1_i/smartconnect_0/inst/s00_nodes/s00_r_node/inst/inst_mi_handler/gen_normal_area.inst_fifo_node_payld/gen_xpm_memory_fifo.inst_fifo/wr_wea' has -through timing constraint at pin '' or its immediate connected net. To preserve -through timing constraint its fanout number considered in optimization is changed from 704 to 89 and it is not considered a very high fanout net anymore. Please consider modifying/removing the '-through' timing constraint on the net segment or hierarchy pin.
INFO: [Physopt 32-1022] Very high fanout net 'design_1_i/smartconnect_0/inst/s00_nodes/s00_w_node/inst/inst_mi_handler/gen_normal_area.inst_fifo_node_payld/gen_xpm_memory_fifo.inst_fifo/gen_mem_rep[0].inst_wr_addra/Q[0]' has -through timing constraint at pin '' or its immediate connected net. To preserve -through timing constraint its fanout number considered in optimization is changed from 273 to 43 and it is not considered a very high fanout net anymore. Please consider modifying/removing the '-through' timing constraint on the net segment or hierarchy pin.
INFO: [Physopt 32-1022] Very high fanout net 'design_1_i/smartconnect_0/inst/s00_nodes/s00_w_node/inst/inst_mi_handler/gen_normal_area.inst_fifo_node_payld/gen_xpm_memory_fifo.inst_fifo/gen_mem_rep[0].inst_wr_addra/Q[1]' has -through timing constraint at pin '' or its immediate connected net. To preserve -through timing constraint its fanout number considered in optimization is changed from 271 to 41 and it is not considered a very high fanout net anymore. Please consider modifying/removing the '-through' timing constraint on the net segment or hierarchy pin.
INFO: [Physopt 32-1022] Very high fanout net 'design_1_i/smartconnect_0/inst/s00_nodes/s00_w_node/inst/inst_mi_handler/gen_normal_area.inst_fifo_node_payld/gen_xpm_memory_fifo.inst_fifo/gen_mem_rep[0].inst_wr_addra/Q[2]' has -through timing constraint at pin '' or its immediate connected net. To preserve -through timing constraint its fanout number considered in optimization is changed from 269 to 39 and it is not considered a very high fanout net anymore. Please consider modifying/removing the '-through' timing constraint on the net segment or hierarchy pin.
INFO: [Physopt 32-1022] Very high fanout net 'design_1_i/smartconnect_0/inst/s00_nodes/s00_w_node/inst/inst_mi_handler/gen_normal_area.inst_fifo_node_payld/gen_xpm_memory_fifo.inst_fifo/gen_mem_rep[0].inst_wr_addra/Q[3]' has -through timing constraint at pin '' or its immediate connected net. To preserve -through timing constraint its fanout number considered in optimization is changed from 272 to 42 and it is not considered a very high fanout net anymore. Please consider modifying/removing the '-through' timing constraint on the net segment or hierarchy pin.
INFO: [Physopt 32-1022] Very high fanout net 'design_1_i/smartconnect_0/inst/s00_nodes/s00_w_node/inst/inst_mi_handler/gen_normal_area.inst_fifo_node_payld/gen_xpm_memory_fifo.inst_fifo/gen_mem_rep[0].inst_wr_addra/Q[4]' has -through timing constraint at pin '' or its immediate connected net. To preserve -through timing constraint its fanout number considered in optimization is changed from 269 to 39 and it is not considered a very high fanout net anymore. Please consider modifying/removing the '-through' timing constraint on the net segment or hierarchy pin.
INFO: [Physopt 32-1022] Very high fanout net 'design_1_i/smartconnect_0/inst/s00_nodes/s00_w_node/inst/inst_mi_handler/gen_normal_area.inst_fifo_node_payld/gen_xpm_memory_fifo.inst_fifo/gen_mem_rep[1].inst_wr_addra/Q[0]' has -through timing constraint at pin '' or its immediate connected net. To preserve -through timing constraint its fanout number considered in optimization is changed from 270 to 40 and it is not considered a very high fanout net anymore. Please consider modifying/removing the '-through' timing constraint on the net segment or hierarchy pin.
INFO: [Physopt 32-1022] Very high fanout net 'design_1_i/smartconnect_0/inst/s00_nodes/s00_w_node/inst/inst_mi_handler/gen_normal_area.inst_fifo_node_payld/gen_xpm_memory_fifo.inst_fifo/gen_mem_rep[1].inst_wr_addra/Q[1]' has -through timing constraint at pin '' or its immediate connected net. To preserve -through timing constraint its fanout number considered in optimization is changed from 268 to 38 and it is not considered a very high fanout net anymore. Please consider modifying/removing the '-through' timing constraint on the net segment or hierarchy pin.
INFO: [Physopt 32-1022] Very high fanout net 'design_1_i/smartconnect_0/inst/s00_nodes/s00_w_node/inst/inst_mi_handler/gen_normal_area.inst_fifo_node_payld/gen_xpm_memory_fifo.inst_fifo/gen_mem_rep[1].inst_wr_addra/Q[2]' has -through timing constraint at pin '' or its immediate connected net. To preserve -through timing constraint its fanout number considered in optimization is changed from 267 to 37 and it is not considered a very high fanout net anymore. Please consider modifying/removing the '-through' timing constraint on the net segment or hierarchy pin.
INFO: [Physopt 32-1022] Very high fanout net 'design_1_i/smartconnect_0/inst/s00_nodes/s00_w_node/inst/inst_mi_handler/gen_normal_area.inst_fifo_node_payld/gen_xpm_memory_fifo.inst_fifo/gen_mem_rep[1].inst_wr_addra/Q[3]' has -through timing constraint at pin '' or its immediate connected net. To preserve -through timing constraint its fanout number considered in optimization is changed from 266 to 36 and it is not considered a very high fanout net anymore. Please consider modifying/removing the '-through' timing constraint on the net segment or hierarchy pin.
INFO: [Physopt 32-1022] Very high fanout net 'design_1_i/smartconnect_0/inst/s00_nodes/s00_w_node/inst/inst_mi_handler/gen_normal_area.inst_fifo_node_payld/gen_xpm_memory_fifo.inst_fifo/gen_mem_rep[1].inst_wr_addra/Q[4]' has -through timing constraint at pin '' or its immediate connected net. To preserve -through timing constraint its fanout number considered in optimization is changed from 265 to 35 and it is not considered a very high fanout net anymore. Please consider modifying/removing the '-through' timing constraint on the net segment or hierarchy pin.
INFO: [Physopt 32-1022] Very high fanout net 'design_1_i/smartconnect_0/inst/s00_nodes/s00_w_node/inst/inst_mi_handler/gen_normal_area.inst_fifo_node_payld/gen_xpm_memory_fifo.inst_fifo/gen_mem_rep[2].inst_wr_addra/Q[0]' has -through timing constraint at pin '' or its immediate connected net. To preserve -through timing constraint its fanout number considered in optimization is changed from 270 to 40 and it is not considered a very high fanout net anymore. Please consider modifying/removing the '-through' timing constraint on the net segment or hierarchy pin.
INFO: [Physopt 32-1022] Very high fanout net 'design_1_i/smartconnect_0/inst/s00_nodes/s00_w_node/inst/inst_mi_handler/gen_normal_area.inst_fifo_node_payld/gen_xpm_memory_fifo.inst_fifo/gen_mem_rep[2].inst_wr_addra/Q[1]' has -through timing constraint at pin '' or its immediate connected net. To preserve -through timing constraint its fanout number considered in optimization is changed from 268 to 38 and it is not considered a very high fanout net anymore. Please consider modifying/removing the '-through' timing constraint on the net segment or hierarchy pin.
INFO: [Physopt 32-1022] Very high fanout net 'design_1_i/smartconnect_0/inst/s00_nodes/s00_w_node/inst/inst_mi_handler/gen_normal_area.inst_fifo_node_payld/gen_xpm_memory_fifo.inst_fifo/gen_mem_rep[2].inst_wr_addra/Q[2]' has -through timing constraint at pin '' or its immediate connected net. To preserve -through timing constraint its fanout number considered in optimization is changed from 267 to 37 and it is not considered a very high fanout net anymore. Please consider modifying/removing the '-through' timing constraint on the net segment or hierarchy pin.
INFO: [Physopt 32-1022] Very high fanout net 'design_1_i/smartconnect_0/inst/s00_nodes/s00_w_node/inst/inst_mi_handler/gen_normal_area.inst_fifo_node_payld/gen_xpm_memory_fifo.inst_fifo/gen_mem_rep[2].inst_wr_addra/Q[3]' has -through timing constraint at pin '' or its immediate connected net. To preserve -through timing constraint its fanout number considered in optimization is changed from 266 to 36 and it is not considered a very high fanout net anymore. Please consider modifying/removing the '-through' timing constraint on the net segment or hierarchy pin.
INFO: [Physopt 32-1022] Very high fanout net 'design_1_i/smartconnect_0/inst/s00_nodes/s00_w_node/inst/inst_mi_handler/gen_normal_area.inst_fifo_node_payld/gen_xpm_memory_fifo.inst_fifo/gen_mem_rep[2].inst_wr_addra/Q[4]' has -through timing constraint at pin '' or its immediate connected net. To preserve -through timing constraint its fanout number considered in optimization is changed from 265 to 35 and it is not considered a very high fanout net anymore. Please consider modifying/removing the '-through' timing constraint on the net segment or hierarchy pin.
INFO: [Physopt 32-1022] Very high fanout net 'design_1_i/smartconnect_0/inst/s00_nodes/s00_w_node/inst/inst_mi_handler/gen_normal_area.inst_fifo_node_payld/gen_xpm_memory_fifo.inst_fifo/wr_wea' has -through timing constraint at pin '' or its immediate connected net. To preserve -through timing constraint its fanout number considered in optimization is changed from 792 to 100 and it is not considered a very high fanout net anymore. Please consider modifying/removing the '-through' timing constraint on the net segment or hierarchy pin.
INFO: [Physopt 32-1022] Very high fanout net 'design_1_i/smartconnect_0/inst/s01_nodes/s01_r_node/inst/inst_mi_handler/gen_normal_area.inst_fifo_node_payld/gen_xpm_memory_fifo.inst_fifo/gen_mem_rep[1].inst_wr_addra/Q[0]' has -through timing constraint at pin '' or its immediate connected net. To preserve -through timing constraint its fanout number considered in optimization is changed from 254 to 38 and it is not considered a very high fanout net anymore. Please consider modifying/removing the '-through' timing constraint on the net segment or hierarchy pin.
INFO: [Physopt 32-1022] Very high fanout net 'design_1_i/smartconnect_0/inst/s01_nodes/s01_r_node/inst/inst_mi_handler/gen_normal_area.inst_fifo_node_payld/gen_xpm_memory_fifo.inst_fifo/gen_mem_rep[1].inst_wr_addra/Q[1]' has -through timing constraint at pin '' or its immediate connected net. To preserve -through timing constraint its fanout number considered in optimization is changed from 252 to 36 and it is not considered a very high fanout net anymore. Please consider modifying/removing the '-through' timing constraint on the net segment or hierarchy pin.
INFO: [Physopt 32-1022] Very high fanout net 'design_1_i/smartconnect_0/inst/s01_nodes/s01_r_node/inst/inst_mi_handler/gen_normal_area.inst_fifo_node_payld/gen_xpm_memory_fifo.inst_fifo/gen_mem_rep[1].inst_wr_addra/Q[2]' has -through timing constraint at pin '' or its immediate connected net. To preserve -through timing constraint its fanout number considered in optimization is changed from 251 to 35 and it is not considered a very high fanout net anymore. Please consider modifying/removing the '-through' timing constraint on the net segment or hierarchy pin.
INFO: [Physopt 32-1022] Very high fanout net 'design_1_i/smartconnect_0/inst/s01_nodes/s01_r_node/inst/inst_mi_handler/gen_normal_area.inst_fifo_node_payld/gen_xpm_memory_fifo.inst_fifo/gen_mem_rep[1].inst_wr_addra/Q[3]' has -through timing constraint at pin '' or its immediate connected net. To preserve -through timing constraint its fanout number considered in optimization is changed from 250 to 34 and it is not considered a very high fanout net anymore. Please consider modifying/removing the '-through' timing constraint on the net segment or hierarchy pin.
INFO: [Physopt 32-1022] Very high fanout net 'design_1_i/smartconnect_0/inst/s01_nodes/s01_r_node/inst/inst_mi_handler/gen_normal_area.inst_fifo_node_payld/gen_xpm_memory_fifo.inst_fifo/wr_wea' has -through timing constraint at pin '' or its immediate connected net. To preserve -through timing constraint its fanout number considered in optimization is changed from 712 to 90 and it is not considered a very high fanout net anymore. Please consider modifying/removing the '-through' timing constraint on the net segment or hierarchy pin.
INFO: [Physopt 32-1022] Very high fanout net 'design_1_i/smartconnect_0/inst/s01_nodes/s01_w_node/inst/inst_mi_handler/gen_normal_area.inst_fifo_node_payld/gen_xpm_memory_fifo.inst_fifo/gen_mem_rep[0].inst_wr_addra/Q[0]' has -through timing constraint at pin '' or its immediate connected net. To preserve -through timing constraint its fanout number considered in optimization is changed from 274 to 44 and it is not considered a very high fanout net anymore. Please consider modifying/removing the '-through' timing constraint on the net segment or hierarchy pin.
INFO: [Physopt 32-1022] Very high fanout net 'design_1_i/smartconnect_0/inst/s01_nodes/s01_w_node/inst/inst_mi_handler/gen_normal_area.inst_fifo_node_payld/gen_xpm_memory_fifo.inst_fifo/gen_mem_rep[0].inst_wr_addra/Q[1]' has -through timing constraint at pin '' or its immediate connected net. To preserve -through timing constraint its fanout number considered in optimization is changed from 271 to 41 and it is not considered a very high fanout net anymore. Please consider modifying/removing the '-through' timing constraint on the net segment or hierarchy pin.
INFO: [Physopt 32-1022] Very high fanout net 'design_1_i/smartconnect_0/inst/s01_nodes/s01_w_node/inst/inst_mi_handler/gen_normal_area.inst_fifo_node_payld/gen_xpm_memory_fifo.inst_fifo/gen_mem_rep[0].inst_wr_addra/Q[2]' has -through timing constraint at pin '' or its immediate connected net. To preserve -through timing constraint its fanout number considered in optimization is changed from 269 to 39 and it is not considered a very high fanout net anymore. Please consider modifying/removing the '-through' timing constraint on the net segment or hierarchy pin.
INFO: [Physopt 32-1022] Very high fanout net 'design_1_i/smartconnect_0/inst/s01_nodes/s01_w_node/inst/inst_mi_handler/gen_normal_area.inst_fifo_node_payld/gen_xpm_memory_fifo.inst_fifo/gen_mem_rep[0].inst_wr_addra/Q[3]' has -through timing constraint at pin '' or its immediate connected net. To preserve -through timing constraint its fanout number considered in optimization is changed from 272 to 42 and it is not considered a very high fanout net anymore. Please consider modifying/removing the '-through' timing constraint on the net segment or hierarchy pin.
INFO: [Physopt 32-1022] Very high fanout net 'design_1_i/smartconnect_0/inst/s01_nodes/s01_w_node/inst/inst_mi_handler/gen_normal_area.inst_fifo_node_payld/gen_xpm_memory_fifo.inst_fifo/gen_mem_rep[0].inst_wr_addra/Q[4]' has -through timing constraint at pin '' or its immediate connected net. To preserve -through timing constraint its fanout number considered in optimization is changed from 269 to 39 and it is not considered a very high fanout net anymore. Please consider modifying/removing the '-through' timing constraint on the net segment or hierarchy pin.
INFO: [Physopt 32-1022] Very high fanout net 'design_1_i/smartconnect_0/inst/s01_nodes/s01_w_node/inst/inst_mi_handler/gen_normal_area.inst_fifo_node_payld/gen_xpm_memory_fifo.inst_fifo/gen_mem_rep[1].inst_wr_addra/Q[0]' has -through timing constraint at pin '' or its immediate connected net. To preserve -through timing constraint its fanout number considered in optimization is changed from 270 to 40 and it is not considered a very high fanout net anymore. Please consider modifying/removing the '-through' timing constraint on the net segment or hierarchy pin.
INFO: [Physopt 32-1022] Very high fanout net 'design_1_i/smartconnect_0/inst/s01_nodes/s01_w_node/inst/inst_mi_handler/gen_normal_area.inst_fifo_node_payld/gen_xpm_memory_fifo.inst_fifo/gen_mem_rep[1].inst_wr_addra/Q[1]' has -through timing constraint at pin '' or its immediate connected net. To preserve -through timing constraint its fanout number considered in optimization is changed from 268 to 38 and it is not considered a very high fanout net anymore. Please consider modifying/removing the '-through' timing constraint on the net segment or hierarchy pin.
INFO: [Physopt 32-1022] Very high fanout net 'design_1_i/smartconnect_0/inst/s01_nodes/s01_w_node/inst/inst_mi_handler/gen_normal_area.inst_fifo_node_payld/gen_xpm_memory_fifo.inst_fifo/gen_mem_rep[1].inst_wr_addra/Q[2]' has -through timing constraint at pin '' or its immediate connected net. To preserve -through timing constraint its fanout number considered in optimization is changed from 267 to 37 and it is not considered a very high fanout net anymore. Please consider modifying/removing the '-through' timing constraint on the net segment or hierarchy pin.
INFO: [Physopt 32-1022] Very high fanout net 'design_1_i/smartconnect_0/inst/s01_nodes/s01_w_node/inst/inst_mi_handler/gen_normal_area.inst_fifo_node_payld/gen_xpm_memory_fifo.inst_fifo/gen_mem_rep[1].inst_wr_addra/Q[3]' has -through timing constraint at pin '' or its immediate connected net. To preserve -through timing constraint its fanout number considered in optimization is changed from 266 to 36 and it is not considered a very high fanout net anymore. Please consider modifying/removing the '-through' timing constraint on the net segment or hierarchy pin.
INFO: [Physopt 32-1022] Very high fanout net 'design_1_i/smartconnect_0/inst/s01_nodes/s01_w_node/inst/inst_mi_handler/gen_normal_area.inst_fifo_node_payld/gen_xpm_memory_fifo.inst_fifo/gen_mem_rep[1].inst_wr_addra/Q[4]' has -through timing constraint at pin '' or its immediate connected net. To preserve -through timing constraint its fanout number considered in optimization is changed from 265 to 35 and it is not considered a very high fanout net anymore. Please consider modifying/removing the '-through' timing constraint on the net segment or hierarchy pin.
INFO: [Physopt 32-1022] Very high fanout net 'design_1_i/smartconnect_0/inst/s01_nodes/s01_w_node/inst/inst_mi_handler/gen_normal_area.inst_fifo_node_payld/gen_xpm_memory_fifo.inst_fifo/gen_mem_rep[2].inst_wr_addra/Q[0]' has -through timing constraint at pin '' or its immediate connected net. To preserve -through timing constraint its fanout number considered in optimization is changed from 270 to 40 and it is not considered a very high fanout net anymore. Please consider modifying/removing the '-through' timing constraint on the net segment or hierarchy pin.
INFO: [Physopt 32-1022] Very high fanout net 'design_1_i/smartconnect_0/inst/s01_nodes/s01_w_node/inst/inst_mi_handler/gen_normal_area.inst_fifo_node_payld/gen_xpm_memory_fifo.inst_fifo/gen_mem_rep[2].inst_wr_addra/Q[1]' has -through timing constraint at pin '' or its immediate connected net. To preserve -through timing constraint its fanout number considered in optimization is changed from 268 to 38 and it is not considered a very high fanout net anymore. Please consider modifying/removing the '-through' timing constraint on the net segment or hierarchy pin.
INFO: [Physopt 32-1022] Very high fanout net 'design_1_i/smartconnect_0/inst/s01_nodes/s01_w_node/inst/inst_mi_handler/gen_normal_area.inst_fifo_node_payld/gen_xpm_memory_fifo.inst_fifo/gen_mem_rep[2].inst_wr_addra/Q[2]' has -through timing constraint at pin '' or its immediate connected net. To preserve -through timing constraint its fanout number considered in optimization is changed from 267 to 37 and it is not considered a very high fanout net anymore. Please consider modifying/removing the '-through' timing constraint on the net segment or hierarchy pin.
INFO: [Physopt 32-1022] Very high fanout net 'design_1_i/smartconnect_0/inst/s01_nodes/s01_w_node/inst/inst_mi_handler/gen_normal_area.inst_fifo_node_payld/gen_xpm_memory_fifo.inst_fifo/gen_mem_rep[2].inst_wr_addra/Q[3]' has -through timing constraint at pin '' or its immediate connected net. To preserve -through timing constraint its fanout number considered in optimization is changed from 266 to 36 and it is not considered a very high fanout net anymore. Please consider modifying/removing the '-through' timing constraint on the net segment or hierarchy pin.
INFO: [Physopt 32-1022] Very high fanout net 'design_1_i/smartconnect_0/inst/s01_nodes/s01_w_node/inst/inst_mi_handler/gen_normal_area.inst_fifo_node_payld/gen_xpm_memory_fifo.inst_fifo/gen_mem_rep[2].inst_wr_addra/Q[4]' has -through timing constraint at pin '' or its immediate connected net. To preserve -through timing constraint its fanout number considered in optimization is changed from 265 to 35 and it is not considered a very high fanout net anymore. Please consider modifying/removing the '-through' timing constraint on the net segment or hierarchy pin.
INFO: [Physopt 32-1022] Very high fanout net 'design_1_i/smartconnect_0/inst/s01_nodes/s01_w_node/inst/inst_mi_handler/gen_normal_area.inst_fifo_node_payld/gen_xpm_memory_fifo.inst_fifo/wr_wea' has -through timing constraint at pin '' or its immediate connected net. To preserve -through timing constraint its fanout number considered in optimization is changed from 792 to 100 and it is not considered a very high fanout net anymore. Please consider modifying/removing the '-through' timing constraint on the net segment or hierarchy pin.
INFO: [Physopt 32-76] Pass 1. Identified 21 candidate nets for fanout optimization.
INFO: [Physopt 32-81] Processed net design_1_i/xdma_0/inst/design_1_xdma_0_2_pcie2_to_pcie3_wrapper_i/pcie2_ip_i/U0/inst/gt_top_i/pipe_wrapper_i/pipe_reset.pipe_reset_i/cpllreset. Replicated 3 times.
INFO: [Physopt 32-81] Processed net design_1_i/smartconnect_0/inst/s00_nodes/s00_w_node/inst/inst_mi_handler/m_sc_areset_r. Replicated 1 times.
INFO: [Physopt 32-81] Processed net design_1_i/smartconnect_0/inst/m00_nodes/m00_r_node/inst/inst_mi_handler/m_sc_areset_r. Replicated 1 times.
INFO: [Physopt 32-81] Processed net design_1_i/smartconnect_0/inst/m01_nodes/m01_r_node/inst/inst_mi_handler/m_sc_areset_r. Replicated 1 times.
INFO: [Physopt 32-81] Processed net design_1_i/smartconnect_0/inst/s01_nodes/s01_r_node/inst/inst_mi_handler/m_sc_areset_r. Replicated 2 times.
INFO: [Physopt 32-81] Processed net design_1_i/smartconnect_0/inst/s00_nodes/s00_r_node/inst/inst_mi_handler/m_sc_areset_r. Replicated 1 times.
INFO: [Physopt 32-81] Processed net design_1_i/smartconnect_0/inst/s01_nodes/s01_r_node/inst/inst_si_handler/gen_si_handler.gen_arbiter_rr_normal_area.inst_arbiter/grant_i_reg[1]_0. Replicated 1 times.
INFO: [Physopt 32-81] Processed net design_1_i/smartconnect_0/inst/s00_nodes/s00_r_node/inst/inst_si_handler/gen_si_handler.gen_arbiter_rr_normal_area.inst_arbiter/grant_i_reg[1]_0. Replicated 1 times.
INFO: [Physopt 32-572] Net design_1_i/smartconnect_0/inst/s00_nodes/s00_w_node/inst/inst_mi_handler/gen_normal_area.inst_fifo_send/rd_addrb_incr was not replicated.
Resolution: phys_opt_design can be forced to replicate a net driver using the option -force_replication_on_nets <list of net objects>.
INFO: [Physopt 32-572] Net design_1_i/smartconnect_0/inst/s00_nodes/s00_r_node/inst/inst_mi_handler/gen_normal_area.inst_fifo_node_payld/gen_xpm_memory_fifo.inst_fifo/gen_mem_rep[2].inst_rd_addrb/rd_addrb_incr_1 was not replicated.
Resolution: phys_opt_design can be forced to replicate a net driver using the option -force_replication_on_nets <list of net objects>.
INFO: [Physopt 32-81] Processed net design_1_i/smartconnect_0/inst/m01_nodes/m01_r_node/inst/inst_mi_handler/gen_normal_area.inst_fifo_send/rd_addrb_incr. Replicated 1 times.
INFO: [Physopt 32-81] Processed net design_1_i/smartconnect_0/inst/s01_nodes/s01_r_node/inst/inst_mi_handler/gen_normal_area.inst_fifo_node_payld/gen_xpm_memory_fifo.inst_fifo/gen_mem_rep[2].inst_rd_addrb/rd_addrb_incr. Replicated 2 times.
INFO: [Physopt 32-572] Net design_1_i/smartconnect_0/inst/s01_nodes/s01_w_node/inst/inst_mi_handler/gen_normal_area.inst_fifo_send/rd_addrb_incr was not replicated.
Resolution: phys_opt_design can be forced to replicate a net driver using the option -force_replication_on_nets <list of net objects>.
INFO: [Physopt 32-572] Net design_1_i/smartconnect_0/inst/m00_nodes/m00_w_node/inst/inst_si_handler/gen_si_handler.gen_request_fifos.gen_req_fifo[1].inst_req_fifo/gen_xpm_memory_fifo.inst_fifo/s_sc_recv[0] was not replicated.
Resolution: phys_opt_design can be forced to replicate a net driver using the option -force_replication_on_nets <list of net objects>.
INFO: [Physopt 32-572] Net design_1_i/smartconnect_0/inst/m01_nodes/m01_w_node/inst/inst_si_handler/gen_si_handler.gen_request_fifos.gen_req_fifo[1].inst_req_fifo/gen_xpm_memory_fifo.inst_fifo/s_sc_recv[0] was not replicated.
Resolution: phys_opt_design can be forced to replicate a net driver using the option -force_replication_on_nets <list of net objects>.
INFO: [Physopt 32-81] Processed net design_1_i/xdma_0/inst/udma_wrapper/dma_top/dma_pcie_req/dma_pcie_rc/u_dma_rc_mem_pfch/SR[0]. Replicated 7 times.
INFO: [Physopt 32-572] Net design_1_i/xdma_0/inst/udma_wrapper/dma_top/dma_enable.aximm.dma_aximm/axi4mm_axi_mm_master_wr/WPL_FIFO/SR[0] was not replicated.
Resolution: phys_opt_design can be forced to replicate a net driver using the option -force_replication_on_nets <list of net objects>.
INFO: [Physopt 32-81] Processed net design_1_i/smartconnect_0/inst/m00_nodes/m00_r_node/inst/inst_mi_handler/gen_normal_area.inst_fifo_send/rd_addrb_incr. Replicated 1 times.
INFO: [Physopt 32-232] Optimized 12 nets. Created 22 new instances.
INFO: [Physopt 32-775] End 1 Pass. Optimized 12 nets or cells. Created 22 new cells, deleted 0 existing cell and moved 0 existing cell
INFO: [Physopt 32-619] Estimated Timing Summary | WNS=0.055 | TNS=0.000 |
Netlist sorting complete. Time (s): cpu = 00:00:00.13 ; elapsed = 00:00:00.13 . Memory (MB): peak = 4933.633 ; gain = 0.000 ; free physical = 16112 ; free virtual = 30293
Phase 28 Very High Fanout Optimization | Checksum: 2176fcea1

Time (s): cpu = 00:01:07 ; elapsed = 00:00:16 . Memory (MB): peak = 4933.633 ; gain = 0.000 ; free physical = 16112 ; free virtual = 30293

Phase 29 Single Cell Placement Optimization
INFO: [Physopt 32-670] No setup violation found.  Single Cell Placement Optimization was not performed.
Netlist sorting complete. Time (s): cpu = 00:00:00 ; elapsed = 00:00:00 . Memory (MB): peak = 4933.633 ; gain = 0.000 ; free physical = 16112 ; free virtual = 30293
Phase 29 Single Cell Placement Optimization | Checksum: 2176fcea1

Time (s): cpu = 00:01:07 ; elapsed = 00:00:16 . Memory (MB): peak = 4933.633 ; gain = 0.000 ; free physical = 16112 ; free virtual = 30293

Phase 30 Multi Cell Placement Optimization
INFO: [Physopt 32-670] No setup violation found.  Multi Cell Placement Optimization was not performed.
Phase 30 Multi Cell Placement Optimization | Checksum: 2176fcea1

Time (s): cpu = 00:01:07 ; elapsed = 00:00:16 . Memory (MB): peak = 4933.633 ; gain = 0.000 ; free physical = 16112 ; free virtual = 30293

Phase 31 SLR Crossing Optimization
Phase 31 SLR Crossing Optimization | Checksum: 2176fcea1

Time (s): cpu = 00:01:07 ; elapsed = 00:00:16 . Memory (MB): peak = 4933.633 ; gain = 0.000 ; free physical = 16112 ; free virtual = 30293

Phase 32 Critical Path Optimization
INFO: [Physopt 32-619] Estimated Timing Summary | WNS=0.055 | TNS=0.000 |
INFO: [Physopt 32-619] Estimated Timing Summary | WNS=0.055 | TNS=0.000 |
Phase 32 Critical Path Optimization | Checksum: 2176fcea1

Time (s): cpu = 00:01:08 ; elapsed = 00:00:16 . Memory (MB): peak = 4933.633 ; gain = 0.000 ; free physical = 16112 ; free virtual = 30293

Phase 33 BRAM Enable Optimization
Phase 33 BRAM Enable Optimization | Checksum: 2176fcea1

Time (s): cpu = 00:01:09 ; elapsed = 00:00:16 . Memory (MB): peak = 4933.633 ; gain = 0.000 ; free physical = 16112 ; free virtual = 30293
INFO: [Physopt 32-960] Skip hold-fix as initial WHS does not violate hold threshold 250 ps
Netlist sorting complete. Time (s): cpu = 00:00:00 ; elapsed = 00:00:00.01 . Memory (MB): peak = 4933.633 ; gain = 0.000 ; free physical = 16112 ; free virtual = 30293
INFO: [Physopt 32-603] Post Physical Optimization Timing Summary | WNS=0.055 | TNS=0.000 |

Summary of Physical Synthesis Optimizations
============================================


----------------------------------------------------------------------------------------------------------------------------------------------------------------------
|  Optimization            |  WNS Gain (ns)  |  TNS Gain (ns)  |  Added Cells  |  Removed Cells  |  Optimized Cells/Nets  |  Dont Touch  |  Iterations  |  Elapsed   |
----------------------------------------------------------------------------------------------------------------------------------------------------------------------
|  Fanout                  |          0.000  |          0.000  |            5  |              0  |                     3  |           0  |           1  |  00:00:01  |
|  Single Cell Placement   |          0.098  |          0.241  |            0  |              0  |                    84  |           0  |           1  |  00:00:04  |
|  Multi Cell Placement    |          0.000  |          0.000  |            0  |              0  |                     0  |           0  |           0  |  00:00:00  |
|  Rewire                  |          0.000  |          0.000  |            0  |              0  |                     0  |           0  |           0  |  00:00:00  |
|  Critical Cell           |          0.000  |          0.000  |            0  |              0  |                     0  |           0  |           0  |  00:00:00  |
|  SLR Crossing            |          0.000  |          0.000  |            0  |              0  |                     0  |           0  |           3  |  00:00:00  |
|  DSP Register            |          0.000  |          0.000  |            0  |              0  |                     0  |           0  |           0  |  00:00:00  |
|  BRAM Register           |          0.000  |          0.000  |            0  |              0  |                     0  |           0  |           0  |  00:00:00  |
|  URAM Register           |          0.000  |          0.000  |            0  |              0  |                     0  |           0  |           0  |  00:00:00  |
|  Shift Register          |          0.000  |          0.000  |            0  |              0  |                     0  |           0  |           0  |  00:00:00  |
|  Critical Pin            |          0.000  |          0.000  |            0  |              0  |                     0  |           0  |           0  |  00:00:00  |
|  Very High Fanout        |          0.000  |          0.000  |           22  |              0  |                    12  |           0  |           1  |  00:00:06  |
|  BRAM Enable             |          0.000  |          0.000  |            0  |              0  |                     0  |           0  |           1  |  00:00:00  |
|  Critical Path           |          0.000  |          0.000  |            0  |              0  |                     0  |           0  |           1  |  00:00:00  |
|  Total                   |          0.098  |          0.241  |           27  |              0  |                    99  |           0  |           8  |  00:00:11  |
----------------------------------------------------------------------------------------------------------------------------------------------------------------------


Netlist sorting complete. Time (s): cpu = 00:00:00.01 ; elapsed = 00:00:00.01 . Memory (MB): peak = 4933.633 ; gain = 0.000 ; free physical = 16112 ; free virtual = 30293
Ending Physical Synthesis Task | Checksum: 1f769138b

Time (s): cpu = 00:01:09 ; elapsed = 00:00:17 . Memory (MB): peak = 4933.633 ; gain = 0.000 ; free physical = 16112 ; free virtual = 30293
INFO: [Common 17-83] Releasing license: Implementation
530 Infos, 36 Warnings, 0 Critical Warnings and 0 Errors encountered.
phys_opt_design completed successfully
phys_opt_design: Time (s): cpu = 00:01:28 ; elapsed = 00:00:22 . Memory (MB): peak = 4933.633 ; gain = 0.000 ; free physical = 16194 ; free virtual = 30375
INFO: [Timing 38-480] Writing timing data to binary archive.
Writing placer database...
Writing XDEF routing.
Writing XDEF routing logical nets.
Writing XDEF routing special nets.
Write XDEF Complete: Time (s): cpu = 00:00:08 ; elapsed = 00:00:02 . Memory (MB): peak = 4933.633 ; gain = 0.000 ; free physical = 15910 ; free virtual = 30288
INFO: [Common 17-1381] The checkpoint '/home/dipen/Kintex7/board-design-3/board-design-3.runs/impl_1/design_1_wrapper_physopt.dcp' has been generated.
write_checkpoint: Time (s): cpu = 00:00:21 ; elapsed = 00:00:15 . Memory (MB): peak = 4933.633 ; gain = 0.000 ; free physical = 16047 ; free virtual = 30266
Command: route_design -directive Explore
Attempting to get a license for feature 'Implementation' and/or device 'xc7k480t'
INFO: [Common 17-349] Got license for feature 'Implementation' and/or device 'xc7k480t'
INFO: [DRC 23-27] Running DRC with 8 threads
INFO: [Vivado_Tcl 4-198] DRC finished with 0 Errors
INFO: [Vivado_Tcl 4-199] Please refer to the DRC report (report_drc) for more information.
Running DRC as a precondition to command route_design
INFO: [DRC 23-27] Running DRC with 8 threads
INFO: [Vivado_Tcl 4-198] DRC finished with 0 Errors
INFO: [Vivado_Tcl 4-199] Please refer to the DRC report (report_drc) for more information.


Starting Routing Task
INFO: [Route 35-270] Using Router directive 'Explore'.
INFO: [Route 35-254] Multithreading enabled for route_design using a maximum of 8 CPUs
Checksum: PlaceDB: d514e37c ConstDB: 0 ShapeSum: 98f0408c RouteDB: 0

Phase 1 Build RT Design
Phase 1 Build RT Design | Checksum: fb4abf74

Time (s): cpu = 00:00:27 ; elapsed = 00:00:10 . Memory (MB): peak = 4965.648 ; gain = 32.016 ; free physical = 15740 ; free virtual = 29958
Post Restoration Checksum: NetGraph: 3fb5c068 NumContArr: bb94ff0c Constraints: 0 Timing: 0

Phase 2 Router Initialization

Phase 2.1 Create Timer
Phase 2.1 Create Timer | Checksum: fb4abf74

Time (s): cpu = 00:00:27 ; elapsed = 00:00:10 . Memory (MB): peak = 4965.648 ; gain = 32.016 ; free physical = 15757 ; free virtual = 29976

Phase 2.2 Fix Topology Constraints
Phase 2.2 Fix Topology Constraints | Checksum: fb4abf74

Time (s): cpu = 00:00:28 ; elapsed = 00:00:10 . Memory (MB): peak = 4965.648 ; gain = 32.016 ; free physical = 15711 ; free virtual = 29929

Phase 2.3 Pre Route Cleanup
Phase 2.3 Pre Route Cleanup | Checksum: fb4abf74

Time (s): cpu = 00:00:28 ; elapsed = 00:00:10 . Memory (MB): peak = 4965.648 ; gain = 32.016 ; free physical = 15711 ; free virtual = 29929
 Number of Nodes with overlaps = 0

Phase 2.4 Update Timing
Phase 2.4 Update Timing | Checksum: 133200014

Time (s): cpu = 00:00:54 ; elapsed = 00:00:22 . Memory (MB): peak = 4965.648 ; gain = 32.016 ; free physical = 15552 ; free virtual = 29770
INFO: [Route 35-416] Intermediate Timing Summary | WNS=0.096  | TNS=0.000  | WHS=-0.500 | THS=-8717.259|


Phase 2.5 Update Timing for Bus Skew

Phase 2.5.1 Update Timing
Phase 2.5.1 Update Timing | Checksum: f9fa0fa4

Time (s): cpu = 00:01:16 ; elapsed = 00:00:27 . Memory (MB): peak = 4965.648 ; gain = 32.016 ; free physical = 15641 ; free virtual = 29859
INFO: [Route 35-416] Intermediate Timing Summary | WNS=0.096  | TNS=0.000  | WHS=N/A    | THS=N/A    |

Phase 2.5 Update Timing for Bus Skew | Checksum: 19a01a23e

Time (s): cpu = 00:01:16 ; elapsed = 00:00:28 . Memory (MB): peak = 4965.648 ; gain = 32.016 ; free physical = 15641 ; free virtual = 29859
Phase 2 Router Initialization | Checksum: 212cb4a40

Time (s): cpu = 00:01:16 ; elapsed = 00:00:28 . Memory (MB): peak = 4965.648 ; gain = 32.016 ; free physical = 15641 ; free virtual = 29859

Router Utilization Summary
  Global Vertical Routing Utilization    = 0 %
  Global Horizontal Routing Utilization  = 0 %
  Routable Net Status*
  *Does not include unroutable nets such as driverless and loadless.
  Run report_route_status for detailed report.
  Number of Failed Nets               = 112055
    (Failed Nets is the sum of unrouted and partially routed nets)
  Number of Unrouted Nets             = 112055
  Number of Partially Routed Nets     = 0
  Number of Node Overlaps             = 0


Phase 3 Initial Routing
Phase 3 Initial Routing | Checksum: 12422e4e3

Time (s): cpu = 00:01:34 ; elapsed = 00:00:32 . Memory (MB): peak = 4965.648 ; gain = 32.016 ; free physical = 15681 ; free virtual = 29900

Phase 4 Rip-up And Reroute

Phase 4.1 Global Iteration 0
 Number of Nodes with overlaps = 11583
 Number of Nodes with overlaps = 857
 Number of Nodes with overlaps = 187
 Number of Nodes with overlaps = 42
 Number of Nodes with overlaps = 14
 Number of Nodes with overlaps = 3
 Number of Nodes with overlaps = 1
 Number of Nodes with overlaps = 1
 Number of Nodes with overlaps = 1
 Number of Nodes with overlaps = 0
INFO: [Route 35-416] Intermediate Timing Summary | WNS=-0.062 | TNS=-0.062 | WHS=N/A    | THS=N/A    |

Phase 4.1 Global Iteration 0 | Checksum: 12a50eb8a

Time (s): cpu = 00:02:24 ; elapsed = 00:00:57 . Memory (MB): peak = 4965.648 ; gain = 32.016 ; free physical = 15610 ; free virtual = 29825

Phase 4.2 Global Iteration 1
 Number of Nodes with overlaps = 421
 Number of Nodes with overlaps = 67
 Number of Nodes with overlaps = 10
 Number of Nodes with overlaps = 4
 Number of Nodes with overlaps = 2
 Number of Nodes with overlaps = 1
 Number of Nodes with overlaps = 0
INFO: [Route 35-416] Intermediate Timing Summary | WNS=-0.050 | TNS=-0.050 | WHS=N/A    | THS=N/A    |

Phase 4.2 Global Iteration 1 | Checksum: 18fe722a2

Time (s): cpu = 00:02:36 ; elapsed = 00:01:07 . Memory (MB): peak = 4965.648 ; gain = 32.016 ; free physical = 15623 ; free virtual = 29837

Phase 4.3 Global Iteration 2
 Number of Nodes with overlaps = 333
 Number of Nodes with overlaps = 88
 Number of Nodes with overlaps = 24
 Number of Nodes with overlaps = 12
 Number of Nodes with overlaps = 2
 Number of Nodes with overlaps = 0
INFO: [Route 35-416] Intermediate Timing Summary | WNS=-0.087 | TNS=-0.087 | WHS=N/A    | THS=N/A    |

Phase 4.3 Global Iteration 2 | Checksum: 21c6c7886

Time (s): cpu = 00:02:44 ; elapsed = 00:01:12 . Memory (MB): peak = 4965.648 ; gain = 32.016 ; free physical = 15682 ; free virtual = 29897
Phase 4 Rip-up And Reroute | Checksum: 21c6c7886

Time (s): cpu = 00:02:44 ; elapsed = 00:01:13 . Memory (MB): peak = 4965.648 ; gain = 32.016 ; free physical = 15682 ; free virtual = 29897

Phase 5 Delay and Skew Optimization

Phase 5.1 Delay CleanUp

Phase 5.1.1 Update Timing
Phase 5.1.1 Update Timing | Checksum: 17a57d06f

Time (s): cpu = 00:02:50 ; elapsed = 00:01:14 . Memory (MB): peak = 4965.648 ; gain = 32.016 ; free physical = 15693 ; free virtual = 29907
INFO: [Route 35-416] Intermediate Timing Summary | WNS=-0.009 | TNS=-0.009 | WHS=N/A    | THS=N/A    |

 Number of Nodes with overlaps = 0
Phase 5.1 Delay CleanUp | Checksum: 18ca30111

Time (s): cpu = 00:02:51 ; elapsed = 00:01:15 . Memory (MB): peak = 4965.648 ; gain = 32.016 ; free physical = 15694 ; free virtual = 29908

Phase 5.2 Clock Skew Optimization
Phase 5.2 Clock Skew Optimization | Checksum: 18ca30111

Time (s): cpu = 00:02:51 ; elapsed = 00:01:15 . Memory (MB): peak = 4965.648 ; gain = 32.016 ; free physical = 15694 ; free virtual = 29909
Phase 5 Delay and Skew Optimization | Checksum: 18ca30111

Time (s): cpu = 00:02:51 ; elapsed = 00:01:15 . Memory (MB): peak = 4965.648 ; gain = 32.016 ; free physical = 15695 ; free virtual = 29909

Phase 6 Post Hold Fix

Phase 6.1 Hold Fix Iter

Phase 6.1.1 Update Timing
Phase 6.1.1 Update Timing | Checksum: 194f38ef1

Time (s): cpu = 00:02:58 ; elapsed = 00:01:18 . Memory (MB): peak = 4965.648 ; gain = 32.016 ; free physical = 15705 ; free virtual = 29919
INFO: [Route 35-416] Intermediate Timing Summary | WNS=0.019  | TNS=0.000  | WHS=0.032  | THS=0.000  |

Phase 6.1 Hold Fix Iter | Checksum: 1a8e8360c

Time (s): cpu = 00:02:58 ; elapsed = 00:01:18 . Memory (MB): peak = 4965.648 ; gain = 32.016 ; free physical = 15705 ; free virtual = 29919
Phase 6 Post Hold Fix | Checksum: 1a8e8360c

Time (s): cpu = 00:02:58 ; elapsed = 00:01:18 . Memory (MB): peak = 4965.648 ; gain = 32.016 ; free physical = 15705 ; free virtual = 29919

Phase 7 Route finalize

Router Utilization Summary
  Global Vertical Routing Utilization    = 7.20049 %
  Global Horizontal Routing Utilization  = 7.25759 %
  Routable Net Status*
  *Does not include unroutable nets such as driverless and loadless.
  Run report_route_status for detailed report.
  Number of Failed Nets               = 0
    (Failed Nets is the sum of unrouted and partially routed nets)
  Number of Unrouted Nets             = 0
  Number of Partially Routed Nets     = 0
  Number of Node Overlaps             = 0

Phase 7 Route finalize | Checksum: 20bed8ceb

Time (s): cpu = 00:02:59 ; elapsed = 00:01:18 . Memory (MB): peak = 4965.648 ; gain = 32.016 ; free physical = 15709 ; free virtual = 29924

Phase 8 Verifying routed nets

 Verification completed successfully
Phase 8 Verifying routed nets | Checksum: 20bed8ceb

Time (s): cpu = 00:02:59 ; elapsed = 00:01:18 . Memory (MB): peak = 4965.648 ; gain = 32.016 ; free physical = 15700 ; free virtual = 29915

Phase 9 Depositing Routes
Phase 9 Depositing Routes | Checksum: 17bd2f4a2

Time (s): cpu = 00:03:02 ; elapsed = 00:01:21 . Memory (MB): peak = 4965.648 ; gain = 32.016 ; free physical = 15710 ; free virtual = 29925

Phase 10 Post Router Timing
INFO: [Route 35-20] Post Routing Timing Summary | WNS=0.019  | TNS=0.000  | WHS=0.032  | THS=0.000  |

INFO: [Route 35-61] The design met the timing requirement.
Phase 10 Post Router Timing | Checksum: e33fca72

Time (s): cpu = 00:03:22 ; elapsed = 00:01:26 . Memory (MB): peak = 4965.648 ; gain = 32.016 ; free physical = 15619 ; free virtual = 29833
INFO: [Route 35-16] Router Completed Successfully

Time (s): cpu = 00:03:22 ; elapsed = 00:01:26 . Memory (MB): peak = 4965.648 ; gain = 32.016 ; free physical = 15956 ; free virtual = 30170

Routing Is Done.
INFO: [Common 17-83] Releasing license: Implementation
552 Infos, 36 Warnings, 0 Critical Warnings and 0 Errors encountered.
route_design completed successfully
route_design: Time (s): cpu = 00:03:27 ; elapsed = 00:01:29 . Memory (MB): peak = 4965.648 ; gain = 32.016 ; free physical = 15956 ; free virtual = 30170
INFO: [Timing 38-480] Writing timing data to binary archive.
Writing placer database...
Writing XDEF routing.
Writing XDEF routing logical nets.
Writing XDEF routing special nets.
Write XDEF Complete: Time (s): cpu = 00:00:09 ; elapsed = 00:00:03 . Memory (MB): peak = 4965.648 ; gain = 0.000 ; free physical = 15619 ; free virtual = 30081
INFO: [Common 17-1381] The checkpoint '/home/dipen/Kintex7/board-design-3/board-design-3.runs/impl_1/design_1_wrapper_routed.dcp' has been generated.
write_checkpoint: Time (s): cpu = 00:00:22 ; elapsed = 00:00:16 . Memory (MB): peak = 4965.648 ; gain = 0.000 ; free physical = 15845 ; free virtual = 30116
INFO: [runtcl-4] Executing : report_drc -file design_1_wrapper_drc_routed.rpt -pb design_1_wrapper_drc_routed.pb -rpx design_1_wrapper_drc_routed.rpx
Command: report_drc -file design_1_wrapper_drc_routed.rpt -pb design_1_wrapper_drc_routed.pb -rpx design_1_wrapper_drc_routed.rpx
INFO: [IP_Flow 19-1839] IP Catalog is up to date.
INFO: [DRC 23-27] Running DRC with 8 threads
INFO: [Coretcl 2-168] The results of DRC are in file /home/dipen/Kintex7/board-design-3/board-design-3.runs/impl_1/design_1_wrapper_drc_routed.rpt.
report_drc completed successfully
INFO: [runtcl-4] Executing : report_methodology -file design_1_wrapper_methodology_drc_routed.rpt -pb design_1_wrapper_methodology_drc_routed.pb -rpx design_1_wrapper_methodology_drc_routed.rpx
Command: report_methodology -file design_1_wrapper_methodology_drc_routed.rpt -pb design_1_wrapper_methodology_drc_routed.pb -rpx design_1_wrapper_methodology_drc_routed.rpx
INFO: [Timing 38-35] Done setting XDC timing constraints.
INFO: [DRC 23-133] Running Methodology with 8 threads
INFO: [Coretcl 2-1520] The results of Report Methodology are in file /home/dipen/Kintex7/board-design-3/board-design-3.runs/impl_1/design_1_wrapper_methodology_drc_routed.rpt.
report_methodology completed successfully
report_methodology: Time (s): cpu = 00:00:42 ; elapsed = 00:00:12 . Memory (MB): peak = 5136.875 ; gain = 171.227 ; free physical = 15839 ; free virtual = 30110
INFO: [runtcl-4] Executing : report_power -file design_1_wrapper_power_routed.rpt -pb design_1_wrapper_power_summary_routed.pb -rpx design_1_wrapper_power_routed.rpx
Command: report_power -file design_1_wrapper_power_routed.rpt -pb design_1_wrapper_power_summary_routed.pb -rpx design_1_wrapper_power_routed.rpx
INFO: [Timing 38-35] Done setting XDC timing constraints.
Running Vector-less Activity Propagation...

Finished Running Vector-less Activity Propagation
WARNING: [Power 33-332] Found switching activity that implies high-fanout reset nets being asserted for excessive periods of time which may result in inaccurate power analysis.
Resolution: To review and fix problems, please run Power Constraints Advisor in the GUI from Tools > Power Constraints Advisor or run report_power with the -advisory option to generate a text report.
564 Infos, 37 Warnings, 0 Critical Warnings and 0 Errors encountered.
report_power completed successfully
report_power: Time (s): cpu = 00:00:32 ; elapsed = 00:00:11 . Memory (MB): peak = 5160.887 ; gain = 24.012 ; free physical = 15749 ; free virtual = 30035
INFO: [runtcl-4] Executing : report_route_status -file design_1_wrapper_route_status.rpt -pb design_1_wrapper_route_status.pb
INFO: [runtcl-4] Executing : report_timing_summary -max_paths 10 -file design_1_wrapper_timing_summary_routed.rpt -pb design_1_wrapper_timing_summary_routed.pb -rpx design_1_wrapper_timing_summary_routed.rpx
INFO: [Timing 38-91] UpdateTimingParams: Speed grade: -2, Delay Type: min_max.
INFO: [Timing 38-191] Multithreading enabled for timing update using a maximum of 8 CPUs
WARNING: [Timing 38-436] There are set_bus_skew constraint(s) in this design. Please run report_bus_skew to ensure that bus skew requirements are met.
INFO: [runtcl-4] Executing : report_incremental_reuse -file design_1_wrapper_incremental_reuse_routed.rpt
INFO: [Vivado_Tcl 4-1062] Incremental flow is disabled. No incremental reuse Info to report.
INFO: [runtcl-4] Executing : report_clock_utilization -file design_1_wrapper_clock_utilization_routed.rpt
INFO: [runtcl-4] Executing : report_bus_skew -warn_on_violation -file design_1_wrapper_bus_skew_routed.rpt -pb design_1_wrapper_bus_skew_routed.pb -rpx design_1_wrapper_bus_skew_routed.rpx
INFO: [Timing 38-91] UpdateTimingParams: Speed grade: -2, Delay Type: min_max.
INFO: [Timing 38-191] Multithreading enabled for timing update using a maximum of 8 CPUs
Command: phys_opt_design -directive AggressiveExplore
Attempting to get a license for feature 'Implementation' and/or device 'xc7k480t'
INFO: [Common 17-349] Got license for feature 'Implementation' and/or device 'xc7k480t'
INFO: [Vivado_Tcl 4-241] Physical synthesis in post route mode ( 100.0% nets are fully routed)
INFO: [Vivado_Tcl 4-137] Directive used for phys_opt_design is: AggressiveExplore
INFO: [Vivado_Tcl 4-383] Design worst setup slack (WNS) is greater than or equal to 0.000 ns. Skipping all physical synthesis optimizations.
INFO: [Vivado_Tcl 4-232] No setup violation found. The netlist was not modified.
INFO: [Common 17-83] Releasing license: Implementation
580 Infos, 38 Warnings, 0 Critical Warnings and 0 Errors encountered.
phys_opt_design completed successfully
INFO: [Timing 38-480] Writing timing data to binary archive.
Writing placer database...
Writing XDEF routing.
Writing XDEF routing logical nets.
Writing XDEF routing special nets.
Write XDEF Complete: Time (s): cpu = 00:00:09 ; elapsed = 00:00:03 . Memory (MB): peak = 5160.887 ; gain = 0.000 ; free physical = 15327 ; free virtual = 29901
INFO: [Common 17-1381] The checkpoint '/home/dipen/Kintex7/board-design-3/board-design-3.runs/impl_1/design_1_wrapper_postroute_physopt.dcp' has been generated.
write_checkpoint: Time (s): cpu = 00:00:22 ; elapsed = 00:00:15 . Memory (MB): peak = 5160.887 ; gain = 0.000 ; free physical = 15589 ; free virtual = 29971
INFO: [runtcl-4] Executing : report_timing_summary -max_paths 10 -warn_on_violation -file design_1_wrapper_timing_summary_postroute_physopted.rpt -pb design_1_wrapper_timing_summary_postroute_physopted.pb -rpx design_1_wrapper_timing_summary_postroute_physopted.rpx
INFO: [Timing 38-91] UpdateTimingParams: Speed grade: -2, Delay Type: min_max.
INFO: [Timing 38-191] Multithreading enabled for timing update using a maximum of 8 CPUs
WARNING: [Timing 38-436] There are set_bus_skew constraint(s) in this design. Please run report_bus_skew to ensure that bus skew requirements are met.
INFO: [runtcl-4] Executing : report_bus_skew -warn_on_violation -file design_1_wrapper_bus_skew_postroute_physopted.rpt -pb design_1_wrapper_bus_skew_postroute_physopted.pb -rpx design_1_wrapper_bus_skew_postroute_physopted.rpx
INFO: [Timing 38-91] UpdateTimingParams: Speed grade: -2, Delay Type: min_max.
INFO: [Timing 38-191] Multithreading enabled for timing update using a maximum of 8 CPUs
INFO: [Memdata 28-167] Found XPM memory block design_1_i/smartconnect_0/inst/s01_nodes/s01_w_node/inst/inst_mi_handler/gen_normal_area.inst_fifo_node_payld/gen_xpm_memory_fifo.inst_fifo/gen_mem_rep[2].inst_xpm_memory/xpm_memory_base_inst with a P_MEMORY_PRIMITIVE property set to distributed. A value of block is required. You will not be able to use the updatemem program to update the bitstream with new data for the design_1_i/smartconnect_0/inst/s01_nodes/s01_w_node/inst/inst_mi_handler/gen_normal_area.inst_fifo_node_payld/gen_xpm_memory_fifo.inst_fifo/gen_mem_rep[2].inst_xpm_memory/xpm_memory_base_inst block.
INFO: [Memdata 28-167] Found XPM memory block design_1_i/smartconnect_0/inst/s01_nodes/s01_w_node/inst/inst_mi_handler/gen_normal_area.inst_fifo_node_payld/gen_xpm_memory_fifo.inst_fifo/gen_mem_rep[1].inst_xpm_memory/xpm_memory_base_inst with a P_MEMORY_PRIMITIVE property set to distributed. A value of block is required. You will not be able to use the updatemem program to update the bitstream with new data for the design_1_i/smartconnect_0/inst/s01_nodes/s01_w_node/inst/inst_mi_handler/gen_normal_area.inst_fifo_node_payld/gen_xpm_memory_fifo.inst_fifo/gen_mem_rep[1].inst_xpm_memory/xpm_memory_base_inst block.
INFO: [Memdata 28-167] Found XPM memory block design_1_i/smartconnect_0/inst/s01_nodes/s01_w_node/inst/inst_mi_handler/gen_normal_area.inst_fifo_node_payld/gen_xpm_memory_fifo.inst_fifo/gen_mem_rep[0].inst_xpm_memory/xpm_memory_base_inst with a P_MEMORY_PRIMITIVE property set to distributed. A value of block is required. You will not be able to use the updatemem program to update the bitstream with new data for the design_1_i/smartconnect_0/inst/s01_nodes/s01_w_node/inst/inst_mi_handler/gen_normal_area.inst_fifo_node_payld/gen_xpm_memory_fifo.inst_fifo/gen_mem_rep[0].inst_xpm_memory/xpm_memory_base_inst block.
INFO: [Memdata 28-167] Found XPM memory block design_1_i/smartconnect_0/inst/s01_nodes/s01_w_node/inst/inst_mi_handler/gen_normal_area.gen_fifo_req.inst_fifo_req/gen_xpm_memory_fifo.inst_fifo/gen_mem_rep[0].inst_xpm_memory/xpm_memory_base_inst with a P_MEMORY_PRIMITIVE property set to distributed. A value of block is required. You will not be able to use the updatemem program to update the bitstream with new data for the design_1_i/smartconnect_0/inst/s01_nodes/s01_w_node/inst/inst_mi_handler/gen_normal_area.gen_fifo_req.inst_fifo_req/gen_xpm_memory_fifo.inst_fifo/gen_mem_rep[0].inst_xpm_memory/xpm_memory_base_inst block.
INFO: [Memdata 28-167] Found XPM memory block design_1_i/smartconnect_0/inst/s01_nodes/s01_r_node/inst/inst_mi_handler/gen_normal_area.inst_fifo_node_payld/gen_xpm_memory_fifo.inst_fifo/gen_mem_rep[2].inst_xpm_memory/xpm_memory_base_inst with a P_MEMORY_PRIMITIVE property set to distributed. A value of block is required. You will not be able to use the updatemem program to update the bitstream with new data for the design_1_i/smartconnect_0/inst/s01_nodes/s01_r_node/inst/inst_mi_handler/gen_normal_area.inst_fifo_node_payld/gen_xpm_memory_fifo.inst_fifo/gen_mem_rep[2].inst_xpm_memory/xpm_memory_base_inst block.
INFO: [Memdata 28-167] Found XPM memory block design_1_i/smartconnect_0/inst/s01_nodes/s01_r_node/inst/inst_mi_handler/gen_normal_area.inst_fifo_node_payld/gen_xpm_memory_fifo.inst_fifo/gen_mem_rep[1].inst_xpm_memory/xpm_memory_base_inst with a P_MEMORY_PRIMITIVE property set to distributed. A value of block is required. You will not be able to use the updatemem program to update the bitstream with new data for the design_1_i/smartconnect_0/inst/s01_nodes/s01_r_node/inst/inst_mi_handler/gen_normal_area.inst_fifo_node_payld/gen_xpm_memory_fifo.inst_fifo/gen_mem_rep[1].inst_xpm_memory/xpm_memory_base_inst block.
INFO: [Memdata 28-167] Found XPM memory block design_1_i/smartconnect_0/inst/s01_nodes/s01_r_node/inst/inst_mi_handler/gen_normal_area.inst_fifo_node_payld/gen_xpm_memory_fifo.inst_fifo/gen_mem_rep[0].inst_xpm_memory/xpm_memory_base_inst with a P_MEMORY_PRIMITIVE property set to distributed. A value of block is required. You will not be able to use the updatemem program to update the bitstream with new data for the design_1_i/smartconnect_0/inst/s01_nodes/s01_r_node/inst/inst_mi_handler/gen_normal_area.inst_fifo_node_payld/gen_xpm_memory_fifo.inst_fifo/gen_mem_rep[0].inst_xpm_memory/xpm_memory_base_inst block.
INFO: [Memdata 28-167] Found XPM memory block design_1_i/smartconnect_0/inst/s01_nodes/s01_b_node/inst/inst_mi_handler/gen_normal_area.inst_fifo_node_payld/gen_xpm_memory_fifo.inst_fifo/gen_mem_rep[0].inst_xpm_memory/xpm_memory_base_inst with a P_MEMORY_PRIMITIVE property set to distributed. A value of block is required. You will not be able to use the updatemem program to update the bitstream with new data for the design_1_i/smartconnect_0/inst/s01_nodes/s01_b_node/inst/inst_mi_handler/gen_normal_area.inst_fifo_node_payld/gen_xpm_memory_fifo.inst_fifo/gen_mem_rep[0].inst_xpm_memory/xpm_memory_base_inst block.
INFO: [Memdata 28-167] Found XPM memory block design_1_i/smartconnect_0/inst/s01_nodes/s01_aw_node/inst/inst_mi_handler/gen_normal_area.inst_fifo_node_payld/gen_xpm_memory_fifo.inst_fifo/gen_mem_rep[0].inst_xpm_memory/xpm_memory_base_inst with a P_MEMORY_PRIMITIVE property set to distributed. A value of block is required. You will not be able to use the updatemem program to update the bitstream with new data for the design_1_i/smartconnect_0/inst/s01_nodes/s01_aw_node/inst/inst_mi_handler/gen_normal_area.inst_fifo_node_payld/gen_xpm_memory_fifo.inst_fifo/gen_mem_rep[0].inst_xpm_memory/xpm_memory_base_inst block.
INFO: [Memdata 28-167] Found XPM memory block design_1_i/smartconnect_0/inst/s01_nodes/s01_aw_node/inst/inst_mi_handler/gen_normal_area.gen_fifo_req.inst_fifo_req/gen_xpm_memory_fifo.inst_fifo/gen_mem_rep[0].inst_xpm_memory/xpm_memory_base_inst with a P_MEMORY_PRIMITIVE property set to distributed. A value of block is required. You will not be able to use the updatemem program to update the bitstream with new data for the design_1_i/smartconnect_0/inst/s01_nodes/s01_aw_node/inst/inst_mi_handler/gen_normal_area.gen_fifo_req.inst_fifo_req/gen_xpm_memory_fifo.inst_fifo/gen_mem_rep[0].inst_xpm_memory/xpm_memory_base_inst block.
INFO: [Memdata 28-167] Found XPM memory block design_1_i/smartconnect_0/inst/s01_nodes/s01_ar_node/inst/inst_mi_handler/gen_normal_area.inst_fifo_node_payld/gen_xpm_memory_fifo.inst_fifo/gen_mem_rep[0].inst_xpm_memory/xpm_memory_base_inst with a P_MEMORY_PRIMITIVE property set to distributed. A value of block is required. You will not be able to use the updatemem program to update the bitstream with new data for the design_1_i/smartconnect_0/inst/s01_nodes/s01_ar_node/inst/inst_mi_handler/gen_normal_area.inst_fifo_node_payld/gen_xpm_memory_fifo.inst_fifo/gen_mem_rep[0].inst_xpm_memory/xpm_memory_base_inst block.
INFO: [Memdata 28-167] Found XPM memory block design_1_i/smartconnect_0/inst/s01_nodes/s01_ar_node/inst/inst_mi_handler/gen_normal_area.gen_fifo_req.inst_fifo_req/gen_xpm_memory_fifo.inst_fifo/gen_mem_rep[0].inst_xpm_memory/xpm_memory_base_inst with a P_MEMORY_PRIMITIVE property set to distributed. A value of block is required. You will not be able to use the updatemem program to update the bitstream with new data for the design_1_i/smartconnect_0/inst/s01_nodes/s01_ar_node/inst/inst_mi_handler/gen_normal_area.gen_fifo_req.inst_fifo_req/gen_xpm_memory_fifo.inst_fifo/gen_mem_rep[0].inst_xpm_memory/xpm_memory_base_inst block.
INFO: [Memdata 28-167] Found XPM memory block design_1_i/smartconnect_0/inst/s00_nodes/s00_w_node/inst/inst_mi_handler/gen_normal_area.inst_fifo_node_payld/gen_xpm_memory_fifo.inst_fifo/gen_mem_rep[2].inst_xpm_memory/xpm_memory_base_inst with a P_MEMORY_PRIMITIVE property set to distributed. A value of block is required. You will not be able to use the updatemem program to update the bitstream with new data for the design_1_i/smartconnect_0/inst/s00_nodes/s00_w_node/inst/inst_mi_handler/gen_normal_area.inst_fifo_node_payld/gen_xpm_memory_fifo.inst_fifo/gen_mem_rep[2].inst_xpm_memory/xpm_memory_base_inst block.
INFO: [Memdata 28-167] Found XPM memory block design_1_i/smartconnect_0/inst/s00_nodes/s00_w_node/inst/inst_mi_handler/gen_normal_area.inst_fifo_node_payld/gen_xpm_memory_fifo.inst_fifo/gen_mem_rep[1].inst_xpm_memory/xpm_memory_base_inst with a P_MEMORY_PRIMITIVE property set to distributed. A value of block is required. You will not be able to use the updatemem program to update the bitstream with new data for the design_1_i/smartconnect_0/inst/s00_nodes/s00_w_node/inst/inst_mi_handler/gen_normal_area.inst_fifo_node_payld/gen_xpm_memory_fifo.inst_fifo/gen_mem_rep[1].inst_xpm_memory/xpm_memory_base_inst block.
INFO: [Memdata 28-167] Found XPM memory block design_1_i/smartconnect_0/inst/s00_nodes/s00_w_node/inst/inst_mi_handler/gen_normal_area.inst_fifo_node_payld/gen_xpm_memory_fifo.inst_fifo/gen_mem_rep[0].inst_xpm_memory/xpm_memory_base_inst with a P_MEMORY_PRIMITIVE property set to distributed. A value of block is required. You will not be able to use the updatemem program to update the bitstream with new data for the design_1_i/smartconnect_0/inst/s00_nodes/s00_w_node/inst/inst_mi_handler/gen_normal_area.inst_fifo_node_payld/gen_xpm_memory_fifo.inst_fifo/gen_mem_rep[0].inst_xpm_memory/xpm_memory_base_inst block.
INFO: [Memdata 28-167] Found XPM memory block design_1_i/smartconnect_0/inst/s00_nodes/s00_w_node/inst/inst_mi_handler/gen_normal_area.gen_fifo_req.inst_fifo_req/gen_xpm_memory_fifo.inst_fifo/gen_mem_rep[0].inst_xpm_memory/xpm_memory_base_inst with a P_MEMORY_PRIMITIVE property set to distributed. A value of block is required. You will not be able to use the updatemem program to update the bitstream with new data for the design_1_i/smartconnect_0/inst/s00_nodes/s00_w_node/inst/inst_mi_handler/gen_normal_area.gen_fifo_req.inst_fifo_req/gen_xpm_memory_fifo.inst_fifo/gen_mem_rep[0].inst_xpm_memory/xpm_memory_base_inst block.
INFO: [Memdata 28-167] Found XPM memory block design_1_i/smartconnect_0/inst/s00_nodes/s00_r_node/inst/inst_mi_handler/gen_normal_area.inst_fifo_node_payld/gen_xpm_memory_fifo.inst_fifo/gen_mem_rep[2].inst_xpm_memory/xpm_memory_base_inst with a P_MEMORY_PRIMITIVE property set to distributed. A value of block is required. You will not be able to use the updatemem program to update the bitstream with new data for the design_1_i/smartconnect_0/inst/s00_nodes/s00_r_node/inst/inst_mi_handler/gen_normal_area.inst_fifo_node_payld/gen_xpm_memory_fifo.inst_fifo/gen_mem_rep[2].inst_xpm_memory/xpm_memory_base_inst block.
INFO: [Memdata 28-167] Found XPM memory block design_1_i/smartconnect_0/inst/s00_nodes/s00_r_node/inst/inst_mi_handler/gen_normal_area.inst_fifo_node_payld/gen_xpm_memory_fifo.inst_fifo/gen_mem_rep[1].inst_xpm_memory/xpm_memory_base_inst with a P_MEMORY_PRIMITIVE property set to distributed. A value of block is required. You will not be able to use the updatemem program to update the bitstream with new data for the design_1_i/smartconnect_0/inst/s00_nodes/s00_r_node/inst/inst_mi_handler/gen_normal_area.inst_fifo_node_payld/gen_xpm_memory_fifo.inst_fifo/gen_mem_rep[1].inst_xpm_memory/xpm_memory_base_inst block.
INFO: [Memdata 28-167] Found XPM memory block design_1_i/smartconnect_0/inst/s00_nodes/s00_r_node/inst/inst_mi_handler/gen_normal_area.inst_fifo_node_payld/gen_xpm_memory_fifo.inst_fifo/gen_mem_rep[0].inst_xpm_memory/xpm_memory_base_inst with a P_MEMORY_PRIMITIVE property set to distributed. A value of block is required. You will not be able to use the updatemem program to update the bitstream with new data for the design_1_i/smartconnect_0/inst/s00_nodes/s00_r_node/inst/inst_mi_handler/gen_normal_area.inst_fifo_node_payld/gen_xpm_memory_fifo.inst_fifo/gen_mem_rep[0].inst_xpm_memory/xpm_memory_base_inst block.
INFO: [Memdata 28-167] Found XPM memory block design_1_i/smartconnect_0/inst/s00_nodes/s00_b_node/inst/inst_mi_handler/gen_normal_area.inst_fifo_node_payld/gen_xpm_memory_fifo.inst_fifo/gen_mem_rep[0].inst_xpm_memory/xpm_memory_base_inst with a P_MEMORY_PRIMITIVE property set to distributed. A value of block is required. You will not be able to use the updatemem program to update the bitstream with new data for the design_1_i/smartconnect_0/inst/s00_nodes/s00_b_node/inst/inst_mi_handler/gen_normal_area.inst_fifo_node_payld/gen_xpm_memory_fifo.inst_fifo/gen_mem_rep[0].inst_xpm_memory/xpm_memory_base_inst block.
INFO: [Memdata 28-167] Found XPM memory block design_1_i/smartconnect_0/inst/s00_nodes/s00_aw_node/inst/inst_mi_handler/gen_normal_area.inst_fifo_node_payld/gen_xpm_memory_fifo.inst_fifo/gen_mem_rep[0].inst_xpm_memory/xpm_memory_base_inst with a P_MEMORY_PRIMITIVE property set to distributed. A value of block is required. You will not be able to use the updatemem program to update the bitstream with new data for the design_1_i/smartconnect_0/inst/s00_nodes/s00_aw_node/inst/inst_mi_handler/gen_normal_area.inst_fifo_node_payld/gen_xpm_memory_fifo.inst_fifo/gen_mem_rep[0].inst_xpm_memory/xpm_memory_base_inst block.
INFO: [Memdata 28-167] Found XPM memory block design_1_i/smartconnect_0/inst/s00_nodes/s00_aw_node/inst/inst_mi_handler/gen_normal_area.gen_fifo_req.inst_fifo_req/gen_xpm_memory_fifo.inst_fifo/gen_mem_rep[0].inst_xpm_memory/xpm_memory_base_inst with a P_MEMORY_PRIMITIVE property set to distributed. A value of block is required. You will not be able to use the updatemem program to update the bitstream with new data for the design_1_i/smartconnect_0/inst/s00_nodes/s00_aw_node/inst/inst_mi_handler/gen_normal_area.gen_fifo_req.inst_fifo_req/gen_xpm_memory_fifo.inst_fifo/gen_mem_rep[0].inst_xpm_memory/xpm_memory_base_inst block.
INFO: [Memdata 28-167] Found XPM memory block design_1_i/smartconnect_0/inst/s00_nodes/s00_ar_node/inst/inst_mi_handler/gen_normal_area.inst_fifo_node_payld/gen_xpm_memory_fifo.inst_fifo/gen_mem_rep[0].inst_xpm_memory/xpm_memory_base_inst with a P_MEMORY_PRIMITIVE property set to distributed. A value of block is required. You will not be able to use the updatemem program to update the bitstream with new data for the design_1_i/smartconnect_0/inst/s00_nodes/s00_ar_node/inst/inst_mi_handler/gen_normal_area.inst_fifo_node_payld/gen_xpm_memory_fifo.inst_fifo/gen_mem_rep[0].inst_xpm_memory/xpm_memory_base_inst block.
INFO: [Memdata 28-167] Found XPM memory block design_1_i/smartconnect_0/inst/s00_nodes/s00_ar_node/inst/inst_mi_handler/gen_normal_area.gen_fifo_req.inst_fifo_req/gen_xpm_memory_fifo.inst_fifo/gen_mem_rep[0].inst_xpm_memory/xpm_memory_base_inst with a P_MEMORY_PRIMITIVE property set to distributed. A value of block is required. You will not be able to use the updatemem program to update the bitstream with new data for the design_1_i/smartconnect_0/inst/s00_nodes/s00_ar_node/inst/inst_mi_handler/gen_normal_area.gen_fifo_req.inst_fifo_req/gen_xpm_memory_fifo.inst_fifo/gen_mem_rep[0].inst_xpm_memory/xpm_memory_base_inst block.
INFO: [Memdata 28-167] Found XPM memory block design_1_i/smartconnect_0/inst/m01_nodes/m01_w_node/inst/inst_si_handler/gen_si_handler.gen_request_fifos.gen_req_fifo[1].inst_req_fifo/gen_xpm_memory_fifo.inst_fifo/gen_mem_rep[0].inst_xpm_memory/xpm_memory_base_inst with a P_MEMORY_PRIMITIVE property set to distributed. A value of block is required. You will not be able to use the updatemem program to update the bitstream with new data for the design_1_i/smartconnect_0/inst/m01_nodes/m01_w_node/inst/inst_si_handler/gen_si_handler.gen_request_fifos.gen_req_fifo[1].inst_req_fifo/gen_xpm_memory_fifo.inst_fifo/gen_mem_rep[0].inst_xpm_memory/xpm_memory_base_inst block.
INFO: [Memdata 28-167] Found XPM memory block design_1_i/smartconnect_0/inst/m01_nodes/m01_w_node/inst/inst_si_handler/gen_si_handler.gen_request_fifos.gen_req_fifo[0].inst_req_fifo/gen_xpm_memory_fifo.inst_fifo/gen_mem_rep[0].inst_xpm_memory/xpm_memory_base_inst with a P_MEMORY_PRIMITIVE property set to distributed. A value of block is required. You will not be able to use the updatemem program to update the bitstream with new data for the design_1_i/smartconnect_0/inst/m01_nodes/m01_w_node/inst/inst_si_handler/gen_si_handler.gen_request_fifos.gen_req_fifo[0].inst_req_fifo/gen_xpm_memory_fifo.inst_fifo/gen_mem_rep[0].inst_xpm_memory/xpm_memory_base_inst block.
INFO: [Memdata 28-167] Found XPM memory block design_1_i/smartconnect_0/inst/m01_nodes/m01_w_node/inst/inst_mi_handler/gen_normal_area.inst_fifo_node_payld/gen_xpm_memory_fifo.inst_fifo/gen_mem_rep[3].inst_xpm_memory/xpm_memory_base_inst with a P_MEMORY_PRIMITIVE property set to distributed. A value of block is required. You will not be able to use the updatemem program to update the bitstream with new data for the design_1_i/smartconnect_0/inst/m01_nodes/m01_w_node/inst/inst_mi_handler/gen_normal_area.inst_fifo_node_payld/gen_xpm_memory_fifo.inst_fifo/gen_mem_rep[3].inst_xpm_memory/xpm_memory_base_inst block.
INFO: [Memdata 28-167] Found XPM memory block design_1_i/smartconnect_0/inst/m01_nodes/m01_w_node/inst/inst_mi_handler/gen_normal_area.inst_fifo_node_payld/gen_xpm_memory_fifo.inst_fifo/gen_mem_rep[2].inst_xpm_memory/xpm_memory_base_inst with a P_MEMORY_PRIMITIVE property set to distributed. A value of block is required. You will not be able to use the updatemem program to update the bitstream with new data for the design_1_i/smartconnect_0/inst/m01_nodes/m01_w_node/inst/inst_mi_handler/gen_normal_area.inst_fifo_node_payld/gen_xpm_memory_fifo.inst_fifo/gen_mem_rep[2].inst_xpm_memory/xpm_memory_base_inst block.
INFO: [Memdata 28-167] Found XPM memory block design_1_i/smartconnect_0/inst/m01_nodes/m01_w_node/inst/inst_mi_handler/gen_normal_area.inst_fifo_node_payld/gen_xpm_memory_fifo.inst_fifo/gen_mem_rep[1].inst_xpm_memory/xpm_memory_base_inst with a P_MEMORY_PRIMITIVE property set to distributed. A value of block is required. You will not be able to use the updatemem program to update the bitstream with new data for the design_1_i/smartconnect_0/inst/m01_nodes/m01_w_node/inst/inst_mi_handler/gen_normal_area.inst_fifo_node_payld/gen_xpm_memory_fifo.inst_fifo/gen_mem_rep[1].inst_xpm_memory/xpm_memory_base_inst block.
INFO: [Memdata 28-167] Found XPM memory block design_1_i/smartconnect_0/inst/m01_nodes/m01_w_node/inst/inst_mi_handler/gen_normal_area.inst_fifo_node_payld/gen_xpm_memory_fifo.inst_fifo/gen_mem_rep[0].inst_xpm_memory/xpm_memory_base_inst with a P_MEMORY_PRIMITIVE property set to distributed. A value of block is required. You will not be able to use the updatemem program to update the bitstream with new data for the design_1_i/smartconnect_0/inst/m01_nodes/m01_w_node/inst/inst_mi_handler/gen_normal_area.inst_fifo_node_payld/gen_xpm_memory_fifo.inst_fifo/gen_mem_rep[0].inst_xpm_memory/xpm_memory_base_inst block.
INFO: [Memdata 28-167] Found XPM memory block design_1_i/smartconnect_0/inst/m01_nodes/m01_r_node/inst/inst_mi_handler/gen_normal_area.inst_fifo_node_payld/gen_xpm_memory_fifo.inst_fifo/gen_mem_rep[2].inst_xpm_memory/xpm_memory_base_inst with a P_MEMORY_PRIMITIVE property set to distributed. A value of block is required. You will not be able to use the updatemem program to update the bitstream with new data for the design_1_i/smartconnect_0/inst/m01_nodes/m01_r_node/inst/inst_mi_handler/gen_normal_area.inst_fifo_node_payld/gen_xpm_memory_fifo.inst_fifo/gen_mem_rep[2].inst_xpm_memory/xpm_memory_base_inst block.
INFO: [Memdata 28-167] Found XPM memory block design_1_i/smartconnect_0/inst/m01_nodes/m01_r_node/inst/inst_mi_handler/gen_normal_area.inst_fifo_node_payld/gen_xpm_memory_fifo.inst_fifo/gen_mem_rep[1].inst_xpm_memory/xpm_memory_base_inst with a P_MEMORY_PRIMITIVE property set to distributed. A value of block is required. You will not be able to use the updatemem program to update the bitstream with new data for the design_1_i/smartconnect_0/inst/m01_nodes/m01_r_node/inst/inst_mi_handler/gen_normal_area.inst_fifo_node_payld/gen_xpm_memory_fifo.inst_fifo/gen_mem_rep[1].inst_xpm_memory/xpm_memory_base_inst block.
INFO: [Memdata 28-167] Found XPM memory block design_1_i/smartconnect_0/inst/m01_nodes/m01_r_node/inst/inst_mi_handler/gen_normal_area.inst_fifo_node_payld/gen_xpm_memory_fifo.inst_fifo/gen_mem_rep[0].inst_xpm_memory/xpm_memory_base_inst with a P_MEMORY_PRIMITIVE property set to distributed. A value of block is required. You will not be able to use the updatemem program to update the bitstream with new data for the design_1_i/smartconnect_0/inst/m01_nodes/m01_r_node/inst/inst_mi_handler/gen_normal_area.inst_fifo_node_payld/gen_xpm_memory_fifo.inst_fifo/gen_mem_rep[0].inst_xpm_memory/xpm_memory_base_inst block.
INFO: [Memdata 28-167] Found XPM memory block design_1_i/smartconnect_0/inst/m01_nodes/m01_r_node/inst/inst_mi_handler/gen_normal_area.gen_fifo_req.inst_fifo_req/gen_xpm_memory_fifo.inst_fifo/gen_mem_rep[0].inst_xpm_memory/xpm_memory_base_inst with a P_MEMORY_PRIMITIVE property set to distributed. A value of block is required. You will not be able to use the updatemem program to update the bitstream with new data for the design_1_i/smartconnect_0/inst/m01_nodes/m01_r_node/inst/inst_mi_handler/gen_normal_area.gen_fifo_req.inst_fifo_req/gen_xpm_memory_fifo.inst_fifo/gen_mem_rep[0].inst_xpm_memory/xpm_memory_base_inst block.
INFO: [Memdata 28-167] Found XPM memory block design_1_i/smartconnect_0/inst/m01_nodes/m01_b_node/inst/inst_mi_handler/gen_normal_area.inst_fifo_node_payld/gen_xpm_memory_fifo.inst_fifo/gen_mem_rep[0].inst_xpm_memory/xpm_memory_base_inst with a P_MEMORY_PRIMITIVE property set to distributed. A value of block is required. You will not be able to use the updatemem program to update the bitstream with new data for the design_1_i/smartconnect_0/inst/m01_nodes/m01_b_node/inst/inst_mi_handler/gen_normal_area.inst_fifo_node_payld/gen_xpm_memory_fifo.inst_fifo/gen_mem_rep[0].inst_xpm_memory/xpm_memory_base_inst block.
INFO: [Memdata 28-167] Found XPM memory block design_1_i/smartconnect_0/inst/m01_nodes/m01_b_node/inst/inst_mi_handler/gen_normal_area.gen_fifo_req.inst_fifo_req/gen_xpm_memory_fifo.inst_fifo/gen_mem_rep[0].inst_xpm_memory/xpm_memory_base_inst with a P_MEMORY_PRIMITIVE property set to distributed. A value of block is required. You will not be able to use the updatemem program to update the bitstream with new data for the design_1_i/smartconnect_0/inst/m01_nodes/m01_b_node/inst/inst_mi_handler/gen_normal_area.gen_fifo_req.inst_fifo_req/gen_xpm_memory_fifo.inst_fifo/gen_mem_rep[0].inst_xpm_memory/xpm_memory_base_inst block.
INFO: [Memdata 28-167] Found XPM memory block design_1_i/smartconnect_0/inst/m01_nodes/m01_aw_node/inst/inst_mi_handler/gen_normal_area.inst_fifo_node_payld/gen_xpm_memory_fifo.inst_fifo/gen_mem_rep[0].inst_xpm_memory/xpm_memory_base_inst with a P_MEMORY_PRIMITIVE property set to distributed. A value of block is required. You will not be able to use the updatemem program to update the bitstream with new data for the design_1_i/smartconnect_0/inst/m01_nodes/m01_aw_node/inst/inst_mi_handler/gen_normal_area.inst_fifo_node_payld/gen_xpm_memory_fifo.inst_fifo/gen_mem_rep[0].inst_xpm_memory/xpm_memory_base_inst block.
INFO: [Memdata 28-167] Found XPM memory block design_1_i/smartconnect_0/inst/m01_nodes/m01_ar_node/inst/inst_mi_handler/gen_normal_area.inst_fifo_node_payld/gen_xpm_memory_fifo.inst_fifo/gen_mem_rep[0].inst_xpm_memory/xpm_memory_base_inst with a P_MEMORY_PRIMITIVE property set to distributed. A value of block is required. You will not be able to use the updatemem program to update the bitstream with new data for the design_1_i/smartconnect_0/inst/m01_nodes/m01_ar_node/inst/inst_mi_handler/gen_normal_area.inst_fifo_node_payld/gen_xpm_memory_fifo.inst_fifo/gen_mem_rep[0].inst_xpm_memory/xpm_memory_base_inst block.
INFO: [Memdata 28-167] Found XPM memory block design_1_i/smartconnect_0/inst/m00_nodes/m00_w_node/inst/inst_si_handler/gen_si_handler.gen_request_fifos.gen_req_fifo[1].inst_req_fifo/gen_xpm_memory_fifo.inst_fifo/gen_mem_rep[0].inst_xpm_memory/xpm_memory_base_inst with a P_MEMORY_PRIMITIVE property set to distributed. A value of block is required. You will not be able to use the updatemem program to update the bitstream with new data for the design_1_i/smartconnect_0/inst/m00_nodes/m00_w_node/inst/inst_si_handler/gen_si_handler.gen_request_fifos.gen_req_fifo[1].inst_req_fifo/gen_xpm_memory_fifo.inst_fifo/gen_mem_rep[0].inst_xpm_memory/xpm_memory_base_inst block.
INFO: [Memdata 28-167] Found XPM memory block design_1_i/smartconnect_0/inst/m00_nodes/m00_w_node/inst/inst_si_handler/gen_si_handler.gen_request_fifos.gen_req_fifo[0].inst_req_fifo/gen_xpm_memory_fifo.inst_fifo/gen_mem_rep[0].inst_xpm_memory/xpm_memory_base_inst with a P_MEMORY_PRIMITIVE property set to distributed. A value of block is required. You will not be able to use the updatemem program to update the bitstream with new data for the design_1_i/smartconnect_0/inst/m00_nodes/m00_w_node/inst/inst_si_handler/gen_si_handler.gen_request_fifos.gen_req_fifo[0].inst_req_fifo/gen_xpm_memory_fifo.inst_fifo/gen_mem_rep[0].inst_xpm_memory/xpm_memory_base_inst block.
INFO: [Memdata 28-167] Found XPM memory block design_1_i/smartconnect_0/inst/m00_nodes/m00_w_node/inst/inst_mi_handler/gen_normal_area.inst_fifo_node_payld/gen_xpm_memory_fifo.inst_fifo/gen_mem_rep[3].inst_xpm_memory/xpm_memory_base_inst with a P_MEMORY_PRIMITIVE property set to distributed. A value of block is required. You will not be able to use the updatemem program to update the bitstream with new data for the design_1_i/smartconnect_0/inst/m00_nodes/m00_w_node/inst/inst_mi_handler/gen_normal_area.inst_fifo_node_payld/gen_xpm_memory_fifo.inst_fifo/gen_mem_rep[3].inst_xpm_memory/xpm_memory_base_inst block.
INFO: [Memdata 28-167] Found XPM memory block design_1_i/smartconnect_0/inst/m00_nodes/m00_w_node/inst/inst_mi_handler/gen_normal_area.inst_fifo_node_payld/gen_xpm_memory_fifo.inst_fifo/gen_mem_rep[2].inst_xpm_memory/xpm_memory_base_inst with a P_MEMORY_PRIMITIVE property set to distributed. A value of block is required. You will not be able to use the updatemem program to update the bitstream with new data for the design_1_i/smartconnect_0/inst/m00_nodes/m00_w_node/inst/inst_mi_handler/gen_normal_area.inst_fifo_node_payld/gen_xpm_memory_fifo.inst_fifo/gen_mem_rep[2].inst_xpm_memory/xpm_memory_base_inst block.
INFO: [Memdata 28-167] Found XPM memory block design_1_i/smartconnect_0/inst/m00_nodes/m00_w_node/inst/inst_mi_handler/gen_normal_area.inst_fifo_node_payld/gen_xpm_memory_fifo.inst_fifo/gen_mem_rep[1].inst_xpm_memory/xpm_memory_base_inst with a P_MEMORY_PRIMITIVE property set to distributed. A value of block is required. You will not be able to use the updatemem program to update the bitstream with new data for the design_1_i/smartconnect_0/inst/m00_nodes/m00_w_node/inst/inst_mi_handler/gen_normal_area.inst_fifo_node_payld/gen_xpm_memory_fifo.inst_fifo/gen_mem_rep[1].inst_xpm_memory/xpm_memory_base_inst block.
INFO: [Memdata 28-167] Found XPM memory block design_1_i/smartconnect_0/inst/m00_nodes/m00_w_node/inst/inst_mi_handler/gen_normal_area.inst_fifo_node_payld/gen_xpm_memory_fifo.inst_fifo/gen_mem_rep[0].inst_xpm_memory/xpm_memory_base_inst with a P_MEMORY_PRIMITIVE property set to distributed. A value of block is required. You will not be able to use the updatemem program to update the bitstream with new data for the design_1_i/smartconnect_0/inst/m00_nodes/m00_w_node/inst/inst_mi_handler/gen_normal_area.inst_fifo_node_payld/gen_xpm_memory_fifo.inst_fifo/gen_mem_rep[0].inst_xpm_memory/xpm_memory_base_inst block.
INFO: [Memdata 28-167] Found XPM memory block design_1_i/smartconnect_0/inst/m00_nodes/m00_r_node/inst/inst_mi_handler/gen_normal_area.inst_fifo_node_payld/gen_xpm_memory_fifo.inst_fifo/gen_mem_rep[2].inst_xpm_memory/xpm_memory_base_inst with a P_MEMORY_PRIMITIVE property set to distributed. A value of block is required. You will not be able to use the updatemem program to update the bitstream with new data for the design_1_i/smartconnect_0/inst/m00_nodes/m00_r_node/inst/inst_mi_handler/gen_normal_area.inst_fifo_node_payld/gen_xpm_memory_fifo.inst_fifo/gen_mem_rep[2].inst_xpm_memory/xpm_memory_base_inst block.
INFO: [Memdata 28-167] Found XPM memory block design_1_i/smartconnect_0/inst/m00_nodes/m00_r_node/inst/inst_mi_handler/gen_normal_area.inst_fifo_node_payld/gen_xpm_memory_fifo.inst_fifo/gen_mem_rep[1].inst_xpm_memory/xpm_memory_base_inst with a P_MEMORY_PRIMITIVE property set to distributed. A value of block is required. You will not be able to use the updatemem program to update the bitstream with new data for the design_1_i/smartconnect_0/inst/m00_nodes/m00_r_node/inst/inst_mi_handler/gen_normal_area.inst_fifo_node_payld/gen_xpm_memory_fifo.inst_fifo/gen_mem_rep[1].inst_xpm_memory/xpm_memory_base_inst block.
INFO: [Memdata 28-167] Found XPM memory block design_1_i/smartconnect_0/inst/m00_nodes/m00_r_node/inst/inst_mi_handler/gen_normal_area.inst_fifo_node_payld/gen_xpm_memory_fifo.inst_fifo/gen_mem_rep[0].inst_xpm_memory/xpm_memory_base_inst with a P_MEMORY_PRIMITIVE property set to distributed. A value of block is required. You will not be able to use the updatemem program to update the bitstream with new data for the design_1_i/smartconnect_0/inst/m00_nodes/m00_r_node/inst/inst_mi_handler/gen_normal_area.inst_fifo_node_payld/gen_xpm_memory_fifo.inst_fifo/gen_mem_rep[0].inst_xpm_memory/xpm_memory_base_inst block.
INFO: [Memdata 28-167] Found XPM memory block design_1_i/smartconnect_0/inst/m00_nodes/m00_r_node/inst/inst_mi_handler/gen_normal_area.gen_fifo_req.inst_fifo_req/gen_xpm_memory_fifo.inst_fifo/gen_mem_rep[0].inst_xpm_memory/xpm_memory_base_inst with a P_MEMORY_PRIMITIVE property set to distributed. A value of block is required. You will not be able to use the updatemem program to update the bitstream with new data for the design_1_i/smartconnect_0/inst/m00_nodes/m00_r_node/inst/inst_mi_handler/gen_normal_area.gen_fifo_req.inst_fifo_req/gen_xpm_memory_fifo.inst_fifo/gen_mem_rep[0].inst_xpm_memory/xpm_memory_base_inst block.
INFO: [Memdata 28-167] Found XPM memory block design_1_i/smartconnect_0/inst/m00_nodes/m00_b_node/inst/inst_mi_handler/gen_normal_area.inst_fifo_node_payld/gen_xpm_memory_fifo.inst_fifo/gen_mem_rep[0].inst_xpm_memory/xpm_memory_base_inst with a P_MEMORY_PRIMITIVE property set to distributed. A value of block is required. You will not be able to use the updatemem program to update the bitstream with new data for the design_1_i/smartconnect_0/inst/m00_nodes/m00_b_node/inst/inst_mi_handler/gen_normal_area.inst_fifo_node_payld/gen_xpm_memory_fifo.inst_fifo/gen_mem_rep[0].inst_xpm_memory/xpm_memory_base_inst block.
INFO: [Memdata 28-167] Found XPM memory block design_1_i/smartconnect_0/inst/m00_nodes/m00_b_node/inst/inst_mi_handler/gen_normal_area.gen_fifo_req.inst_fifo_req/gen_xpm_memory_fifo.inst_fifo/gen_mem_rep[0].inst_xpm_memory/xpm_memory_base_inst with a P_MEMORY_PRIMITIVE property set to distributed. A value of block is required. You will not be able to use the updatemem program to update the bitstream with new data for the design_1_i/smartconnect_0/inst/m00_nodes/m00_b_node/inst/inst_mi_handler/gen_normal_area.gen_fifo_req.inst_fifo_req/gen_xpm_memory_fifo.inst_fifo/gen_mem_rep[0].inst_xpm_memory/xpm_memory_base_inst block.
INFO: [Memdata 28-167] Found XPM memory block design_1_i/smartconnect_0/inst/m00_nodes/m00_aw_node/inst/inst_mi_handler/gen_normal_area.inst_fifo_node_payld/gen_xpm_memory_fifo.inst_fifo/gen_mem_rep[0].inst_xpm_memory/xpm_memory_base_inst with a P_MEMORY_PRIMITIVE property set to distributed. A value of block is required. You will not be able to use the updatemem program to update the bitstream with new data for the design_1_i/smartconnect_0/inst/m00_nodes/m00_aw_node/inst/inst_mi_handler/gen_normal_area.inst_fifo_node_payld/gen_xpm_memory_fifo.inst_fifo/gen_mem_rep[0].inst_xpm_memory/xpm_memory_base_inst block.
INFO: [Memdata 28-167] Found XPM memory block design_1_i/smartconnect_0/inst/m00_nodes/m00_ar_node/inst/inst_mi_handler/gen_normal_area.inst_fifo_node_payld/gen_xpm_memory_fifo.inst_fifo/gen_mem_rep[0].inst_xpm_memory/xpm_memory_base_inst with a P_MEMORY_PRIMITIVE property set to distributed. A value of block is required. You will not be able to use the updatemem program to update the bitstream with new data for the design_1_i/smartconnect_0/inst/m00_nodes/m00_ar_node/inst/inst_mi_handler/gen_normal_area.inst_fifo_node_payld/gen_xpm_memory_fifo.inst_fifo/gen_mem_rep[0].inst_xpm_memory/xpm_memory_base_inst block.
Command: write_bitstream -force design_1_wrapper.bit
Attempting to get a license for feature 'Implementation' and/or device 'xc7k480t'
INFO: [Common 17-349] Got license for feature 'Implementation' and/or device 'xc7k480t'
Running DRC as a precondition to command write_bitstream
INFO: [IP_Flow 19-1839] IP Catalog is up to date.
INFO: [DRC 23-27] Running DRC with 8 threads
WARNING: [DRC CFGBVS-1] Missing CFGBVS and CONFIG_VOLTAGE Design Properties: Neither the CFGBVS nor CONFIG_VOLTAGE voltage property is set in the current_design.  Configuration bank voltage select (CFGBVS) must be set to VCCO or GND, and CONFIG_VOLTAGE must be set to the correct configuration voltage, in order to determine the I/O voltage support for the pins in bank 0.  It is suggested to specify these either using the 'Edit Device Properties' function in the GUI or directly in the XDC file using the following syntax:

 set_property CFGBVS value1 [current_design]
 #where value1 is either VCCO or GND

 set_property CONFIG_VOLTAGE value2 [current_design]
 #where value2 is the voltage provided to configuration bank 0

Refer to the device configuration user guide for more information.
WARNING: [DRC CHECK-3] Report rule limit reached: REQP-1839 rule limit reached: 20 violations have been found.
WARNING: [DRC REQP-1709] Clock output buffering: PLLE2_ADV connectivity violation. The signal design_1_i/mig_7series_0/u_design_1_mig_7series_0_3_mig/c0_u_ddr3_infrastructure/pll_clk3_out on the design_1_i/mig_7series_0/u_design_1_mig_7series_0_3_mig/c0_u_ddr3_infrastructure/plle2_i/CLKOUT3 pin of design_1_i/mig_7series_0/u_design_1_mig_7series_0_3_mig/c0_u_ddr3_infrastructure/plle2_i does not drive the same kind of BUFFER load as the other CLKOUT pins. Routing from the different buffer types will not be phase aligned.
WARNING: [DRC REQP-1709] Clock output buffering: PLLE2_ADV connectivity violation. The signal design_1_i/mig_7series_0/u_design_1_mig_7series_0_3_mig/c1_u_ddr3_infrastructure/pll_clk3_out on the design_1_i/mig_7series_0/u_design_1_mig_7series_0_3_mig/c1_u_ddr3_infrastructure/plle2_i/CLKOUT3 pin of design_1_i/mig_7series_0/u_design_1_mig_7series_0_3_mig/c1_u_ddr3_infrastructure/plle2_i does not drive the same kind of BUFFER load as the other CLKOUT pins. Routing from the different buffer types will not be phase aligned.
WARNING: [DRC REQP-1839] RAMB36 async control check: The RAMB36E1 design_1_i/xdma_0/inst/design_1_xdma_0_2_pcie2_to_pcie3_wrapper_i/design_1_xdma_0_2_axi_stream_intf_i/design_1_xdma_0_2_rx_demux_i/dma_cpl_fifo_inst/U0/inst_fifo_gen/gaxis_fifo.gaxisf.axisf/grf.rf/gntv_or_sync_fifo.mem/gbm.gbmg.gbmga.ngecc.bmg/inst_blk_mem_gen/gnbram.gnativebmg.native_blk_mem_gen/valid.cstr/ramloop[1].ram.r/prim_noinit.ram/DEVICE_7SERIES.NO_BMM_INFO.SDP.WIDE_PRIM36_NO_ECC.ram has an input control pin design_1_i/xdma_0/inst/design_1_xdma_0_2_pcie2_to_pcie3_wrapper_i/design_1_xdma_0_2_axi_stream_intf_i/design_1_xdma_0_2_rx_demux_i/dma_cpl_fifo_inst/U0/inst_fifo_gen/gaxis_fifo.gaxisf.axisf/grf.rf/gntv_or_sync_fifo.mem/gbm.gbmg.gbmga.ngecc.bmg/inst_blk_mem_gen/gnbram.gnativebmg.native_blk_mem_gen/valid.cstr/ramloop[1].ram.r/prim_noinit.ram/DEVICE_7SERIES.NO_BMM_INFO.SDP.WIDE_PRIM36_NO_ECC.ram/ENARDEN (net: design_1_i/xdma_0/inst/design_1_xdma_0_2_pcie2_to_pcie3_wrapper_i/design_1_xdma_0_2_axi_stream_intf_i/design_1_xdma_0_2_rx_demux_i/dma_cpl_fifo_inst/U0/inst_fifo_gen/gaxis_fifo.gaxisf.axisf/grf.rf/gntv_or_sync_fifo.mem/gbm.gbmg.gbmga.ngecc.bmg/inst_blk_mem_gen/gnbram.gnativebmg.native_blk_mem_gen/valid.cstr/ramloop[1].ram.r/prim_noinit.ram/DEVICE_7SERIES.NO_BMM_INFO.SDP.WIDE_PRIM36_NO_ECC.ram_ENARDEN_cooolgate_en_sig_8) which is driven by a register (design_1_i/xdma_0/inst/design_1_xdma_0_2_pcie2_to_pcie3_wrapper_i/design_1_xdma_0_2_axi_stream_intf_i/design_1_xdma_0_2_rx_demux_i/dma_cpl_fifo_inst/U0/inst_fifo_gen/gaxis_fifo.gaxisf.axisf/grf.rf/gntv_or_sync_fifo.gl0.rd/gr1.gr1_int.rfwft/gfwft_rst_done.fwft_rst_done_reg) that has an active asychronous set or reset. This may cause corruption of the memory contents and/or read values when the set/reset is asserted and is not analyzed by the default static timing analysis. It is suggested to eliminate the use of a set/reset to registers driving this RAMB pin or else use a synchronous reset in which the assertion of the reset is timed by default.
WARNING: [DRC REQP-1839] RAMB36 async control check: The RAMB36E1 design_1_i/xdma_0/inst/design_1_xdma_0_2_pcie2_to_pcie3_wrapper_i/design_1_xdma_0_2_axi_stream_intf_i/design_1_xdma_0_2_rx_demux_i/dma_cpl_fifo_inst/U0/inst_fifo_gen/gaxis_fifo.gaxisf.axisf/grf.rf/gntv_or_sync_fifo.mem/gbm.gbmg.gbmga.ngecc.bmg/inst_blk_mem_gen/gnbram.gnativebmg.native_blk_mem_gen/valid.cstr/ramloop[1].ram.r/prim_noinit.ram/DEVICE_7SERIES.NO_BMM_INFO.SDP.WIDE_PRIM36_NO_ECC.ram has an input control pin design_1_i/xdma_0/inst/design_1_xdma_0_2_pcie2_to_pcie3_wrapper_i/design_1_xdma_0_2_axi_stream_intf_i/design_1_xdma_0_2_rx_demux_i/dma_cpl_fifo_inst/U0/inst_fifo_gen/gaxis_fifo.gaxisf.axisf/grf.rf/gntv_or_sync_fifo.mem/gbm.gbmg.gbmga.ngecc.bmg/inst_blk_mem_gen/gnbram.gnativebmg.native_blk_mem_gen/valid.cstr/ramloop[1].ram.r/prim_noinit.ram/DEVICE_7SERIES.NO_BMM_INFO.SDP.WIDE_PRIM36_NO_ECC.ram/ENARDEN (net: design_1_i/xdma_0/inst/design_1_xdma_0_2_pcie2_to_pcie3_wrapper_i/design_1_xdma_0_2_axi_stream_intf_i/design_1_xdma_0_2_rx_demux_i/dma_cpl_fifo_inst/U0/inst_fifo_gen/gaxis_fifo.gaxisf.axisf/grf.rf/gntv_or_sync_fifo.mem/gbm.gbmg.gbmga.ngecc.bmg/inst_blk_mem_gen/gnbram.gnativebmg.native_blk_mem_gen/valid.cstr/ramloop[1].ram.r/prim_noinit.ram/DEVICE_7SERIES.NO_BMM_INFO.SDP.WIDE_PRIM36_NO_ECC.ram_ENARDEN_cooolgate_en_sig_8) which is driven by a register (design_1_i/xdma_0/inst/design_1_xdma_0_2_pcie2_to_pcie3_wrapper_i/pcie2_ip_i/U0/inst/user_reset_out_reg_replica) that has an active asychronous set or reset. This may cause corruption of the memory contents and/or read values when the set/reset is asserted and is not analyzed by the default static timing analysis. It is suggested to eliminate the use of a set/reset to registers driving this RAMB pin or else use a synchronous reset in which the assertion of the reset is timed by default.
WARNING: [DRC REQP-1839] RAMB36 async control check: The RAMB36E1 design_1_i/xdma_0/inst/ram_top/C2H_PCIE_DSC_CPLD_RAM/the_bram_reg_0 has an input control pin design_1_i/xdma_0/inst/ram_top/C2H_PCIE_DSC_CPLD_RAM/the_bram_reg_0/ENBWREN (net: design_1_i/xdma_0/inst/ram_top/C2H_PCIE_DSC_CPLD_RAM/the_bram_reg_0_ENBWREN_cooolgate_en_sig_49) which is driven by a register (design_1_i/xdma_0/inst/udma_wrapper/dma_top/dma_enable.vul_dma/pcie_dsc_rst_3ff_reg_rep__3) that has an active asychronous set or reset. This may cause corruption of the memory contents and/or read values when the set/reset is asserted and is not analyzed by the default static timing analysis. It is suggested to eliminate the use of a set/reset to registers driving this RAMB pin or else use a synchronous reset in which the assertion of the reset is timed by default.
WARNING: [DRC REQP-1839] RAMB36 async control check: The RAMB36E1 design_1_i/xdma_0/inst/ram_top/C2H_PCIE_DSC_CPLD_RAM/the_bram_reg_0 has an input control pin design_1_i/xdma_0/inst/ram_top/C2H_PCIE_DSC_CPLD_RAM/the_bram_reg_0/ENBWREN (net: design_1_i/xdma_0/inst/ram_top/C2H_PCIE_DSC_CPLD_RAM/the_bram_reg_0_ENBWREN_cooolgate_en_sig_49) which is driven by a register (design_1_i/xdma_0/inst/udma_wrapper/dma_top/dma_enable.vul_dma/pcie_rst_2ff_reg[2]) that has an active asychronous set or reset. This may cause corruption of the memory contents and/or read values when the set/reset is asserted and is not analyzed by the default static timing analysis. It is suggested to eliminate the use of a set/reset to registers driving this RAMB pin or else use a synchronous reset in which the assertion of the reset is timed by default.
WARNING: [DRC REQP-1839] RAMB36 async control check: The RAMB36E1 design_1_i/xdma_0/inst/ram_top/C2H_PCIE_DSC_CPLD_RAM/the_bram_reg_1 has an input control pin design_1_i/xdma_0/inst/ram_top/C2H_PCIE_DSC_CPLD_RAM/the_bram_reg_1/ENBWREN (net: design_1_i/xdma_0/inst/ram_top/C2H_PCIE_DSC_CPLD_RAM/the_bram_reg_1_ENBWREN_cooolgate_en_sig_33) which is driven by a register (design_1_i/xdma_0/inst/udma_wrapper/dma_top/dma_enable.vul_dma/pcie_dsc_rst_3ff_reg_rep__3) that has an active asychronous set or reset. This may cause corruption of the memory contents and/or read values when the set/reset is asserted and is not analyzed by the default static timing analysis. It is suggested to eliminate the use of a set/reset to registers driving this RAMB pin or else use a synchronous reset in which the assertion of the reset is timed by default.
WARNING: [DRC REQP-1839] RAMB36 async control check: The RAMB36E1 design_1_i/xdma_0/inst/ram_top/C2H_PCIE_DSC_CPLD_RAM/the_bram_reg_1 has an input control pin design_1_i/xdma_0/inst/ram_top/C2H_PCIE_DSC_CPLD_RAM/the_bram_reg_1/ENBWREN (net: design_1_i/xdma_0/inst/ram_top/C2H_PCIE_DSC_CPLD_RAM/the_bram_reg_1_ENBWREN_cooolgate_en_sig_33) which is driven by a register (design_1_i/xdma_0/inst/udma_wrapper/dma_top/dma_enable.vul_dma/pcie_rst_2ff_reg[2]) that has an active asychronous set or reset. This may cause corruption of the memory contents and/or read values when the set/reset is asserted and is not analyzed by the default static timing analysis. It is suggested to eliminate the use of a set/reset to registers driving this RAMB pin or else use a synchronous reset in which the assertion of the reset is timed by default.
WARNING: [DRC REQP-1839] RAMB36 async control check: The RAMB36E1 design_1_i/xdma_0/inst/ram_top/MASTER_READ_BRAM/genblk1[0].u_buffermem/U0/inst_blk_mem_gen/gnbram.gnativebmg.native_blk_mem_gen/valid.cstr/ramloop[0].ram.r/prim_noinit.ram/DEVICE_7SERIES.NO_BMM_INFO.SDP.WIDE_PRIM36_NO_ECC.ram has an input control pin design_1_i/xdma_0/inst/ram_top/MASTER_READ_BRAM/genblk1[0].u_buffermem/U0/inst_blk_mem_gen/gnbram.gnativebmg.native_blk_mem_gen/valid.cstr/ramloop[0].ram.r/prim_noinit.ram/DEVICE_7SERIES.NO_BMM_INFO.SDP.WIDE_PRIM36_NO_ECC.ram/ADDRARDADDR[10] (net: design_1_i/xdma_0/inst/ram_top/MASTER_READ_BRAM/genblk1[0].u_buffermem/U0/inst_blk_mem_gen/gnbram.gnativebmg.native_blk_mem_gen/valid.cstr/ramloop[0].ram.r/prim_noinit.ram/addrb[4]) which is driven by a register (design_1_i/xdma_0/inst/design_1_xdma_0_2_pcie2_to_pcie3_wrapper_i/pcie2_ip_i/U0/inst/user_reset_out_reg_replica) that has an active asychronous set or reset. This may cause corruption of the memory contents and/or read values when the set/reset is asserted and is not analyzed by the default static timing analysis. It is suggested to eliminate the use of a set/reset to registers driving this RAMB pin or else use a synchronous reset in which the assertion of the reset is timed by default.
WARNING: [DRC REQP-1839] RAMB36 async control check: The RAMB36E1 design_1_i/xdma_0/inst/ram_top/MASTER_READ_BRAM/genblk1[0].u_buffermem/U0/inst_blk_mem_gen/gnbram.gnativebmg.native_blk_mem_gen/valid.cstr/ramloop[0].ram.r/prim_noinit.ram/DEVICE_7SERIES.NO_BMM_INFO.SDP.WIDE_PRIM36_NO_ECC.ram has an input control pin design_1_i/xdma_0/inst/ram_top/MASTER_READ_BRAM/genblk1[0].u_buffermem/U0/inst_blk_mem_gen/gnbram.gnativebmg.native_blk_mem_gen/valid.cstr/ramloop[0].ram.r/prim_noinit.ram/DEVICE_7SERIES.NO_BMM_INFO.SDP.WIDE_PRIM36_NO_ECC.ram/ADDRARDADDR[11] (net: design_1_i/xdma_0/inst/ram_top/MASTER_READ_BRAM/genblk1[0].u_buffermem/U0/inst_blk_mem_gen/gnbram.gnativebmg.native_blk_mem_gen/valid.cstr/ramloop[0].ram.r/prim_noinit.ram/addrb[5]) which is driven by a register (design_1_i/xdma_0/inst/design_1_xdma_0_2_pcie2_to_pcie3_wrapper_i/pcie2_ip_i/U0/inst/user_reset_out_reg_replica) that has an active asychronous set or reset. This may cause corruption of the memory contents and/or read values when the set/reset is asserted and is not analyzed by the default static timing analysis. It is suggested to eliminate the use of a set/reset to registers driving this RAMB pin or else use a synchronous reset in which the assertion of the reset is timed by default.
WARNING: [DRC REQP-1839] RAMB36 async control check: The RAMB36E1 design_1_i/xdma_0/inst/ram_top/MASTER_READ_BRAM/genblk1[0].u_buffermem/U0/inst_blk_mem_gen/gnbram.gnativebmg.native_blk_mem_gen/valid.cstr/ramloop[0].ram.r/prim_noinit.ram/DEVICE_7SERIES.NO_BMM_INFO.SDP.WIDE_PRIM36_NO_ECC.ram has an input control pin design_1_i/xdma_0/inst/ram_top/MASTER_READ_BRAM/genblk1[0].u_buffermem/U0/inst_blk_mem_gen/gnbram.gnativebmg.native_blk_mem_gen/valid.cstr/ramloop[0].ram.r/prim_noinit.ram/DEVICE_7SERIES.NO_BMM_INFO.SDP.WIDE_PRIM36_NO_ECC.ram/ADDRARDADDR[12] (net: design_1_i/xdma_0/inst/ram_top/MASTER_READ_BRAM/genblk1[0].u_buffermem/U0/inst_blk_mem_gen/gnbram.gnativebmg.native_blk_mem_gen/valid.cstr/ramloop[0].ram.r/prim_noinit.ram/addrb[6]) which is driven by a register (design_1_i/xdma_0/inst/design_1_xdma_0_2_pcie2_to_pcie3_wrapper_i/pcie2_ip_i/U0/inst/user_reset_out_reg_replica) that has an active asychronous set or reset. This may cause corruption of the memory contents and/or read values when the set/reset is asserted and is not analyzed by the default static timing analysis. It is suggested to eliminate the use of a set/reset to registers driving this RAMB pin or else use a synchronous reset in which the assertion of the reset is timed by default.
WARNING: [DRC REQP-1839] RAMB36 async control check: The RAMB36E1 design_1_i/xdma_0/inst/ram_top/MASTER_READ_BRAM/genblk1[0].u_buffermem/U0/inst_blk_mem_gen/gnbram.gnativebmg.native_blk_mem_gen/valid.cstr/ramloop[0].ram.r/prim_noinit.ram/DEVICE_7SERIES.NO_BMM_INFO.SDP.WIDE_PRIM36_NO_ECC.ram has an input control pin design_1_i/xdma_0/inst/ram_top/MASTER_READ_BRAM/genblk1[0].u_buffermem/U0/inst_blk_mem_gen/gnbram.gnativebmg.native_blk_mem_gen/valid.cstr/ramloop[0].ram.r/prim_noinit.ram/DEVICE_7SERIES.NO_BMM_INFO.SDP.WIDE_PRIM36_NO_ECC.ram/ADDRARDADDR[13] (net: design_1_i/xdma_0/inst/ram_top/MASTER_READ_BRAM/genblk1[0].u_buffermem/U0/inst_blk_mem_gen/gnbram.gnativebmg.native_blk_mem_gen/valid.cstr/ramloop[0].ram.r/prim_noinit.ram/addrb[7]) which is driven by a register (design_1_i/xdma_0/inst/design_1_xdma_0_2_pcie2_to_pcie3_wrapper_i/pcie2_ip_i/U0/inst/user_reset_out_reg_replica) that has an active asychronous set or reset. This may cause corruption of the memory contents and/or read values when the set/reset is asserted and is not analyzed by the default static timing analysis. It is suggested to eliminate the use of a set/reset to registers driving this RAMB pin or else use a synchronous reset in which the assertion of the reset is timed by default.
WARNING: [DRC REQP-1839] RAMB36 async control check: The RAMB36E1 design_1_i/xdma_0/inst/ram_top/MASTER_READ_BRAM/genblk1[0].u_buffermem/U0/inst_blk_mem_gen/gnbram.gnativebmg.native_blk_mem_gen/valid.cstr/ramloop[0].ram.r/prim_noinit.ram/DEVICE_7SERIES.NO_BMM_INFO.SDP.WIDE_PRIM36_NO_ECC.ram has an input control pin design_1_i/xdma_0/inst/ram_top/MASTER_READ_BRAM/genblk1[0].u_buffermem/U0/inst_blk_mem_gen/gnbram.gnativebmg.native_blk_mem_gen/valid.cstr/ramloop[0].ram.r/prim_noinit.ram/DEVICE_7SERIES.NO_BMM_INFO.SDP.WIDE_PRIM36_NO_ECC.ram/ADDRARDADDR[14] (net: design_1_i/xdma_0/inst/ram_top/MASTER_READ_BRAM/genblk1[0].u_buffermem/U0/inst_blk_mem_gen/gnbram.gnativebmg.native_blk_mem_gen/valid.cstr/ramloop[0].ram.r/prim_noinit.ram/addrb[8]) which is driven by a register (design_1_i/xdma_0/inst/design_1_xdma_0_2_pcie2_to_pcie3_wrapper_i/pcie2_ip_i/U0/inst/user_reset_out_reg_replica) that has an active asychronous set or reset. This may cause corruption of the memory contents and/or read values when the set/reset is asserted and is not analyzed by the default static timing analysis. It is suggested to eliminate the use of a set/reset to registers driving this RAMB pin or else use a synchronous reset in which the assertion of the reset is timed by default.
WARNING: [DRC REQP-1839] RAMB36 async control check: The RAMB36E1 design_1_i/xdma_0/inst/ram_top/MASTER_READ_BRAM/genblk1[0].u_buffermem/U0/inst_blk_mem_gen/gnbram.gnativebmg.native_blk_mem_gen/valid.cstr/ramloop[0].ram.r/prim_noinit.ram/DEVICE_7SERIES.NO_BMM_INFO.SDP.WIDE_PRIM36_NO_ECC.ram has an input control pin design_1_i/xdma_0/inst/ram_top/MASTER_READ_BRAM/genblk1[0].u_buffermem/U0/inst_blk_mem_gen/gnbram.gnativebmg.native_blk_mem_gen/valid.cstr/ramloop[0].ram.r/prim_noinit.ram/DEVICE_7SERIES.NO_BMM_INFO.SDP.WIDE_PRIM36_NO_ECC.ram/ADDRARDADDR[6] (net: design_1_i/xdma_0/inst/ram_top/MASTER_READ_BRAM/genblk1[0].u_buffermem/U0/inst_blk_mem_gen/gnbram.gnativebmg.native_blk_mem_gen/valid.cstr/ramloop[0].ram.r/prim_noinit.ram/addrb[0]) which is driven by a register (design_1_i/xdma_0/inst/design_1_xdma_0_2_pcie2_to_pcie3_wrapper_i/pcie2_ip_i/U0/inst/user_reset_out_reg_replica) that has an active asychronous set or reset. This may cause corruption of the memory contents and/or read values when the set/reset is asserted and is not analyzed by the default static timing analysis. It is suggested to eliminate the use of a set/reset to registers driving this RAMB pin or else use a synchronous reset in which the assertion of the reset is timed by default.
WARNING: [DRC REQP-1839] RAMB36 async control check: The RAMB36E1 design_1_i/xdma_0/inst/ram_top/MASTER_READ_BRAM/genblk1[0].u_buffermem/U0/inst_blk_mem_gen/gnbram.gnativebmg.native_blk_mem_gen/valid.cstr/ramloop[0].ram.r/prim_noinit.ram/DEVICE_7SERIES.NO_BMM_INFO.SDP.WIDE_PRIM36_NO_ECC.ram has an input control pin design_1_i/xdma_0/inst/ram_top/MASTER_READ_BRAM/genblk1[0].u_buffermem/U0/inst_blk_mem_gen/gnbram.gnativebmg.native_blk_mem_gen/valid.cstr/ramloop[0].ram.r/prim_noinit.ram/DEVICE_7SERIES.NO_BMM_INFO.SDP.WIDE_PRIM36_NO_ECC.ram/ADDRARDADDR[7] (net: design_1_i/xdma_0/inst/ram_top/MASTER_READ_BRAM/genblk1[0].u_buffermem/U0/inst_blk_mem_gen/gnbram.gnativebmg.native_blk_mem_gen/valid.cstr/ramloop[0].ram.r/prim_noinit.ram/addrb[1]) which is driven by a register (design_1_i/xdma_0/inst/design_1_xdma_0_2_pcie2_to_pcie3_wrapper_i/pcie2_ip_i/U0/inst/user_reset_out_reg_replica) that has an active asychronous set or reset. This may cause corruption of the memory contents and/or read values when the set/reset is asserted and is not analyzed by the default static timing analysis. It is suggested to eliminate the use of a set/reset to registers driving this RAMB pin or else use a synchronous reset in which the assertion of the reset is timed by default.
WARNING: [DRC REQP-1839] RAMB36 async control check: The RAMB36E1 design_1_i/xdma_0/inst/ram_top/MASTER_READ_BRAM/genblk1[0].u_buffermem/U0/inst_blk_mem_gen/gnbram.gnativebmg.native_blk_mem_gen/valid.cstr/ramloop[0].ram.r/prim_noinit.ram/DEVICE_7SERIES.NO_BMM_INFO.SDP.WIDE_PRIM36_NO_ECC.ram has an input control pin design_1_i/xdma_0/inst/ram_top/MASTER_READ_BRAM/genblk1[0].u_buffermem/U0/inst_blk_mem_gen/gnbram.gnativebmg.native_blk_mem_gen/valid.cstr/ramloop[0].ram.r/prim_noinit.ram/DEVICE_7SERIES.NO_BMM_INFO.SDP.WIDE_PRIM36_NO_ECC.ram/ADDRARDADDR[8] (net: design_1_i/xdma_0/inst/ram_top/MASTER_READ_BRAM/genblk1[0].u_buffermem/U0/inst_blk_mem_gen/gnbram.gnativebmg.native_blk_mem_gen/valid.cstr/ramloop[0].ram.r/prim_noinit.ram/addrb[2]) which is driven by a register (design_1_i/xdma_0/inst/design_1_xdma_0_2_pcie2_to_pcie3_wrapper_i/pcie2_ip_i/U0/inst/user_reset_out_reg_replica) that has an active asychronous set or reset. This may cause corruption of the memory contents and/or read values when the set/reset is asserted and is not analyzed by the default static timing analysis. It is suggested to eliminate the use of a set/reset to registers driving this RAMB pin or else use a synchronous reset in which the assertion of the reset is timed by default.
WARNING: [DRC REQP-1839] RAMB36 async control check: The RAMB36E1 design_1_i/xdma_0/inst/ram_top/MASTER_READ_BRAM/genblk1[0].u_buffermem/U0/inst_blk_mem_gen/gnbram.gnativebmg.native_blk_mem_gen/valid.cstr/ramloop[0].ram.r/prim_noinit.ram/DEVICE_7SERIES.NO_BMM_INFO.SDP.WIDE_PRIM36_NO_ECC.ram has an input control pin design_1_i/xdma_0/inst/ram_top/MASTER_READ_BRAM/genblk1[0].u_buffermem/U0/inst_blk_mem_gen/gnbram.gnativebmg.native_blk_mem_gen/valid.cstr/ramloop[0].ram.r/prim_noinit.ram/DEVICE_7SERIES.NO_BMM_INFO.SDP.WIDE_PRIM36_NO_ECC.ram/ADDRARDADDR[9] (net: design_1_i/xdma_0/inst/ram_top/MASTER_READ_BRAM/genblk1[0].u_buffermem/U0/inst_blk_mem_gen/gnbram.gnativebmg.native_blk_mem_gen/valid.cstr/ramloop[0].ram.r/prim_noinit.ram/addrb[3]) which is driven by a register (design_1_i/xdma_0/inst/design_1_xdma_0_2_pcie2_to_pcie3_wrapper_i/pcie2_ip_i/U0/inst/user_reset_out_reg_replica) that has an active asychronous set or reset. This may cause corruption of the memory contents and/or read values when the set/reset is asserted and is not analyzed by the default static timing analysis. It is suggested to eliminate the use of a set/reset to registers driving this RAMB pin or else use a synchronous reset in which the assertion of the reset is timed by default.
WARNING: [DRC REQP-1839] RAMB36 async control check: The RAMB36E1 design_1_i/xdma_0/inst/ram_top/MASTER_READ_BRAM/genblk1[0].u_buffermem/U0/inst_blk_mem_gen/gnbram.gnativebmg.native_blk_mem_gen/valid.cstr/ramloop[0].ram.r/prim_noinit.ram/DEVICE_7SERIES.NO_BMM_INFO.SDP.WIDE_PRIM36_NO_ECC.ram has an input control pin design_1_i/xdma_0/inst/ram_top/MASTER_READ_BRAM/genblk1[0].u_buffermem/U0/inst_blk_mem_gen/gnbram.gnativebmg.native_blk_mem_gen/valid.cstr/ramloop[0].ram.r/prim_noinit.ram/DEVICE_7SERIES.NO_BMM_INFO.SDP.WIDE_PRIM36_NO_ECC.ram/ENARDEN (net: design_1_i/xdma_0/inst/ram_top/MASTER_READ_BRAM/genblk1[0].u_buffermem/U0/inst_blk_mem_gen/gnbram.gnativebmg.native_blk_mem_gen/valid.cstr/ramloop[0].ram.r/prim_noinit.ram/DEVICE_7SERIES.NO_BMM_INFO.SDP.WIDE_PRIM36_NO_ECC.ram_ENARDEN_cooolgate_en_sig_57) which is driven by a register (design_1_i/xdma_0/inst/udma_wrapper/dma_top/user_rst_n_2ff_reg[0]) that has an active asychronous set or reset. This may cause corruption of the memory contents and/or read values when the set/reset is asserted and is not analyzed by the default static timing analysis. It is suggested to eliminate the use of a set/reset to registers driving this RAMB pin or else use a synchronous reset in which the assertion of the reset is timed by default.
WARNING: [DRC REQP-1839] RAMB36 async control check: The RAMB36E1 design_1_i/xdma_0/inst/ram_top/MASTER_READ_BRAM/genblk1[0].u_buffermem/U0/inst_blk_mem_gen/gnbram.gnativebmg.native_blk_mem_gen/valid.cstr/ramloop[0].ram.r/prim_noinit.ram/DEVICE_7SERIES.NO_BMM_INFO.SDP.WIDE_PRIM36_NO_ECC.ram has an input control pin design_1_i/xdma_0/inst/ram_top/MASTER_READ_BRAM/genblk1[0].u_buffermem/U0/inst_blk_mem_gen/gnbram.gnativebmg.native_blk_mem_gen/valid.cstr/ramloop[0].ram.r/prim_noinit.ram/DEVICE_7SERIES.NO_BMM_INFO.SDP.WIDE_PRIM36_NO_ECC.ram/ENARDEN (net: design_1_i/xdma_0/inst/ram_top/MASTER_READ_BRAM/genblk1[0].u_buffermem/U0/inst_blk_mem_gen/gnbram.gnativebmg.native_blk_mem_gen/valid.cstr/ramloop[0].ram.r/prim_noinit.ram/DEVICE_7SERIES.NO_BMM_INFO.SDP.WIDE_PRIM36_NO_ECC.ram_ENARDEN_cooolgate_en_sig_57) which is driven by a register (design_1_i/xdma_0/inst/udma_wrapper/dma_top/user_rst_n_3ff_reg[0]) that has an active asychronous set or reset. This may cause corruption of the memory contents and/or read values when the set/reset is asserted and is not analyzed by the default static timing analysis. It is suggested to eliminate the use of a set/reset to registers driving this RAMB pin or else use a synchronous reset in which the assertion of the reset is timed by default.
WARNING: [DRC REQP-1839] RAMB36 async control check: The RAMB36E1 design_1_i/xdma_0/inst/udma_wrapper/dma_top/dma_enable.vul_dma/RD/gen_rdwr_loop[0].gen_rdwr_eng.RDWR_INST/rrq_wadr_nn1_reg has an input control pin design_1_i/xdma_0/inst/udma_wrapper/dma_top/dma_enable.vul_dma/RD/gen_rdwr_loop[0].gen_rdwr_eng.RDWR_INST/rrq_wadr_nn1_reg/ENARDEN (net: design_1_i/xdma_0/inst/udma_wrapper/dma_top/dma_enable.vul_dma/RD/gen_rdwr_loop[0].gen_rdwr_eng.RDWR_INST/rrq_wadr_nn1_reg_ENARDEN_cooolgate_en_sig_68) which is driven by a register (design_1_i/xdma_0/inst/udma_wrapper/dma_top/dma_enable.vul_dma/pcie_h2c_rst_3ff_reg[0]) that has an active asychronous set or reset. This may cause corruption of the memory contents and/or read values when the set/reset is asserted and is not analyzed by the default static timing analysis. It is suggested to eliminate the use of a set/reset to registers driving this RAMB pin or else use a synchronous reset in which the assertion of the reset is timed by default.
WARNING: [DRC REQP-1839] RAMB36 async control check: The RAMB36E1 design_1_i/xdma_0/inst/udma_wrapper/dma_top/dma_enable.vul_dma/RD/gen_rdwr_loop[0].gen_rdwr_eng.RDWR_INST/rrq_wadr_nn1_reg has an input control pin design_1_i/xdma_0/inst/udma_wrapper/dma_top/dma_enable.vul_dma/RD/gen_rdwr_loop[0].gen_rdwr_eng.RDWR_INST/rrq_wadr_nn1_reg/ENARDEN (net: design_1_i/xdma_0/inst/udma_wrapper/dma_top/dma_enable.vul_dma/RD/gen_rdwr_loop[0].gen_rdwr_eng.RDWR_INST/rrq_wadr_nn1_reg_ENARDEN_cooolgate_en_sig_68) which is driven by a register (design_1_i/xdma_0/inst/udma_wrapper/dma_top/dma_enable.vul_dma/pcie_rst_2ff_reg[0]) that has an active asychronous set or reset. This may cause corruption of the memory contents and/or read values when the set/reset is asserted and is not analyzed by the default static timing analysis. It is suggested to eliminate the use of a set/reset to registers driving this RAMB pin or else use a synchronous reset in which the assertion of the reset is timed by default.
WARNING: [DRC REQP-1839] RAMB36 async control check: The RAMB36E1 design_1_i/xdma_0/inst/udma_wrapper/dma_top/dma_enable.vul_dma/RD/gen_rdwr_loop[0].gen_rdwr_eng.RDWR_INST/rrq_wadr_nn1_reg has an input control pin design_1_i/xdma_0/inst/udma_wrapper/dma_top/dma_enable.vul_dma/RD/gen_rdwr_loop[0].gen_rdwr_eng.RDWR_INST/rrq_wadr_nn1_reg/RSTRAMARSTRAM (net: design_1_i/xdma_0/inst/udma_wrapper/dma_top/dma_enable.vul_dma/RD/gen_rdwr_loop[0].gen_rdwr_eng.RDWR_INST/rrq_wadr_nn1_reg_0) which is driven by a register (design_1_i/xdma_0/inst/udma_wrapper/dma_top/dma_enable.vul_dma/pcie_h2c_rst_3ff_reg[0]_rep__5) that has an active asychronous set or reset. This may cause corruption of the memory contents and/or read values when the set/reset is asserted and is not analyzed by the default static timing analysis. It is suggested to eliminate the use of a set/reset to registers driving this RAMB pin or else use a synchronous reset in which the assertion of the reset is timed by default.
WARNING: [DRC REQP-1840] RAMB18 async control check: The RAMB18E1 design_1_i/xdma_0/inst/design_1_xdma_0_2_pcie2_to_pcie3_wrapper_i/design_1_xdma_0_2_axi_stream_intf_i/design_1_xdma_0_2_rx_demux_i/dma_cpl_fifo_inst/U0/inst_fifo_gen/gaxis_fifo.gaxisf.axisf/grf.rf/gntv_or_sync_fifo.mem/gbm.gbmg.gbmga.ngecc.bmg/inst_blk_mem_gen/gnbram.gnativebmg.native_blk_mem_gen/valid.cstr/ramloop[0].ram.r/prim_noinit.ram/DEVICE_7SERIES.NO_BMM_INFO.SDP.WIDE_PRIM18.ram has an input control pin design_1_i/xdma_0/inst/design_1_xdma_0_2_pcie2_to_pcie3_wrapper_i/design_1_xdma_0_2_axi_stream_intf_i/design_1_xdma_0_2_rx_demux_i/dma_cpl_fifo_inst/U0/inst_fifo_gen/gaxis_fifo.gaxisf.axisf/grf.rf/gntv_or_sync_fifo.mem/gbm.gbmg.gbmga.ngecc.bmg/inst_blk_mem_gen/gnbram.gnativebmg.native_blk_mem_gen/valid.cstr/ramloop[0].ram.r/prim_noinit.ram/DEVICE_7SERIES.NO_BMM_INFO.SDP.WIDE_PRIM18.ram/ENARDEN (net: design_1_i/xdma_0/inst/design_1_xdma_0_2_pcie2_to_pcie3_wrapper_i/design_1_xdma_0_2_axi_stream_intf_i/design_1_xdma_0_2_rx_demux_i/dma_cpl_fifo_inst/U0/inst_fifo_gen/gaxis_fifo.gaxisf.axisf/grf.rf/gntv_or_sync_fifo.mem/gbm.gbmg.gbmga.ngecc.bmg/inst_blk_mem_gen/gnbram.gnativebmg.native_blk_mem_gen/valid.cstr/ramloop[0].ram.r/prim_noinit.ram/DEVICE_7SERIES.NO_BMM_INFO.SDP.WIDE_PRIM18.ram_ENARDEN_cooolgate_en_sig_7) which is driven by a register (design_1_i/xdma_0/inst/design_1_xdma_0_2_pcie2_to_pcie3_wrapper_i/design_1_xdma_0_2_axi_stream_intf_i/design_1_xdma_0_2_rx_demux_i/dma_cpl_fifo_inst/U0/inst_fifo_gen/gaxis_fifo.gaxisf.axisf/grf.rf/gntv_or_sync_fifo.gl0.rd/gr1.gr1_int.rfwft/gfwft_rst_done.fwft_rst_done_reg) that has an active asychronous set or reset. This may cause corruption of the memory contents and/or read values when the set/reset is asserted and is not analyzed by the default static timing analysis. It is suggested to eliminate the use of a set/reset to registers driving this RAMB pin or else use a synchronous reset in which the assertion of the reset is timed by default.
WARNING: [DRC REQP-1840] RAMB18 async control check: The RAMB18E1 design_1_i/xdma_0/inst/design_1_xdma_0_2_pcie2_to_pcie3_wrapper_i/design_1_xdma_0_2_axi_stream_intf_i/design_1_xdma_0_2_rx_demux_i/dma_cpl_fifo_inst/U0/inst_fifo_gen/gaxis_fifo.gaxisf.axisf/grf.rf/gntv_or_sync_fifo.mem/gbm.gbmg.gbmga.ngecc.bmg/inst_blk_mem_gen/gnbram.gnativebmg.native_blk_mem_gen/valid.cstr/ramloop[0].ram.r/prim_noinit.ram/DEVICE_7SERIES.NO_BMM_INFO.SDP.WIDE_PRIM18.ram has an input control pin design_1_i/xdma_0/inst/design_1_xdma_0_2_pcie2_to_pcie3_wrapper_i/design_1_xdma_0_2_axi_stream_intf_i/design_1_xdma_0_2_rx_demux_i/dma_cpl_fifo_inst/U0/inst_fifo_gen/gaxis_fifo.gaxisf.axisf/grf.rf/gntv_or_sync_fifo.mem/gbm.gbmg.gbmga.ngecc.bmg/inst_blk_mem_gen/gnbram.gnativebmg.native_blk_mem_gen/valid.cstr/ramloop[0].ram.r/prim_noinit.ram/DEVICE_7SERIES.NO_BMM_INFO.SDP.WIDE_PRIM18.ram/ENARDEN (net: design_1_i/xdma_0/inst/design_1_xdma_0_2_pcie2_to_pcie3_wrapper_i/design_1_xdma_0_2_axi_stream_intf_i/design_1_xdma_0_2_rx_demux_i/dma_cpl_fifo_inst/U0/inst_fifo_gen/gaxis_fifo.gaxisf.axisf/grf.rf/gntv_or_sync_fifo.mem/gbm.gbmg.gbmga.ngecc.bmg/inst_blk_mem_gen/gnbram.gnativebmg.native_blk_mem_gen/valid.cstr/ramloop[0].ram.r/prim_noinit.ram/DEVICE_7SERIES.NO_BMM_INFO.SDP.WIDE_PRIM18.ram_ENARDEN_cooolgate_en_sig_7) which is driven by a register (design_1_i/xdma_0/inst/design_1_xdma_0_2_pcie2_to_pcie3_wrapper_i/pcie2_ip_i/U0/inst/user_reset_out_reg_replica) that has an active asychronous set or reset. This may cause corruption of the memory contents and/or read values when the set/reset is asserted and is not analyzed by the default static timing analysis. It is suggested to eliminate the use of a set/reset to registers driving this RAMB pin or else use a synchronous reset in which the assertion of the reset is timed by default.
WARNING: [DRC RTSTAT-10] No routable loads: 17 net(s) have no routable loads. The problem bus(es) and/or net(s) are design_1_i/xdma_0/inst/design_1_xdma_0_2_pcie2_to_pcie3_wrapper_i/design_1_xdma_0_2_axi_stream_intf_i/design_1_xdma_0_2_rx_demux_i/tgt_brdg_fifo_inst/U0/inst_fifo_gen/gaxis_fifo.gaxisf.axisf/grf.rf/gntv_or_sync_fifo.gl0.rd/gr1.gr1_int.rfwft/aempty_fwft_i, design_1_i/xdma_0/inst/design_1_xdma_0_2_pcie2_to_pcie3_wrapper_i/design_1_xdma_0_2_axi_stream_intf_i/design_1_xdma_0_2_rx_demux_i/dma_cpl_fifo_inst/U0/inst_fifo_gen/gaxis_fifo.gaxisf.axisf/grf.rf/gntv_or_sync_fifo.gl0.rd/gr1.gr1_int.rfwft/aempty_fwft_i, design_1_i/xdma_0/inst/design_1_xdma_0_2_pcie2_to_pcie3_wrapper_i/design_1_xdma_0_2_axi_stream_intf_i/design_1_xdma_0_2_rx_demux_i/dma_cpl_fifo_inst/U0/inst_fifo_gen/gaxis_fifo.gaxisf.axisf/grf.rf/gntv_or_sync_fifo.gl0.wr/gwss.wsts/ram_afull_fb, design_1_i/xdma_0/inst/design_1_xdma_0_2_pcie2_to_pcie3_wrapper_i/design_1_xdma_0_2_axi_stream_intf_i/design_1_xdma_0_2_rx_demux_i/tgt_brdg_fifo_inst/U0/inst_fifo_gen/gaxis_fifo.gaxisf.axisf/grf.rf/gntv_or_sync_fifo.gl0.wr/gwss.wsts/ram_afull_fb, design_1_i/xdma_0/inst/design_1_xdma_0_2_pcie2_to_pcie3_wrapper_i/design_1_xdma_0_2_axi_stream_intf_i/design_1_xdma_0_2_rx_demux_i/tgt_brdg_fifo_inst/U0/inst_fifo_gen/gaxis_fifo.gaxisf.axisf/grf.rf/gntv_or_sync_fifo.gl0.wr/gwss.wsts/ram_afull_i, design_1_i/xdma_0/inst/design_1_xdma_0_2_pcie2_to_pcie3_wrapper_i/design_1_xdma_0_2_axi_stream_intf_i/design_1_xdma_0_2_rx_demux_i/dma_cpl_fifo_inst/U0/inst_fifo_gen/gaxis_fifo.gaxisf.axisf/grf.rf/gntv_or_sync_fifo.gl0.wr/gwss.wsts/ram_afull_i, design_1_i/xdma_0/inst/design_1_xdma_0_2_pcie2_to_pcie3_wrapper_i/design_1_xdma_0_2_axi_stream_intf_i/design_1_xdma_0_2_rx_demux_i/tgt_brdg_fifo_inst/U0/inst_fifo_gen/gaxis_fifo.gaxisf.axisf/grf.rf/gntv_or_sync_fifo.gl0.rd/grss.rsts/ram_empty_i, design_1_i/xdma_0/inst/design_1_xdma_0_2_pcie2_to_pcie3_wrapper_i/design_1_xdma_0_2_axi_stream_intf_i/design_1_xdma_0_2_rx_demux_i/dma_cpl_fifo_inst/U0/inst_fifo_gen/gaxis_fifo.gaxisf.axisf/grf.rf/gntv_or_sync_fifo.gl0.rd/grss.rsts/ram_empty_i, design_1_i/xdma_0/inst/design_1_xdma_0_2_pcie2_to_pcie3_wrapper_i/design_1_xdma_0_2_axi_stream_intf_i/design_1_xdma_0_2_rx_demux_i/tgt_brdg_fifo_inst/U0/inst_fifo_gen/gaxis_fifo.gaxisf.axisf/grf.rf/rstblk/rd_rst_reg[1], design_1_i/xdma_0/inst/design_1_xdma_0_2_pcie2_to_pcie3_wrapper_i/design_1_xdma_0_2_axi_stream_intf_i/design_1_xdma_0_2_rx_demux_i/dma_cpl_fifo_inst/U0/inst_fifo_gen/gaxis_fifo.gaxisf.axisf/grf.rf/rstblk/rd_rst_reg[1], design_1_i/xdma_0/inst/design_1_xdma_0_2_pcie2_to_pcie3_wrapper_i/pcie2_ip_i/U0/inst/store_ltssm, design_1_i/xdma_0/inst/design_1_xdma_0_2_pcie2_to_pcie3_wrapper_i/design_1_xdma_0_2_axi_stream_intf_i/design_1_xdma_0_2_rx_demux_i/dma_cpl_fifo_inst/U0/inst_fifo_gen/gaxis_fifo.gaxisf.axisf/grf.rf/gntv_or_sync_fifo.gl0.rd/gr1.gr1_int.rfwft/user_valid, design_1_i/xdma_0/inst/design_1_xdma_0_2_pcie2_to_pcie3_wrapper_i/design_1_xdma_0_2_axi_stream_intf_i/design_1_xdma_0_2_rx_demux_i/tgt_brdg_fifo_inst/U0/inst_fifo_gen/gaxis_fifo.gaxisf.axisf/grf.rf/gntv_or_sync_fifo.gl0.rd/gr1.gr1_int.rfwft/user_valid, design_1_i/xdma_0/inst/design_1_xdma_0_2_pcie2_to_pcie3_wrapper_i/design_1_xdma_0_2_axi_stream_intf_i/design_1_xdma_0_2_rx_demux_i/tgt_brdg_fifo_inst/U0/inst_fifo_gen/gaxis_fifo.gaxisf.axisf/grf.rf/rstblk/wr_rst_reg[0], design_1_i/xdma_0/inst/design_1_xdma_0_2_pcie2_to_pcie3_wrapper_i/design_1_xdma_0_2_axi_stream_intf_i/design_1_xdma_0_2_rx_demux_i/dma_cpl_fifo_inst/U0/inst_fifo_gen/gaxis_fifo.gaxisf.axisf/grf.rf/rstblk/wr_rst_reg[0]... and (the first 15 of 17 listed).
INFO: [Vivado 12-3199] DRC finished with 0 Errors, 27 Warnings
INFO: [Vivado 12-3200] Please refer to the DRC report (report_drc) for more information.
INFO: [Designutils 20-2272] Running write_bitstream with 8 threads.
Loading data files...
Loading site data...
Loading route data...
Processing options...
Creating bitmap...
Creating bitstream...
Bitstream compression saved 87760128 bits.
Writing bitstream ./design_1_wrapper.bit...
INFO: [Vivado 12-1842] Bitgen Completed Successfully.
INFO: [Project 1-118] WebTalk data collection is enabled (User setting is ON. Install Setting is ON.).
INFO: [Common 17-83] Releasing license: Implementation
649 Infos, 66 Warnings, 0 Critical Warnings and 0 Errors encountered.
write_bitstream completed successfully
write_bitstream: Time (s): cpu = 00:00:49 ; elapsed = 00:00:33 . Memory (MB): peak = 5280.246 ; gain = 31.316 ; free physical = 15542 ; free virtual = 29971
INFO: [Common 17-206] Exiting Vivado at Thu Sep 24 11:03:33 2026...
